file_path,line_no,function_name,return_type,parameter_types,full_signature
deviceinfo.h,113,OH_GetAbiList,const char *,void,const char * OH_GetAbiList(void)
deviceinfo.h,106,OH_GetBootloaderVersion,const char *,void,const char * OH_GetBootloaderVersion(void)
deviceinfo.h,64,OH_GetBrand,const char *,void,const char * OH_GetBrand(void)
deviceinfo.h,193,OH_GetBuildHost,const char *,void,const char * OH_GetBuildHost(void)
deviceinfo.h,207,OH_GetBuildRootHash,const char *,void,const char * OH_GetBuildRootHash(void)
deviceinfo.h,200,OH_GetBuildTime,const char *,void,const char * OH_GetBuildTime(void)
deviceinfo.h,179,OH_GetBuildType,const char *,void,const char * OH_GetBuildType(void)
deviceinfo.h,186,OH_GetBuildUser,const char *,void,const char * OH_GetBuildUser(void)
deviceinfo.h,50,OH_GetDeviceType,const char *,void,const char * OH_GetDeviceType(void)
deviceinfo.h,127,OH_GetDisplayVersion,const char *,void,const char * OH_GetDisplayVersion(void)
deviceinfo.h,233,OH_GetDistributionOSApiVersion,int,void,int OH_GetDistributionOSApiVersion(void)
deviceinfo.h,217,OH_GetDistributionOSName,const char *,void,const char * OH_GetDistributionOSName(void)
deviceinfo.h,241,OH_GetDistributionOSReleaseType,const char *,void,const char * OH_GetDistributionOSReleaseType(void)
deviceinfo.h,225,OH_GetDistributionOSVersion,const char *,void,const char * OH_GetDistributionOSVersion(void)
deviceinfo.h,165,OH_GetFirstApiVersion,int,void,int OH_GetFirstApiVersion(void)
deviceinfo.h,99,OH_GetHardwareModel,const char *,void,const char * OH_GetHardwareModel(void)
deviceinfo.h,134,OH_GetIncrementalVersion,const char *,void,const char * OH_GetIncrementalVersion(void)
deviceinfo.h,57,OH_GetManufacture,const char *,void,const char * OH_GetManufacture(void)
deviceinfo.h,71,OH_GetMarketName,const char *,void,const char * OH_GetMarketName(void)
deviceinfo.h,151,OH_GetOSFullName,const char *,void,const char * OH_GetOSFullName(void)
deviceinfo.h,144,OH_GetOsReleaseType,const char *,void,const char * OH_GetOsReleaseType(void)
deviceinfo.h,85,OH_GetProductModel,const char *,void,const char * OH_GetProductModel(void)
deviceinfo.h,78,OH_GetProductSeries,const char *,void,const char * OH_GetProductSeries(void)
deviceinfo.h,158,OH_GetSdkApiVersion,int,void,int OH_GetSdkApiVersion(void)
deviceinfo.h,120,OH_GetSecurityPatchTag,const char *,void,const char * OH_GetSecurityPatchTag(void)
deviceinfo.h,92,OH_GetSoftwareModel,const char *,void,const char * OH_GetSoftwareModel(void)
deviceinfo.h,172,OH_GetVersionId,const char *,void,const char * OH_GetVersionId(void)
syscap_ndk.h,45,canIUse,bool,const char * cap,bool canIUse(const char *)
AbilityKit/native_child_process.h,173,OH_Ability_CreateNativeChildProcess,int,"const char * libName,OH_Ability_OnNativeChildProcessStarted onProcessStarted","int OH_Ability_CreateNativeChildProcess(const char *,OH_Ability_OnNativeChildProcessStarted)"
AbilityKit/native_child_process.h,278,OH_Ability_StartNativeChildProcess,Ability_NativeChildProcess_ErrCode,"const char * entry,NativeChildProcess_Args args,NativeChildProcess_Options options,int32_t * pid","Ability_NativeChildProcess_ErrCode OH_Ability_StartNativeChildProcess(const char *,NativeChildProcess_Args,NativeChildProcess_Options,int32_t *)"
AbilityKit/ability_base/want.h,149,OH_AbilityBase_AddWantFd,AbilityBase_ErrorCode,"AbilityBase_Want * want,const char * key,int32_t fd","AbilityBase_ErrorCode OH_AbilityBase_AddWantFd(AbilityBase_Want *,const char *,int32_t)"
AbilityKit/ability_base/want.h,73,OH_AbilityBase_CreateWant,AbilityBase_Want *,AbilityBase_Element element,AbilityBase_Want * OH_AbilityBase_CreateWant(AbilityBase_Element)
AbilityKit/ability_base/want.h,84,OH_AbilityBase_DestroyWant,AbilityBase_ErrorCode,AbilityBase_Want * want,AbilityBase_ErrorCode OH_AbilityBase_DestroyWant(AbilityBase_Want *)
AbilityKit/ability_base/want.h,135,OH_AbilityBase_GetWantCharParam,AbilityBase_ErrorCode,"AbilityBase_Want * want,const char * key,char * value,size_t valueSize","AbilityBase_ErrorCode OH_AbilityBase_GetWantCharParam(AbilityBase_Want *,const char *,char *,size_t)"
AbilityKit/ability_base/want.h,108,OH_AbilityBase_GetWantElement,AbilityBase_ErrorCode,"AbilityBase_Want * want,AbilityBase_Element * element","AbilityBase_ErrorCode OH_AbilityBase_GetWantElement(AbilityBase_Want *,AbilityBase_Element *)"
AbilityKit/ability_base/want.h,162,OH_AbilityBase_GetWantFd,AbilityBase_ErrorCode,"AbilityBase_Want * want,const char * key,int32_t * fd","AbilityBase_ErrorCode OH_AbilityBase_GetWantFd(AbilityBase_Want *,const char *,int32_t *)"
AbilityKit/ability_base/want.h,121,OH_AbilityBase_SetWantCharParam,AbilityBase_ErrorCode,"AbilityBase_Want * want,const char * key,const char * value","AbilityBase_ErrorCode OH_AbilityBase_SetWantCharParam(AbilityBase_Want *,const char *,const char *)"
AbilityKit/ability_base/want.h,96,OH_AbilityBase_SetWantElement,AbilityBase_ErrorCode,"AbilityBase_Want * want,AbilityBase_Element element","AbilityBase_ErrorCode OH_AbilityBase_SetWantElement(AbilityBase_Want *,AbilityBase_Element)"
AbilityKit/ability_runtime/application_context.h,77,OH_AbilityRuntime_ApplicationContextGetAreaMode,AbilityRuntime_ErrorCode,AbilityRuntime_AreaMode * areaMode,AbilityRuntime_ErrorCode OH_AbilityRuntime_ApplicationContextGetAreaMode(AbilityRuntime_AreaMode *)
AbilityKit/ability_runtime/application_context.h,202,OH_AbilityRuntime_ApplicationContextGetBundleCodeDir,AbilityRuntime_ErrorCode,"char * buffer,const int32_t bufferSize,int32_t * writeLength","AbilityRuntime_ErrorCode OH_AbilityRuntime_ApplicationContextGetBundleCodeDir(char *,const int32_t,int32_t *)"
AbilityKit/ability_runtime/application_context.h,93,OH_AbilityRuntime_ApplicationContextGetBundleName,AbilityRuntime_ErrorCode,"char * buffer,int32_t bufferSize,int32_t * writeLength","AbilityRuntime_ErrorCode OH_AbilityRuntime_ApplicationContextGetBundleName(char *,int32_t,int32_t *)"
AbilityKit/ability_runtime/application_context.h,64,OH_AbilityRuntime_ApplicationContextGetCacheDir,AbilityRuntime_ErrorCode,"char * buffer,int32_t bufferSize,int32_t * writeLength","AbilityRuntime_ErrorCode OH_AbilityRuntime_ApplicationContextGetCacheDir(char *,int32_t,int32_t *)"
AbilityKit/ability_runtime/application_context.h,236,OH_AbilityRuntime_ApplicationContextGetCloudFileDir,AbilityRuntime_ErrorCode,"char * buffer,const int32_t bufferSize,int32_t * writeLength","AbilityRuntime_ErrorCode OH_AbilityRuntime_ApplicationContextGetCloudFileDir(char *,const int32_t,int32_t *)"
AbilityKit/ability_runtime/application_context.h,168,OH_AbilityRuntime_ApplicationContextGetDatabaseDir,AbilityRuntime_ErrorCode,"char * buffer,const int32_t bufferSize,int32_t * writeLength","AbilityRuntime_ErrorCode OH_AbilityRuntime_ApplicationContextGetDatabaseDir(char *,const int32_t,int32_t *)"
AbilityKit/ability_runtime/application_context.h,219,OH_AbilityRuntime_ApplicationContextGetDistributedFilesDir,AbilityRuntime_ErrorCode,"char * buffer,const int32_t bufferSize,int32_t * writeLength","AbilityRuntime_ErrorCode OH_AbilityRuntime_ApplicationContextGetDistributedFilesDir(char *,const int32_t,int32_t *)"
AbilityKit/ability_runtime/application_context.h,151,OH_AbilityRuntime_ApplicationContextGetFilesDir,AbilityRuntime_ErrorCode,"char * buffer,const int32_t bufferSize,int32_t * writeLength","AbilityRuntime_ErrorCode OH_AbilityRuntime_ApplicationContextGetFilesDir(char *,const int32_t,int32_t *)"
AbilityKit/ability_runtime/application_context.h,185,OH_AbilityRuntime_ApplicationContextGetPreferencesDir,AbilityRuntime_ErrorCode,"char * buffer,const int32_t bufferSize,int32_t * writeLength","AbilityRuntime_ErrorCode OH_AbilityRuntime_ApplicationContextGetPreferencesDir(char *,const int32_t,int32_t *)"
AbilityKit/ability_runtime/application_context.h,134,OH_AbilityRuntime_ApplicationContextGetTempDir,AbilityRuntime_ErrorCode,"char * buffer,const int32_t bufferSize,int32_t * writeLength","AbilityRuntime_ErrorCode OH_AbilityRuntime_ApplicationContextGetTempDir(char *,const int32_t,int32_t *)"
AbilityKit/ability_runtime/application_context.h,118,OH_AbilityRuntime_StartSelfUIAbility,AbilityRuntime_ErrorCode,AbilityBase_Want * want,AbilityRuntime_ErrorCode OH_AbilityRuntime_StartSelfUIAbility(AbilityBase_Want *)
BasicServicesKit/oh_commonevent.h,118,OH_CommonEvent_CreateSubscribeInfo,CommonEvent_SubscribeInfo *,"const char * events[],int32_t eventsNum","CommonEvent_SubscribeInfo * OH_CommonEvent_CreateSubscribeInfo(const char * events[],int32_t)"
BasicServicesKit/oh_commonevent.h,160,OH_CommonEvent_CreateSubscriber,CommonEvent_Subscriber *,"const CommonEvent_SubscribeInfo * info,CommonEvent_ReceiveCallback callback","CommonEvent_Subscriber * OH_CommonEvent_CreateSubscriber(const CommonEvent_SubscribeInfo *,CommonEvent_ReceiveCallback)"
BasicServicesKit/oh_commonevent.h,150,OH_CommonEvent_DestroySubscribeInfo,void,CommonEvent_SubscribeInfo * info,void OH_CommonEvent_DestroySubscribeInfo(CommonEvent_SubscribeInfo *)
BasicServicesKit/oh_commonevent.h,169,OH_CommonEvent_DestroySubscriber,void,CommonEvent_Subscriber * subscriber,void OH_CommonEvent_DestroySubscriber(CommonEvent_Subscriber *)
BasicServicesKit/oh_commonevent.h,318,OH_CommonEvent_GetBoolArrayFromParameters,int32_t,"const CommonEvent_Parameters * para,const char * key,bool ** array","int32_t OH_CommonEvent_GetBoolArrayFromParameters(const CommonEvent_Parameters *,const char *,bool **)"
BasicServicesKit/oh_commonevent.h,307,OH_CommonEvent_GetBoolFromParameters,bool,"const CommonEvent_Parameters * para,const char * key,const bool defaultValue","bool OH_CommonEvent_GetBoolFromParameters(const CommonEvent_Parameters *,const char *,const bool)"
BasicServicesKit/oh_commonevent.h,233,OH_CommonEvent_GetBundleNameFromRcvData,const char *,const CommonEvent_RcvData * rcvData,const char * OH_CommonEvent_GetBundleNameFromRcvData(const CommonEvent_RcvData *)
BasicServicesKit/oh_commonevent.h,340,OH_CommonEvent_GetCharArrayFromParameters,int32_t,"const CommonEvent_Parameters * para,const char * key,char ** array","int32_t OH_CommonEvent_GetCharArrayFromParameters(const CommonEvent_Parameters *,const char *,char **)"
BasicServicesKit/oh_commonevent.h,329,OH_CommonEvent_GetCharFromParameters,char,"const CommonEvent_Parameters * para,const char * key,const char defaultValue","char OH_CommonEvent_GetCharFromParameters(const CommonEvent_Parameters *,const char *,const char)"
BasicServicesKit/oh_commonevent.h,215,OH_CommonEvent_GetCodeFromRcvData,int32_t,const CommonEvent_RcvData * rcvData,int32_t OH_CommonEvent_GetCodeFromRcvData(const CommonEvent_RcvData *)
BasicServicesKit/oh_commonevent.h,224,OH_CommonEvent_GetDataStrFromRcvData,const char *,const CommonEvent_RcvData * rcvData,const char * OH_CommonEvent_GetDataStrFromRcvData(const CommonEvent_RcvData *)
BasicServicesKit/oh_commonevent.h,363,OH_CommonEvent_GetDoubleArrayFromParameters,int32_t,"const CommonEvent_Parameters * para,const char * key,double ** array","int32_t OH_CommonEvent_GetDoubleArrayFromParameters(const CommonEvent_Parameters *,const char *,double **)"
BasicServicesKit/oh_commonevent.h,351,OH_CommonEvent_GetDoubleFromParameters,double,"const CommonEvent_Parameters * para,const char * key,const double defaultValue","double OH_CommonEvent_GetDoubleFromParameters(const CommonEvent_Parameters *,const char *,const double)"
BasicServicesKit/oh_commonevent.h,206,OH_CommonEvent_GetEventFromRcvData,const char *,const CommonEvent_RcvData * rcvData,const char * OH_CommonEvent_GetEventFromRcvData(const CommonEvent_RcvData *)
BasicServicesKit/oh_commonevent.h,274,OH_CommonEvent_GetIntArrayFromParameters,int32_t,"const CommonEvent_Parameters * para,const char * key,int ** array","int32_t OH_CommonEvent_GetIntArrayFromParameters(const CommonEvent_Parameters *,const char *,int **)"
BasicServicesKit/oh_commonevent.h,263,OH_CommonEvent_GetIntFromParameters,int,"const CommonEvent_Parameters * para,const char * key,const int defaultValue","int OH_CommonEvent_GetIntFromParameters(const CommonEvent_Parameters *,const char *,const int)"
BasicServicesKit/oh_commonevent.h,296,OH_CommonEvent_GetLongArrayFromParameters,int32_t,"const CommonEvent_Parameters * para,const char * key,long ** array","int32_t OH_CommonEvent_GetLongArrayFromParameters(const CommonEvent_Parameters *,const char *,long **)"
BasicServicesKit/oh_commonevent.h,285,OH_CommonEvent_GetLongFromParameters,long,"const CommonEvent_Parameters * para,const char * key,const long defaultValue","long OH_CommonEvent_GetLongFromParameters(const CommonEvent_Parameters *,const char *,const long)"
BasicServicesKit/oh_commonevent.h,242,OH_CommonEvent_GetParametersFromRcvData,const CommonEvent_Parameters *,const CommonEvent_RcvData * rcvData,const CommonEvent_Parameters * OH_CommonEvent_GetParametersFromRcvData(const CommonEvent_RcvData *)
BasicServicesKit/oh_commonevent.h,252,OH_CommonEvent_HasKeyInParameters,bool,"const CommonEvent_Parameters * para,const char * key","bool OH_CommonEvent_HasKeyInParameters(const CommonEvent_Parameters *,const char *)"
BasicServicesKit/oh_commonevent.h,142,OH_CommonEvent_SetPublisherBundleName,CommonEvent_ErrCode,"CommonEvent_SubscribeInfo * info,const char * bundleName","CommonEvent_ErrCode OH_CommonEvent_SetPublisherBundleName(CommonEvent_SubscribeInfo *,const char *)"
BasicServicesKit/oh_commonevent.h,130,OH_CommonEvent_SetPublisherPermission,CommonEvent_ErrCode,"CommonEvent_SubscribeInfo * info,const char * permission","CommonEvent_ErrCode OH_CommonEvent_SetPublisherPermission(CommonEvent_SubscribeInfo *,const char *)"
BasicServicesKit/oh_commonevent.h,184,OH_CommonEvent_Subscribe,CommonEvent_ErrCode,const CommonEvent_Subscriber * subscriber,CommonEvent_ErrCode OH_CommonEvent_Subscribe(const CommonEvent_Subscriber *)
BasicServicesKit/oh_commonevent.h,197,OH_CommonEvent_UnSubscribe,CommonEvent_ErrCode,const CommonEvent_Subscriber * subscriber,CommonEvent_ErrCode OH_CommonEvent_UnSubscribe(const CommonEvent_Subscriber *)
BasicServicesKit/ohbattery_info.h,106,OH_BatteryInfo_GetCapacity,int32_t,void,int32_t OH_BatteryInfo_GetCapacity(void)
BasicServicesKit/ohbattery_info.h,119,OH_BatteryInfo_GetPluggedType,BatteryInfo_BatteryPluggedType,void,BatteryInfo_BatteryPluggedType OH_BatteryInfo_GetPluggedType(void)
BasicServicesKit/ohprint.h,620,OH_Print_ConnectPrinter,Print_ErrorCode,const char * printerId,Print_ErrorCode OH_Print_ConnectPrinter(const char *)
BasicServicesKit/ohprint.h,567,OH_Print_Init,Print_ErrorCode,void,Print_ErrorCode OH_Print_Init(void)
BasicServicesKit/ohprint.h,717,OH_Print_LaunchPrinterManager,Print_ErrorCode,void,Print_ErrorCode OH_Print_LaunchPrinterManager(void)
BasicServicesKit/ohprint.h,698,OH_Print_QueryPrinterInfo,Print_ErrorCode,"const char * printerId,Print_PrinterInfo ** printerInfo","Print_ErrorCode OH_Print_QueryPrinterInfo(const char *,Print_PrinterInfo **)"
BasicServicesKit/ohprint.h,673,OH_Print_QueryPrinterList,Print_ErrorCode,Print_StringList * printerIdList,Print_ErrorCode OH_Print_QueryPrinterList(Print_StringList *)
BasicServicesKit/ohprint.h,734,OH_Print_QueryPrinterProperties,Print_ErrorCode,"const char * printerId,const Print_StringList * propertyKeyList,Print_PropertyList * propertyList","Print_ErrorCode OH_Print_QueryPrinterProperties(const char *,const Print_StringList *,Print_PropertyList *)"
BasicServicesKit/ohprint.h,649,OH_Print_RegisterPrinterChangeListener,Print_ErrorCode,Print_PrinterChangeCallback callback,Print_ErrorCode OH_Print_RegisterPrinterChangeListener(Print_PrinterChangeCallback)
BasicServicesKit/ohprint.h,578,OH_Print_Release,Print_ErrorCode,void,Print_ErrorCode OH_Print_Release(void)
BasicServicesKit/ohprint.h,707,OH_Print_ReleasePrinterInfo,void,Print_PrinterInfo * printerInfo,void OH_Print_ReleasePrinterInfo(Print_PrinterInfo *)
BasicServicesKit/ohprint.h,682,OH_Print_ReleasePrinterList,void,Print_StringList * printerIdList,void OH_Print_ReleasePrinterList(Print_StringList *)
BasicServicesKit/ohprint.h,744,OH_Print_ReleasePrinterProperties,void,Print_PropertyList * propertyList,void OH_Print_ReleasePrinterProperties(Print_PropertyList *)
BasicServicesKit/ohprint.h,772,OH_Print_RestorePrinterProperties,Print_ErrorCode,"const char * printerId,const Print_StringList * propertyKeyList","Print_ErrorCode OH_Print_RestorePrinterProperties(const char *,const Print_StringList *)"
BasicServicesKit/ohprint.h,787,OH_Print_StartPrintByNative,Print_ErrorCode,"const char * printJobName,Print_PrintDocCallback printDocCallback,void * context","Print_ErrorCode OH_Print_StartPrintByNative(const char *,Print_PrintDocCallback,void *)"
BasicServicesKit/ohprint.h,636,OH_Print_StartPrintJob,Print_ErrorCode,const Print_PrintJob * printJob,Print_ErrorCode OH_Print_StartPrintJob(const Print_PrintJob *)
BasicServicesKit/ohprint.h,593,OH_Print_StartPrinterDiscovery,Print_ErrorCode,Print_PrinterDiscoveryCallback callback,Print_ErrorCode OH_Print_StartPrinterDiscovery(Print_PrinterDiscoveryCallback)
BasicServicesKit/ohprint.h,605,OH_Print_StopPrinterDiscovery,Print_ErrorCode,void,Print_ErrorCode OH_Print_StopPrinterDiscovery(void)
BasicServicesKit/ohprint.h,658,OH_Print_UnregisterPrinterChangeListener,void,void,void OH_Print_UnregisterPrinterChangeListener(void)
BasicServicesKit/ohprint.h,758,OH_Print_UpdatePrinterProperties,Print_ErrorCode,"const char * printerId,const Print_PropertyList * propertyList","Print_ErrorCode OH_Print_UpdatePrinterProperties(const char *,const Print_PropertyList *)"
BasicServicesKit/ohscan.h,283,OH_Scan_CancelScan,int32_t,const char * scannerId,int32_t OH_Scan_CancelScan(const char *)
BasicServicesKit/ohscan.h,207,OH_Scan_CloseScanner,int32_t,const char * scannerId,int32_t OH_Scan_CloseScanner(const char *)
BasicServicesKit/ohscan.h,320,OH_Scan_Exit,int32_t,void,int32_t OH_Scan_Exit(void)
BasicServicesKit/ohscan.h,306,OH_Scan_GetPictureScanProgress,int32_t,"const char * scannerId,Scan_PictureScanProgress * prog","int32_t OH_Scan_GetPictureScanProgress(const char *,Scan_PictureScanProgress *)"
BasicServicesKit/ohscan.h,226,OH_Scan_GetScannerParameter,Scan_ScannerOptions *,"const char * scannerId,int32_t * errorCode","Scan_ScannerOptions * OH_Scan_GetScannerParameter(const char *,int32_t *)"
BasicServicesKit/ohscan.h,160,OH_Scan_Init,int32_t,void,int32_t OH_Scan_Init(void)
BasicServicesKit/ohscan.h,192,OH_Scan_OpenScanner,int32_t,const char * scannerId,int32_t OH_Scan_OpenScanner(const char *)
BasicServicesKit/ohscan.h,246,OH_Scan_SetScannerParameter,int32_t,"const char * scannerId,const int32_t option,const char * value","int32_t OH_Scan_SetScannerParameter(const char *,const int32_t,const char *)"
BasicServicesKit/ohscan.h,268,OH_Scan_StartScan,int32_t,"const char * scannerId,bool batchMode","int32_t OH_Scan_StartScan(const char *,bool)"
BasicServicesKit/ohscan.h,174,OH_Scan_StartScannerDiscovery,int32_t,Scan_ScannerDiscoveryCallback callback,int32_t OH_Scan_StartScannerDiscovery(Scan_ScannerDiscoveryCallback)
BasicServicesKit/os_account.h,56,OH_OsAccount_GetName,OsAccount_ErrCode,"char * buffer,size_t buffer_size","OsAccount_ErrCode OH_OsAccount_GetName(char *,size_t)"
BasicServicesKit/time_service.h,72,OH_TimeService_GetTimeZone,TimeService_ErrCode,"char * timeZone,uint32_t len","TimeService_ErrCode OH_TimeService_GetTimeZone(char *,uint32_t)"
ConnectivityKit/bluetooth/oh_bluetooth.h,90,OH_Bluetooth_GetBluetoothSwitchState,Bluetooth_ResultCode,Bluetooth_SwitchState * state,Bluetooth_ResultCode OH_Bluetooth_GetBluetoothSwitchState(Bluetooth_SwitchState *)
ConnectivityKit/wifi/oh_wifi.h,84,OH_Wifi_IsWifiEnabled,Wifi_ResultCode,bool * enabled,Wifi_ResultCode OH_Wifi_IsWifiEnabled(bool *)
CryptoArchitectureKit/crypto_asym_key.h,193,OH_CryptoAsymKeyGenerator_Convert,OH_Crypto_ErrCode,"OH_CryptoAsymKeyGenerator * ctx,Crypto_EncodingType type,Crypto_DataBlob * pubKeyData,Crypto_DataBlob * priKeyData,OH_CryptoKeyPair ** keyCtx","OH_Crypto_ErrCode OH_CryptoAsymKeyGenerator_Convert(OH_CryptoAsymKeyGenerator *,Crypto_EncodingType,Crypto_DataBlob *,Crypto_DataBlob *,OH_CryptoKeyPair **)"
CryptoArchitectureKit/crypto_asym_key.h,162,OH_CryptoAsymKeyGenerator_Create,OH_Crypto_ErrCode,"const char * algoName,OH_CryptoAsymKeyGenerator ** ctx","OH_Crypto_ErrCode OH_CryptoAsymKeyGenerator_Create(const char *,OH_CryptoAsymKeyGenerator **)"
CryptoArchitectureKit/crypto_asym_key.h,211,OH_CryptoAsymKeyGenerator_Destroy,void,OH_CryptoAsymKeyGenerator * ctx,void OH_CryptoAsymKeyGenerator_Destroy(OH_CryptoAsymKeyGenerator *)
CryptoArchitectureKit/crypto_asym_key.h,176,OH_CryptoAsymKeyGenerator_Generate,OH_Crypto_ErrCode,"OH_CryptoAsymKeyGenerator * ctx,OH_CryptoKeyPair ** keyCtx","OH_Crypto_ErrCode OH_CryptoAsymKeyGenerator_Generate(OH_CryptoAsymKeyGenerator *,OH_CryptoKeyPair **)"
CryptoArchitectureKit/crypto_asym_key.h,203,OH_CryptoAsymKeyGenerator_GetAlgoName,const char *,OH_CryptoAsymKeyGenerator * ctx,const char * OH_CryptoAsymKeyGenerator_GetAlgoName(OH_CryptoAsymKeyGenerator *)
CryptoArchitectureKit/crypto_asym_key.h,219,OH_CryptoKeyPair_Destroy,void,OH_CryptoKeyPair * keyCtx,void OH_CryptoKeyPair_Destroy(OH_CryptoKeyPair *)
CryptoArchitectureKit/crypto_asym_key.h,228,OH_CryptoKeyPair_GetPubKey,OH_CryptoPubKey *,OH_CryptoKeyPair * keyCtx,OH_CryptoPubKey * OH_CryptoKeyPair_GetPubKey(OH_CryptoKeyPair *)
CryptoArchitectureKit/crypto_asym_key.h,244,OH_CryptoPubKey_Encode,OH_Crypto_ErrCode,"OH_CryptoPubKey * key,Crypto_EncodingType type,const char * encodingStandard,Crypto_DataBlob * out","OH_Crypto_ErrCode OH_CryptoPubKey_Encode(OH_CryptoPubKey *,Crypto_EncodingType,const char *,Crypto_DataBlob *)"
CryptoArchitectureKit/crypto_asym_key.h,260,OH_CryptoPubKey_GetParam,OH_Crypto_ErrCode,"OH_CryptoPubKey * key,CryptoAsymKey_ParamType item,Crypto_DataBlob * value","OH_Crypto_ErrCode OH_CryptoPubKey_GetParam(OH_CryptoPubKey *,CryptoAsymKey_ParamType,Crypto_DataBlob *)"
CryptoArchitectureKit/crypto_common.h,94,OH_Crypto_FreeDataBlob,void,Crypto_DataBlob * dataBlob,void OH_Crypto_FreeDataBlob(Crypto_DataBlob *)
CryptoArchitectureKit/crypto_digest.h,64,OH_CryptoDigest_Create,OH_Crypto_ErrCode,"const char * algoName,OH_CryptoDigest ** ctx","OH_Crypto_ErrCode OH_CryptoDigest_Create(const char *,OH_CryptoDigest **)"
CryptoArchitectureKit/crypto_digest.h,94,OH_CryptoDigest_Final,OH_Crypto_ErrCode,"OH_CryptoDigest * ctx,Crypto_DataBlob * out","OH_Crypto_ErrCode OH_CryptoDigest_Final(OH_CryptoDigest *,Crypto_DataBlob *)"
CryptoArchitectureKit/crypto_digest.h,116,OH_CryptoDigest_GetAlgoName,const char *,OH_CryptoDigest * ctx,const char * OH_CryptoDigest_GetAlgoName(OH_CryptoDigest *)
CryptoArchitectureKit/crypto_digest.h,107,OH_CryptoDigest_GetLength,uint32_t,OH_CryptoDigest * ctx,uint32_t OH_CryptoDigest_GetLength(OH_CryptoDigest *)
CryptoArchitectureKit/crypto_digest.h,79,OH_CryptoDigest_Update,OH_Crypto_ErrCode,"OH_CryptoDigest * ctx,Crypto_DataBlob * in","OH_Crypto_ErrCode OH_CryptoDigest_Update(OH_CryptoDigest *,Crypto_DataBlob *)"
CryptoArchitectureKit/crypto_digest.h,129,OH_DigestCrypto_Destroy,void,OH_CryptoDigest * ctx,void OH_DigestCrypto_Destroy(OH_CryptoDigest *)
CryptoArchitectureKit/crypto_signature.h,86,OH_CryptoVerify_Create,OH_Crypto_ErrCode,"const char * algoName,OH_CryptoVerify ** verify","OH_Crypto_ErrCode OH_CryptoVerify_Create(const char *,OH_CryptoVerify **)"
CryptoArchitectureKit/crypto_signature.h,196,OH_CryptoVerify_Destroy,void,OH_CryptoVerify * ctx,void OH_CryptoVerify_Destroy(OH_CryptoVerify *)
CryptoArchitectureKit/crypto_signature.h,131,OH_CryptoVerify_Final,bool,"OH_CryptoVerify * ctx,Crypto_DataBlob * in,Crypto_DataBlob * signData","bool OH_CryptoVerify_Final(OH_CryptoVerify *,Crypto_DataBlob *,Crypto_DataBlob *)"
CryptoArchitectureKit/crypto_signature.h,156,OH_CryptoVerify_GetAlgoName,const char *,OH_CryptoVerify * ctx,const char * OH_CryptoVerify_GetAlgoName(OH_CryptoVerify *)
CryptoArchitectureKit/crypto_signature.h,187,OH_CryptoVerify_GetParam,OH_Crypto_ErrCode,"OH_CryptoVerify * ctx,CryptoSignature_ParamType type,Crypto_DataBlob * value","OH_Crypto_ErrCode OH_CryptoVerify_GetParam(OH_CryptoVerify *,CryptoSignature_ParamType,Crypto_DataBlob *)"
CryptoArchitectureKit/crypto_signature.h,102,OH_CryptoVerify_Init,OH_Crypto_ErrCode,"OH_CryptoVerify * ctx,OH_CryptoPubKey * pubKey","OH_Crypto_ErrCode OH_CryptoVerify_Init(OH_CryptoVerify *,OH_CryptoPubKey *)"
CryptoArchitectureKit/crypto_signature.h,146,OH_CryptoVerify_Recover,OH_Crypto_ErrCode,"OH_CryptoVerify * ctx,Crypto_DataBlob * signData,Crypto_DataBlob * rawSignData","OH_Crypto_ErrCode OH_CryptoVerify_Recover(OH_CryptoVerify *,Crypto_DataBlob *,Crypto_DataBlob *)"
CryptoArchitectureKit/crypto_signature.h,171,OH_CryptoVerify_SetParam,OH_Crypto_ErrCode,"OH_CryptoVerify * ctx,CryptoSignature_ParamType type,Crypto_DataBlob * value","OH_Crypto_ErrCode OH_CryptoVerify_SetParam(OH_CryptoVerify *,CryptoSignature_ParamType,Crypto_DataBlob *)"
CryptoArchitectureKit/crypto_signature.h,118,OH_CryptoVerify_Update,OH_Crypto_ErrCode,"OH_CryptoVerify * ctx,Crypto_DataBlob * in","OH_Crypto_ErrCode OH_CryptoVerify_Update(OH_CryptoVerify *,Crypto_DataBlob *)"
CryptoArchitectureKit/crypto_sym_cipher.h,86,OH_CryptoSymCipherParams_Create,OH_Crypto_ErrCode,OH_CryptoSymCipherParams ** params,OH_Crypto_ErrCode OH_CryptoSymCipherParams_Create(OH_CryptoSymCipherParams **)
CryptoArchitectureKit/crypto_sym_cipher.h,110,OH_CryptoSymCipherParams_Destroy,void,OH_CryptoSymCipherParams * params,void OH_CryptoSymCipherParams_Destroy(OH_CryptoSymCipherParams *)
CryptoArchitectureKit/crypto_sym_cipher.h,101,OH_CryptoSymCipherParams_SetParam,OH_Crypto_ErrCode,"OH_CryptoSymCipherParams * params,CryptoSymCipher_ParamsType paramsType,Crypto_DataBlob * value","OH_Crypto_ErrCode OH_CryptoSymCipherParams_SetParam(OH_CryptoSymCipherParams *,CryptoSymCipher_ParamsType,Crypto_DataBlob *)"
CryptoArchitectureKit/crypto_sym_cipher.h,125,OH_CryptoSymCipher_Create,OH_Crypto_ErrCode,"const char * algoName,OH_CryptoSymCipher ** ctx","OH_Crypto_ErrCode OH_CryptoSymCipher_Create(const char *,OH_CryptoSymCipher **)"
CryptoArchitectureKit/crypto_sym_cipher.h,195,OH_CryptoSymCipher_Destroy,void,OH_CryptoSymCipher * ctx,void OH_CryptoSymCipher_Destroy(OH_CryptoSymCipher *)
CryptoArchitectureKit/crypto_sym_cipher.h,178,OH_CryptoSymCipher_Final,OH_Crypto_ErrCode,"OH_CryptoSymCipher * ctx,Crypto_DataBlob * in,Crypto_DataBlob * out","OH_Crypto_ErrCode OH_CryptoSymCipher_Final(OH_CryptoSymCipher *,Crypto_DataBlob *,Crypto_DataBlob *)"
CryptoArchitectureKit/crypto_sym_cipher.h,187,OH_CryptoSymCipher_GetAlgoName,const char *,OH_CryptoSymCipher * ctx,const char * OH_CryptoSymCipher_GetAlgoName(OH_CryptoSymCipher *)
CryptoArchitectureKit/crypto_sym_cipher.h,143,OH_CryptoSymCipher_Init,OH_Crypto_ErrCode,"OH_CryptoSymCipher * ctx,Crypto_CipherMode mod,OH_CryptoSymKey * key,OH_CryptoSymCipherParams * params","OH_Crypto_ErrCode OH_CryptoSymCipher_Init(OH_CryptoSymCipher *,Crypto_CipherMode,OH_CryptoSymKey *,OH_CryptoSymCipherParams *)"
CryptoArchitectureKit/crypto_sym_cipher.h,161,OH_CryptoSymCipher_Update,OH_Crypto_ErrCode,"OH_CryptoSymCipher * ctx,Crypto_DataBlob * in,Crypto_DataBlob * out","OH_Crypto_ErrCode OH_CryptoSymCipher_Update(OH_CryptoSymCipher *,Crypto_DataBlob *,Crypto_DataBlob *)"
CryptoArchitectureKit/crypto_sym_key.h,100,OH_CryptoSymKeyGenerator_Convert,OH_Crypto_ErrCode,"OH_CryptoSymKeyGenerator * ctx,const Crypto_DataBlob * keyData,OH_CryptoSymKey ** keyCtx","OH_Crypto_ErrCode OH_CryptoSymKeyGenerator_Convert(OH_CryptoSymKeyGenerator *,const Crypto_DataBlob *,OH_CryptoSymKey **)"
CryptoArchitectureKit/crypto_sym_key.h,71,OH_CryptoSymKeyGenerator_Create,OH_Crypto_ErrCode,"const char * algoName,OH_CryptoSymKeyGenerator ** ctx","OH_Crypto_ErrCode OH_CryptoSymKeyGenerator_Create(const char *,OH_CryptoSymKeyGenerator **)"
CryptoArchitectureKit/crypto_sym_key.h,118,OH_CryptoSymKeyGenerator_Destroy,void,OH_CryptoSymKeyGenerator * ctx,void OH_CryptoSymKeyGenerator_Destroy(OH_CryptoSymKeyGenerator *)
CryptoArchitectureKit/crypto_sym_key.h,85,OH_CryptoSymKeyGenerator_Generate,OH_Crypto_ErrCode,"OH_CryptoSymKeyGenerator * ctx,OH_CryptoSymKey ** keyCtx","OH_Crypto_ErrCode OH_CryptoSymKeyGenerator_Generate(OH_CryptoSymKeyGenerator *,OH_CryptoSymKey **)"
CryptoArchitectureKit/crypto_sym_key.h,110,OH_CryptoSymKeyGenerator_GetAlgoName,const char *,OH_CryptoSymKeyGenerator * ctx,const char * OH_CryptoSymKeyGenerator_GetAlgoName(OH_CryptoSymKeyGenerator *)
CryptoArchitectureKit/crypto_sym_key.h,149,OH_CryptoSymKey_Destroy,void,OH_CryptoSymKey * keyCtx,void OH_CryptoSymKey_Destroy(OH_CryptoSymKey *)
CryptoArchitectureKit/crypto_sym_key.h,127,OH_CryptoSymKey_GetAlgoName,const char *,OH_CryptoSymKey * keyCtx,const char * OH_CryptoSymKey_GetAlgoName(OH_CryptoSymKey *)
CryptoArchitectureKit/crypto_sym_key.h,141,OH_CryptoSymKey_GetKeyData,OH_Crypto_ErrCode,"OH_CryptoSymKey * keyCtx,Crypto_DataBlob * out","OH_Crypto_ErrCode OH_CryptoSymKey_GetKeyData(OH_CryptoSymKey *,Crypto_DataBlob *)"
DataProtectionKit/dlp_permission_api.h,165,OH_DLP_CleanSandboxAppConfig,DLP_ErrCode,void,DLP_ErrCode OH_DLP_CleanSandboxAppConfig(void)
DataProtectionKit/dlp_permission_api.h,98,OH_DLP_GetDlpPermissionInfo,DLP_ErrCode,"DLP_FileAccess * dlpFileAccess,uint32_t * flags","DLP_ErrCode OH_DLP_GetDlpPermissionInfo(DLP_FileAccess *,uint32_t *)"
DataProtectionKit/dlp_permission_api.h,111,OH_DLP_GetOriginalFileName,DLP_ErrCode,"const char * fileName,char ** originalFileName","DLP_ErrCode OH_DLP_GetOriginalFileName(const char *,char **)"
DataProtectionKit/dlp_permission_api.h,152,OH_DLP_GetSandboxAppConfig,DLP_ErrCode,char ** configInfo,DLP_ErrCode OH_DLP_GetSandboxAppConfig(char **)
DataProtectionKit/dlp_permission_api.h,124,OH_DLP_IsInSandbox,DLP_ErrCode,bool * isInSandbox,DLP_ErrCode OH_DLP_IsInSandbox(bool *)
DataProtectionKit/dlp_permission_api.h,139,OH_DLP_SetSandboxAppConfig,DLP_ErrCode,const char * configInfo,DLP_ErrCode OH_DLP_SetSandboxAppConfig(const char *)
IPCKit/ipc_cparcel.h,493,OH_IPCParcel_Append,int,"OHIPCParcel * parcel,const OHIPCParcel * data","int OH_IPCParcel_Append(OHIPCParcel *,const OHIPCParcel *)"
IPCKit/ipc_cparcel.h,112,OH_IPCParcel_Create,OHIPCParcel *,void,OHIPCParcel * OH_IPCParcel_Create(void)
IPCKit/ipc_cparcel.h,121,OH_IPCParcel_Destroy,void,OHIPCParcel * parcel,void OH_IPCParcel_Destroy(OHIPCParcel *)
IPCKit/ipc_cparcel.h,132,OH_IPCParcel_GetDataSize,int,const OHIPCParcel * parcel,int OH_IPCParcel_GetDataSize(const OHIPCParcel *)
IPCKit/ipc_cparcel.h,165,OH_IPCParcel_GetReadPosition,int,const OHIPCParcel * parcel,int OH_IPCParcel_GetReadPosition(const OHIPCParcel *)
IPCKit/ipc_cparcel.h,154,OH_IPCParcel_GetReadableBytes,int,const OHIPCParcel * parcel,int OH_IPCParcel_GetReadableBytes(const OHIPCParcel *)
IPCKit/ipc_cparcel.h,143,OH_IPCParcel_GetWritableBytes,int,const OHIPCParcel * parcel,int OH_IPCParcel_GetWritableBytes(const OHIPCParcel *)
IPCKit/ipc_cparcel.h,176,OH_IPCParcel_GetWritePosition,int,const OHIPCParcel * parcel,int OH_IPCParcel_GetWritePosition(const OHIPCParcel *)
IPCKit/ipc_cparcel.h,406,OH_IPCParcel_ReadBuffer,const uint8_t *,"const OHIPCParcel * parcel,int32_t len","const uint8_t * OH_IPCParcel_ReadBuffer(const OHIPCParcel *,int32_t)"
IPCKit/ipc_cparcel.h,356,OH_IPCParcel_ReadDouble,int,"const OHIPCParcel * parcel,double * value","int OH_IPCParcel_ReadDouble(const OHIPCParcel *,double *)"
IPCKit/ipc_cparcel.h,480,OH_IPCParcel_ReadFileDescriptor,int,"const OHIPCParcel * parcel,int32_t * fd","int OH_IPCParcel_ReadFileDescriptor(const OHIPCParcel *,int32_t *)"
IPCKit/ipc_cparcel.h,330,OH_IPCParcel_ReadFloat,int,"const OHIPCParcel * parcel,float * value","int OH_IPCParcel_ReadFloat(const OHIPCParcel *,float *)"
IPCKit/ipc_cparcel.h,252,OH_IPCParcel_ReadInt16,int,"const OHIPCParcel * parcel,int16_t * value","int OH_IPCParcel_ReadInt16(const OHIPCParcel *,int16_t *)"
IPCKit/ipc_cparcel.h,278,OH_IPCParcel_ReadInt32,int,"const OHIPCParcel * parcel,int32_t * value","int OH_IPCParcel_ReadInt32(const OHIPCParcel *,int32_t *)"
IPCKit/ipc_cparcel.h,304,OH_IPCParcel_ReadInt64,int,"const OHIPCParcel * parcel,int64_t * value","int OH_IPCParcel_ReadInt64(const OHIPCParcel *,int64_t *)"
IPCKit/ipc_cparcel.h,226,OH_IPCParcel_ReadInt8,int,"const OHIPCParcel * parcel,int8_t * value","int OH_IPCParcel_ReadInt8(const OHIPCParcel *,int8_t *)"
IPCKit/ipc_cparcel.h,524,OH_IPCParcel_ReadInterfaceToken,int,"const OHIPCParcel * parcel,char ** token,int32_t * len,OH_IPC_MemAllocator allocator","int OH_IPCParcel_ReadInterfaceToken(const OHIPCParcel *,char **,int32_t *,OH_IPC_MemAllocator)"
IPCKit/ipc_cparcel.h,454,OH_IPCParcel_ReadRemoteProxy,OHIPCRemoteProxy *,const OHIPCParcel * parcel,OHIPCRemoteProxy * OH_IPCParcel_ReadRemoteProxy(const OHIPCParcel *)
IPCKit/ipc_cparcel.h,430,OH_IPCParcel_ReadRemoteStub,OHIPCRemoteStub *,const OHIPCParcel * parcel,OHIPCRemoteStub * OH_IPCParcel_ReadRemoteStub(const OHIPCParcel *)
IPCKit/ipc_cparcel.h,380,OH_IPCParcel_ReadString,const char *,const OHIPCParcel * parcel,const char * OH_IPCParcel_ReadString(const OHIPCParcel *)
IPCKit/ipc_cparcel.h,188,OH_IPCParcel_RewindReadPosition,int,"OHIPCParcel * parcel,uint32_t newReadPos","int OH_IPCParcel_RewindReadPosition(OHIPCParcel *,uint32_t)"
IPCKit/ipc_cparcel.h,200,OH_IPCParcel_RewindWritePosition,int,"OHIPCParcel * parcel,uint32_t newWritePos","int OH_IPCParcel_RewindWritePosition(OHIPCParcel *,uint32_t)"
IPCKit/ipc_cparcel.h,394,OH_IPCParcel_WriteBuffer,int,"OHIPCParcel * parcel,const uint8_t * buffer,int32_t len","int OH_IPCParcel_WriteBuffer(OHIPCParcel *,const uint8_t *,int32_t)"
IPCKit/ipc_cparcel.h,343,OH_IPCParcel_WriteDouble,int,"OHIPCParcel * parcel,double value","int OH_IPCParcel_WriteDouble(OHIPCParcel *,double)"
IPCKit/ipc_cparcel.h,467,OH_IPCParcel_WriteFileDescriptor,int,"OHIPCParcel * parcel,int32_t fd","int OH_IPCParcel_WriteFileDescriptor(OHIPCParcel *,int32_t)"
IPCKit/ipc_cparcel.h,317,OH_IPCParcel_WriteFloat,int,"OHIPCParcel * parcel,float value","int OH_IPCParcel_WriteFloat(OHIPCParcel *,float)"
IPCKit/ipc_cparcel.h,239,OH_IPCParcel_WriteInt16,int,"OHIPCParcel * parcel,int16_t value","int OH_IPCParcel_WriteInt16(OHIPCParcel *,int16_t)"
IPCKit/ipc_cparcel.h,265,OH_IPCParcel_WriteInt32,int,"OHIPCParcel * parcel,int32_t value","int OH_IPCParcel_WriteInt32(OHIPCParcel *,int32_t)"
IPCKit/ipc_cparcel.h,291,OH_IPCParcel_WriteInt64,int,"OHIPCParcel * parcel,int64_t value","int OH_IPCParcel_WriteInt64(OHIPCParcel *,int64_t)"
IPCKit/ipc_cparcel.h,213,OH_IPCParcel_WriteInt8,int,"OHIPCParcel * parcel,int8_t value","int OH_IPCParcel_WriteInt8(OHIPCParcel *,int8_t)"
IPCKit/ipc_cparcel.h,506,OH_IPCParcel_WriteInterfaceToken,int,"OHIPCParcel * parcel,const char * token","int OH_IPCParcel_WriteInterfaceToken(OHIPCParcel *,const char *)"
IPCKit/ipc_cparcel.h,443,OH_IPCParcel_WriteRemoteProxy,int,"OHIPCParcel * parcel,const OHIPCRemoteProxy * proxy","int OH_IPCParcel_WriteRemoteProxy(OHIPCParcel *,const OHIPCRemoteProxy *)"
IPCKit/ipc_cparcel.h,419,OH_IPCParcel_WriteRemoteStub,int,"OHIPCParcel * parcel,const OHIPCRemoteStub * stub","int OH_IPCParcel_WriteRemoteStub(OHIPCParcel *,const OHIPCRemoteStub *)"
IPCKit/ipc_cparcel.h,369,OH_IPCParcel_WriteString,int,"OHIPCParcel * parcel,const char * str","int OH_IPCParcel_WriteString(OHIPCParcel *,const char *)"
IPCKit/ipc_cremote_object.h,228,OH_IPCDeathRecipient_Create,OHIPCDeathRecipient *,"OH_OnDeathRecipientCallback deathRecipientCallback,OH_OnDeathRecipientDestroyCallback destroyCallback,void * userData","OHIPCDeathRecipient * OH_IPCDeathRecipient_Create(OH_OnDeathRecipientCallback,OH_OnDeathRecipientDestroyCallback,void *)"
IPCKit/ipc_cremote_object.h,238,OH_IPCDeathRecipient_Destroy,void,OHIPCDeathRecipient * recipient,void OH_IPCDeathRecipient_Destroy(OHIPCDeathRecipient *)
IPCKit/ipc_cremote_object.h,253,OH_IPCRemoteProxy_AddDeathRecipient,int,"OHIPCRemoteProxy * proxy,OHIPCDeathRecipient * recipient","int OH_IPCRemoteProxy_AddDeathRecipient(OHIPCRemoteProxy *,OHIPCDeathRecipient *)"
IPCKit/ipc_cremote_object.h,124,OH_IPCRemoteProxy_Destroy,void,OHIPCRemoteProxy * proxy,void OH_IPCRemoteProxy_Destroy(OHIPCRemoteProxy *)
IPCKit/ipc_cremote_object.h,194,OH_IPCRemoteProxy_GetInterfaceDescriptor,int,"OHIPCRemoteProxy * proxy,char ** descriptor,int32_t * len,OH_IPC_MemAllocator allocator","int OH_IPCRemoteProxy_GetInterfaceDescriptor(OHIPCRemoteProxy *,char **,int32_t *,OH_IPC_MemAllocator)"
IPCKit/ipc_cremote_object.h,280,OH_IPCRemoteProxy_IsRemoteDead,int,const OHIPCRemoteProxy * proxy,int OH_IPCRemoteProxy_IsRemoteDead(const OHIPCRemoteProxy *)
IPCKit/ipc_cremote_object.h,268,OH_IPCRemoteProxy_RemoveDeathRecipient,int,"OHIPCRemoteProxy * proxy,OHIPCDeathRecipient * recipient","int OH_IPCRemoteProxy_RemoveDeathRecipient(OHIPCRemoteProxy *,OHIPCDeathRecipient *)"
IPCKit/ipc_cremote_object.h,171,OH_IPCRemoteProxy_SendRequest,int,"const OHIPCRemoteProxy * proxy,uint32_t code,const OHIPCParcel * data,OHIPCParcel * reply,const OH_IPC_MessageOption * option","int OH_IPCRemoteProxy_SendRequest(const OHIPCRemoteProxy *,uint32_t,const OHIPCParcel *,OHIPCParcel *,const OH_IPC_MessageOption *)"
IPCKit/ipc_cremote_object.h,105,OH_IPCRemoteStub_Create,OHIPCRemoteStub *,"const char * descriptor,OH_OnRemoteRequestCallback requestCallback,OH_OnRemoteDestroyCallback destroyCallback,void * userData","OHIPCRemoteStub * OH_IPCRemoteStub_Create(const char *,OH_OnRemoteRequestCallback,OH_OnRemoteDestroyCallback,void *)"
IPCKit/ipc_cremote_object.h,115,OH_IPCRemoteStub_Destroy,void,OHIPCRemoteStub * stub,void OH_IPCRemoteStub_Destroy(OHIPCRemoteStub *)
IPCKit/ipc_cskeleton.h,102,OH_IPCSkeleton_GetCallingPid,uint64_t,void,uint64_t OH_IPCSkeleton_GetCallingPid(void)
IPCKit/ipc_cskeleton.h,74,OH_IPCSkeleton_GetCallingTokenId,uint64_t,void,uint64_t OH_IPCSkeleton_GetCallingTokenId(void)
IPCKit/ipc_cskeleton.h,112,OH_IPCSkeleton_GetCallingUid,uint64_t,void,uint64_t OH_IPCSkeleton_GetCallingUid(void)
IPCKit/ipc_cskeleton.h,83,OH_IPCSkeleton_GetFirstTokenId,uint64_t,void,uint64_t OH_IPCSkeleton_GetFirstTokenId(void)
IPCKit/ipc_cskeleton.h,92,OH_IPCSkeleton_GetSelfTokenId,uint64_t,void,uint64_t OH_IPCSkeleton_GetSelfTokenId(void)
IPCKit/ipc_cskeleton.h,174,OH_IPCSkeleton_IsHandlingTransaction,int,void,int OH_IPCSkeleton_IsHandlingTransaction(void)
IPCKit/ipc_cskeleton.h,121,OH_IPCSkeleton_IsLocalCalling,int,void,int OH_IPCSkeleton_IsLocalCalling(void)
IPCKit/ipc_cskeleton.h,56,OH_IPCSkeleton_JoinWorkThread,void,void,void OH_IPCSkeleton_JoinWorkThread(void)
IPCKit/ipc_cskeleton.h,152,OH_IPCSkeleton_ResetCallingIdentity,int,"char ** identity,int32_t * len,OH_IPC_MemAllocator allocator","int OH_IPCSkeleton_ResetCallingIdentity(char **,int32_t *,OH_IPC_MemAllocator)"
IPCKit/ipc_cskeleton.h,165,OH_IPCSkeleton_SetCallingIdentity,int,const char * identity,int OH_IPCSkeleton_SetCallingIdentity(const char *)
IPCKit/ipc_cskeleton.h,134,OH_IPCSkeleton_SetMaxWorkThreadNum,int,const int maxThreadNum,int OH_IPCSkeleton_SetMaxWorkThreadNum(const int)
IPCKit/ipc_cskeleton.h,64,OH_IPCSkeleton_StopWorkThread,void,void,void OH_IPCSkeleton_StopWorkThread(void)
LocationKit/oh_location.h,55,OH_Location_IsLocatingEnabled,Location_ResultCode,bool * enabled,Location_ResultCode OH_Location_IsLocatingEnabled(bool *)
LocationKit/oh_location.h,76,OH_Location_StartLocating,Location_ResultCode,const Location_RequestConfig * requestConfig,Location_ResultCode OH_Location_StartLocating(const Location_RequestConfig *)
LocationKit/oh_location.h,99,OH_Location_StopLocating,Location_ResultCode,const Location_RequestConfig * requestConfig,Location_ResultCode OH_Location_StopLocating(const Location_RequestConfig *)
LocationKit/oh_location_type.h,274,OH_LocationInfo_GetAdditionalInfo,Location_ResultCode,"Location_Info * location,char * additionalInfo,uint32_t length","Location_ResultCode OH_LocationInfo_GetAdditionalInfo(Location_Info *,char *,uint32_t)"
LocationKit/oh_location_type.h,254,OH_LocationInfo_GetBasicInfo,Location_BasicInfo,Location_Info * location,Location_BasicInfo OH_LocationInfo_GetBasicInfo(Location_Info *)
LocationKit/oh_location_type.h,370,OH_LocationRequestConfig_SetCallback,void,"Location_RequestConfig * requestConfig,Location_InfoCallback callback,void * userData","void OH_LocationRequestConfig_SetCallback(Location_RequestConfig *,Location_InfoCallback,void *)"
LocationKit/oh_location_type.h,356,OH_LocationRequestConfig_SetInterval,void,"Location_RequestConfig * requestConfig,int interval","void OH_LocationRequestConfig_SetInterval(Location_RequestConfig *,int)"
LocationKit/oh_location_type.h,344,OH_LocationRequestConfig_SetPowerConsumptionScene,void,"Location_RequestConfig * requestConfig,Location_PowerConsumptionScene powerConsumptionScene","void OH_LocationRequestConfig_SetPowerConsumptionScene(Location_RequestConfig *,Location_PowerConsumptionScene)"
LocationKit/oh_location_type.h,331,OH_LocationRequestConfig_SetUseScene,void,"Location_RequestConfig * requestConfig,Location_UseScene useScene","void OH_LocationRequestConfig_SetUseScene(Location_RequestConfig *,Location_UseScene)"
LocationKit/oh_location_type.h,304,OH_Location_CreateRequestConfig,Location_RequestConfig *,void,Location_RequestConfig * OH_Location_CreateRequestConfig(void)
LocationKit/oh_location_type.h,313,OH_Location_DestroyRequestConfig,void,Location_RequestConfig * requestConfig,void OH_Location_DestroyRequestConfig(Location_RequestConfig *)
NotificationKit/notification.h,52,OH_Notification_IsNotificationEnabled,bool,void,bool OH_Notification_IsNotificationEnabled(void)
accesstoken/ability_access_control.h,54,OH_AT_CheckSelfPermission,bool,const char * permission,bool OH_AT_CheckSelfPermission(const char *)
ace/xcomponent/native_interface_xcomponent.h,712,OH_NativeXComponent_AttachNativeRootNode,int32_t,"OH_NativeXComponent * component,ArkUI_NodeHandle root","int32_t OH_NativeXComponent_AttachNativeRootNode(OH_NativeXComponent *,ArkUI_NodeHandle)"
ace/xcomponent/native_interface_xcomponent.h,725,OH_NativeXComponent_DetachNativeRootNode,int32_t,"OH_NativeXComponent * component,ArkUI_NodeHandle root","int32_t OH_NativeXComponent_DetachNativeRootNode(OH_NativeXComponent *,ArkUI_NodeHandle)"
ace/xcomponent/native_interface_xcomponent.h,524,OH_NativeXComponent_GetHistoricalPoints,int32_t,"OH_NativeXComponent * component,const void * window,int32_t * size,OH_NativeXComponent_HistoricalPoint ** historicalPoints","int32_t OH_NativeXComponent_GetHistoricalPoints(OH_NativeXComponent *,const void *,int32_t *,OH_NativeXComponent_HistoricalPoint **)"
ace/xcomponent/native_interface_xcomponent.h,608,OH_NativeXComponent_GetKeyEvent,int32_t,"OH_NativeXComponent * component,OH_NativeXComponent_KeyEvent ** keyEvent","int32_t OH_NativeXComponent_GetKeyEvent(OH_NativeXComponent *,OH_NativeXComponent_KeyEvent **)"
ace/xcomponent/native_interface_xcomponent.h,619,OH_NativeXComponent_GetKeyEventAction,int32_t,"OH_NativeXComponent_KeyEvent * keyEvent,OH_NativeXComponent_KeyAction * action","int32_t OH_NativeXComponent_GetKeyEventAction(OH_NativeXComponent_KeyEvent *,OH_NativeXComponent_KeyAction *)"
ace/xcomponent/native_interface_xcomponent.h,631,OH_NativeXComponent_GetKeyEventCode,int32_t,"OH_NativeXComponent_KeyEvent * keyEvent,OH_NativeXComponent_KeyCode * code","int32_t OH_NativeXComponent_GetKeyEventCode(OH_NativeXComponent_KeyEvent *,OH_NativeXComponent_KeyCode *)"
ace/xcomponent/native_interface_xcomponent.h,654,OH_NativeXComponent_GetKeyEventDeviceId,int32_t,"OH_NativeXComponent_KeyEvent * keyEvent,int64_t * deviceId","int32_t OH_NativeXComponent_GetKeyEventDeviceId(OH_NativeXComponent_KeyEvent *,int64_t *)"
ace/xcomponent/native_interface_xcomponent.h,642,OH_NativeXComponent_GetKeyEventSourceType,int32_t,"OH_NativeXComponent_KeyEvent * keyEvent,OH_NativeXComponent_EventSourceType * sourceType","int32_t OH_NativeXComponent_GetKeyEventSourceType(OH_NativeXComponent_KeyEvent *,OH_NativeXComponent_EventSourceType *)"
ace/xcomponent/native_interface_xcomponent.h,665,OH_NativeXComponent_GetKeyEventTimestamp,int32_t,"OH_NativeXComponent_KeyEvent * keyEvent,int64_t * timestamp","int32_t OH_NativeXComponent_GetKeyEventTimestamp(OH_NativeXComponent_KeyEvent *,int64_t *)"
ace/xcomponent/native_interface_xcomponent.h,537,OH_NativeXComponent_GetMouseEvent,int32_t,"OH_NativeXComponent * component,const void * window,OH_NativeXComponent_MouseEvent * mouseEvent","int32_t OH_NativeXComponent_GetMouseEvent(OH_NativeXComponent *,const void *,OH_NativeXComponent_MouseEvent *)"
ace/xcomponent/native_interface_xcomponent.h,830,OH_NativeXComponent_GetNativeAccessibilityProvider,int32_t,"OH_NativeXComponent * component,ArkUI_AccessibilityProvider ** handle","int32_t OH_NativeXComponent_GetNativeAccessibilityProvider(OH_NativeXComponent *,ArkUI_AccessibilityProvider **)"
ace/xcomponent/native_interface_xcomponent.h,818,OH_NativeXComponent_GetNativeXComponent,OH_NativeXComponent *,ArkUI_NodeHandle node,OH_NativeXComponent * OH_NativeXComponent_GetNativeXComponent(ArkUI_NodeHandle)
ace/xcomponent/native_interface_xcomponent.h,406,OH_NativeXComponent_GetTouchEvent,int32_t,"OH_NativeXComponent * component,const void * window,OH_NativeXComponent_TouchEvent * touchEvent","int32_t OH_NativeXComponent_GetTouchEvent(OH_NativeXComponent *,const void *,OH_NativeXComponent_TouchEvent *)"
ace/xcomponent/native_interface_xcomponent.h,806,OH_NativeXComponent_GetTouchEventSourceType,int32_t,"OH_NativeXComponent * component,int32_t pointId,OH_NativeXComponent_EventSourceType * sourceType","int32_t OH_NativeXComponent_GetTouchEventSourceType(OH_NativeXComponent *,int32_t,OH_NativeXComponent_EventSourceType *)"
ace/xcomponent/native_interface_xcomponent.h,495,OH_NativeXComponent_GetTouchPointDisplayX,int32_t,"OH_NativeXComponent * component,uint32_t pointIndex,float * displayX","int32_t OH_NativeXComponent_GetTouchPointDisplayX(OH_NativeXComponent *,uint32_t,float *)"
ace/xcomponent/native_interface_xcomponent.h,512,OH_NativeXComponent_GetTouchPointDisplayY,int32_t,"OH_NativeXComponent * component,uint32_t pointIndex,float * displayY","int32_t OH_NativeXComponent_GetTouchPointDisplayY(OH_NativeXComponent *,uint32_t,float *)"
ace/xcomponent/native_interface_xcomponent.h,432,OH_NativeXComponent_GetTouchPointTiltX,int32_t,"OH_NativeXComponent * component,uint32_t pointIndex,float * tiltX","int32_t OH_NativeXComponent_GetTouchPointTiltX(OH_NativeXComponent *,uint32_t,float *)"
ace/xcomponent/native_interface_xcomponent.h,444,OH_NativeXComponent_GetTouchPointTiltY,int32_t,"OH_NativeXComponent * component,uint32_t pointIndex,float * tiltY","int32_t OH_NativeXComponent_GetTouchPointTiltY(OH_NativeXComponent *,uint32_t,float *)"
ace/xcomponent/native_interface_xcomponent.h,419,OH_NativeXComponent_GetTouchPointToolType,int32_t,"OH_NativeXComponent * component,uint32_t pointIndex,OH_NativeXComponent_TouchPointToolType * toolType","int32_t OH_NativeXComponent_GetTouchPointToolType(OH_NativeXComponent *,uint32_t,OH_NativeXComponent_TouchPointToolType *)"
ace/xcomponent/native_interface_xcomponent.h,461,OH_NativeXComponent_GetTouchPointWindowX,int32_t,"OH_NativeXComponent * component,uint32_t pointIndex,float * windowX","int32_t OH_NativeXComponent_GetTouchPointWindowX(OH_NativeXComponent *,uint32_t,float *)"
ace/xcomponent/native_interface_xcomponent.h,478,OH_NativeXComponent_GetTouchPointWindowY,int32_t,"OH_NativeXComponent * component,uint32_t pointIndex,float * windowY","int32_t OH_NativeXComponent_GetTouchPointWindowY(OH_NativeXComponent *,uint32_t,float *)"
ace/xcomponent/native_interface_xcomponent.h,366,OH_NativeXComponent_GetXComponentId,int32_t,"OH_NativeXComponent * component,char * id,uint64_t * size","int32_t OH_NativeXComponent_GetXComponentId(OH_NativeXComponent *,char *,uint64_t *)"
ace/xcomponent/native_interface_xcomponent.h,393,OH_NativeXComponent_GetXComponentOffset,int32_t,"OH_NativeXComponent * component,const void * window,double * x,double * y","int32_t OH_NativeXComponent_GetXComponentOffset(OH_NativeXComponent *,const void *,double *,double *)"
ace/xcomponent/native_interface_xcomponent.h,379,OH_NativeXComponent_GetXComponentSize,int32_t,"OH_NativeXComponent * component,const void * window,uint64_t * width,uint64_t * height","int32_t OH_NativeXComponent_GetXComponentSize(OH_NativeXComponent *,const void *,uint64_t *,uint64_t *)"
ace/xcomponent/native_interface_xcomponent.h,596,OH_NativeXComponent_RegisterBlurEventCallback,int32_t,"OH_NativeXComponent * component,void (* callback)(OH_NativeXComponent * component,void * window)","int32_t OH_NativeXComponent_RegisterBlurEventCallback(OH_NativeXComponent *,void (* callback)(OH_NativeXComponent * component,void * window))"
ace/xcomponent/native_interface_xcomponent.h,549,OH_NativeXComponent_RegisterCallback,int32_t,"OH_NativeXComponent * component,OH_NativeXComponent_Callback * callback","int32_t OH_NativeXComponent_RegisterCallback(OH_NativeXComponent *,OH_NativeXComponent_Callback *)"
ace/xcomponent/native_interface_xcomponent.h,572,OH_NativeXComponent_RegisterFocusEventCallback,int32_t,"OH_NativeXComponent * component,void (* callback)(OH_NativeXComponent * component,void * window)","int32_t OH_NativeXComponent_RegisterFocusEventCallback(OH_NativeXComponent *,void (* callback)(OH_NativeXComponent * component,void * window))"
ace/xcomponent/native_interface_xcomponent.h,584,OH_NativeXComponent_RegisterKeyEventCallback,int32_t,"OH_NativeXComponent * component,void (* callback)(OH_NativeXComponent * component,void * window)","int32_t OH_NativeXComponent_RegisterKeyEventCallback(OH_NativeXComponent *,void (* callback)(OH_NativeXComponent * component,void * window))"
ace/xcomponent/native_interface_xcomponent.h,844,OH_NativeXComponent_RegisterKeyEventCallbackWithResult,int32_t,"OH_NativeXComponent * component,bool (* callback)(OH_NativeXComponent * component,void * window)","int32_t OH_NativeXComponent_RegisterKeyEventCallbackWithResult(OH_NativeXComponent *,bool (* callback)(OH_NativeXComponent * component,void * window))"
ace/xcomponent/native_interface_xcomponent.h,560,OH_NativeXComponent_RegisterMouseEventCallback,int32_t,"OH_NativeXComponent * component,OH_NativeXComponent_MouseEvent_Callback * callback","int32_t OH_NativeXComponent_RegisterMouseEventCallback(OH_NativeXComponent *,OH_NativeXComponent_MouseEvent_Callback *)"
ace/xcomponent/native_interface_xcomponent.h,688,OH_NativeXComponent_RegisterOnFrameCallback,int32_t,"OH_NativeXComponent * component,void (* callback)(OH_NativeXComponent * component,uint64_t timestamp,uint64_t targetTimestamp)","int32_t OH_NativeXComponent_RegisterOnFrameCallback(OH_NativeXComponent *,void (* callback)(OH_NativeXComponent * component,uint64_t timestamp,uint64_t targetTimestamp))"
ace/xcomponent/native_interface_xcomponent.h,791,OH_NativeXComponent_RegisterOnTouchInterceptCallback,int32_t,"OH_NativeXComponent * component,HitTestMode (* callback)(OH_NativeXComponent * component,ArkUI_UIInputEvent * event)","int32_t OH_NativeXComponent_RegisterOnTouchInterceptCallback(OH_NativeXComponent *,HitTestMode (* callback)(OH_NativeXComponent * component,ArkUI_UIInputEvent * event))"
ace/xcomponent/native_interface_xcomponent.h,748,OH_NativeXComponent_RegisterSurfaceHideCallback,int32_t,"OH_NativeXComponent * component,void (* callback)(OH_NativeXComponent * component,void * window)","int32_t OH_NativeXComponent_RegisterSurfaceHideCallback(OH_NativeXComponent *,void (* callback)(OH_NativeXComponent * component,void * window))"
ace/xcomponent/native_interface_xcomponent.h,736,OH_NativeXComponent_RegisterSurfaceShowCallback,int32_t,"OH_NativeXComponent * component,void (* callback)(OH_NativeXComponent * component,void * window)","int32_t OH_NativeXComponent_RegisterSurfaceShowCallback(OH_NativeXComponent *,void (* callback)(OH_NativeXComponent * component,void * window))"
ace/xcomponent/native_interface_xcomponent.h,763,OH_NativeXComponent_RegisterUIInputEventCallback,int32_t,"OH_NativeXComponent * component,void (* callback)(OH_NativeXComponent * component,ArkUI_UIInputEvent * event,ArkUI_UIInputEvent_Type type),ArkUI_UIInputEvent_Type type","int32_t OH_NativeXComponent_RegisterUIInputEventCallback(OH_NativeXComponent *,void (* callback)(OH_NativeXComponent * component,ArkUI_UIInputEvent * event,ArkUI_UIInputEvent_Type type),ArkUI_UIInputEvent_Type)"
ace/xcomponent/native_interface_xcomponent.h,676,OH_NativeXComponent_SetExpectedFrameRateRange,int32_t,"OH_NativeXComponent * component,OH_NativeXComponent_ExpectedRateRange * range","int32_t OH_NativeXComponent_SetExpectedFrameRateRange(OH_NativeXComponent *,OH_NativeXComponent_ExpectedRateRange *)"
ace/xcomponent/native_interface_xcomponent.h,778,OH_NativeXComponent_SetNeedSoftKeyboard,int32_t,"OH_NativeXComponent * component,bool needSoftKeyboard","int32_t OH_NativeXComponent_SetNeedSoftKeyboard(OH_NativeXComponent *,bool)"
ace/xcomponent/native_interface_xcomponent.h,699,OH_NativeXComponent_UnregisterOnFrameCallback,int32_t,OH_NativeXComponent * component,int32_t OH_NativeXComponent_UnregisterOnFrameCallback(OH_NativeXComponent *)
ark_runtime/jsvm.h,2509,OH_JSVM_AcquireLock,JSVM_EXTERN JSVM_Status,JSVM_Env env,JSVM_EXTERN JSVM_Status OH_JSVM_AcquireLock(JSVM_Env)
ark_runtime/jsvm.h,2187,OH_JSVM_AddFinalizer,JSVM_EXTERN JSVM_Status,"JSVM_Env env,JSVM_Value jsObject,void * finalizeData,JSVM_Finalize finalizeCb,void * finalizeHint,JSVM_Ref * result","JSVM_EXTERN JSVM_Status OH_JSVM_AddFinalizer(JSVM_Env,JSVM_Value,void *,JSVM_Finalize,void *,JSVM_Ref *)"
ark_runtime/jsvm.h,2235,OH_JSVM_AdjustExternalMemory,JSVM_EXTERN JSVM_Status,"JSVM_Env env,int64_t changeInBytes,int64_t * result","JSVM_EXTERN JSVM_Status OH_JSVM_AdjustExternalMemory(JSVM_Env,int64_t,int64_t *)"
ark_runtime/jsvm.h,733,OH_JSVM_AllocateArrayBufferBackingStoreData,JSVM_Status JSVM_CDECL,"size_t byteLength,JSVM_InitializedFlag initialized,void ** data","JSVM_Status JSVM_CDECL OH_JSVM_AllocateArrayBufferBackingStoreData(size_t,JSVM_InitializedFlag,void **)"
ark_runtime/jsvm.h,1951,OH_JSVM_CallFunction,JSVM_EXTERN JSVM_Status,"JSVM_Env env,JSVM_Value recv,JSVM_Value func,size_t argc,const JSVM_Value * argv,JSVM_Value * result","JSVM_EXTERN JSVM_Status OH_JSVM_CallFunction(JSVM_Env,JSVM_Value,JSVM_Value,size_t,const JSVM_Value *,JSVM_Value *)"
ark_runtime/jsvm.h,2168,OH_JSVM_CheckObjectTypeTag,JSVM_EXTERN JSVM_Status,"JSVM_Env env,JSVM_Value value,const JSVM_TypeTag * typeTag,bool * result","JSVM_EXTERN JSVM_Status OH_JSVM_CheckObjectTypeTag(JSVM_Env,JSVM_Value,const JSVM_TypeTag *,bool *)"
ark_runtime/jsvm.h,219,OH_JSVM_CloseEnvScope,JSVM_EXTERN JSVM_Status,"JSVM_Env env,JSVM_EnvScope scope","JSVM_EXTERN JSVM_Status OH_JSVM_CloseEnvScope(JSVM_Env,JSVM_EnvScope)"
ark_runtime/jsvm.h,577,OH_JSVM_CloseEscapableHandleScope,JSVM_EXTERN JSVM_Status,"JSVM_Env env,JSVM_EscapableHandleScope scope","JSVM_EXTERN JSVM_Status OH_JSVM_CloseEscapableHandleScope(JSVM_Env,JSVM_EscapableHandleScope)"
ark_runtime/jsvm.h,552,OH_JSVM_CloseHandleScope,JSVM_EXTERN JSVM_Status,"JSVM_Env env,JSVM_HandleScope scope","JSVM_EXTERN JSVM_Status OH_JSVM_CloseHandleScope(JSVM_Env,JSVM_HandleScope)"
ark_runtime/jsvm.h,2438,OH_JSVM_CloseInspector,JSVM_EXTERN JSVM_Status,JSVM_Env env,JSVM_EXTERN JSVM_Status OH_JSVM_CloseInspector(JSVM_Env)
ark_runtime/jsvm.h,155,OH_JSVM_CloseVMScope,JSVM_EXTERN JSVM_Status,"JSVM_VM vm,JSVM_VMScope scope","JSVM_EXTERN JSVM_Status OH_JSVM_CloseVMScope(JSVM_VM,JSVM_VMScope)"
ark_runtime/jsvm.h,2794,OH_JSVM_CoerceToBigInt,JSVM_EXTERN JSVM_Status,"JSVM_Env env,JSVM_Value value,JSVM_Value * result","JSVM_EXTERN JSVM_Status OH_JSVM_CoerceToBigInt(JSVM_Env,JSVM_Value,JSVM_Value *)"
ark_runtime/jsvm.h,1435,OH_JSVM_CoerceToBool,JSVM_EXTERN JSVM_Status,"JSVM_Env env,JSVM_Value value,JSVM_Value * result","JSVM_EXTERN JSVM_Status OH_JSVM_CoerceToBool(JSVM_Env,JSVM_Value,JSVM_Value *)"
ark_runtime/jsvm.h,1450,OH_JSVM_CoerceToNumber,JSVM_EXTERN JSVM_Status,"JSVM_Env env,JSVM_Value value,JSVM_Value * result","JSVM_EXTERN JSVM_Status OH_JSVM_CoerceToNumber(JSVM_Env,JSVM_Value,JSVM_Value *)"
ark_runtime/jsvm.h,1464,OH_JSVM_CoerceToObject,JSVM_EXTERN JSVM_Status,"JSVM_Env env,JSVM_Value value,JSVM_Value * result","JSVM_EXTERN JSVM_Status OH_JSVM_CoerceToObject(JSVM_Env,JSVM_Value,JSVM_Value *)"
ark_runtime/jsvm.h,1479,OH_JSVM_CoerceToString,JSVM_EXTERN JSVM_Status,"JSVM_Env env,JSVM_Value value,JSVM_Value * result","JSVM_EXTERN JSVM_Status OH_JSVM_CoerceToString(JSVM_Env,JSVM_Value,JSVM_Value *)"
ark_runtime/jsvm.h,248,OH_JSVM_CompileScript,JSVM_EXTERN JSVM_Status,"JSVM_Env env,JSVM_Value script,const uint8_t * cachedData,size_t cacheDataLength,bool eagerCompile,bool * cacheRejected,JSVM_Script * result","JSVM_EXTERN JSVM_Status OH_JSVM_CompileScript(JSVM_Env,JSVM_Value,const uint8_t *,size_t,bool,bool *,JSVM_Script *)"
ark_runtime/jsvm.h,2776,OH_JSVM_CompileScriptWithOptions,JSVM_EXTERN JSVM_Status,"JSVM_Env env,JSVM_Value script,size_t optionCount,JSVM_CompileOptions options[],JSVM_Script * result","JSVM_EXTERN JSVM_Status OH_JSVM_CompileScriptWithOptions(JSVM_Env,JSVM_Value,size_t,JSVM_CompileOptions options[],JSVM_Script *)"
ark_runtime/jsvm.h,272,OH_JSVM_CompileScriptWithOrigin,JSVM_EXTERN JSVM_Status,"JSVM_Env env,JSVM_Value script,const uint8_t * cachedData,size_t cacheDataLength,bool eagerCompile,bool * cacheRejected,JSVM_ScriptOrigin * origin,JSVM_Script * result","JSVM_EXTERN JSVM_Status OH_JSVM_CompileScriptWithOrigin(JSVM_Env,JSVM_Value,const uint8_t *,size_t,bool,bool *,JSVM_ScriptOrigin *,JSVM_Script *)"
ark_runtime/jsvm.h,2993,OH_JSVM_CompileWasmFunction,JSVM_EXTERN JSVM_Status,"JSVM_Env env,JSVM_Value wasmModule,uint32_t functionIndex,JSVM_WasmOptLevel optLevel","JSVM_EXTERN JSVM_Status OH_JSVM_CompileWasmFunction(JSVM_Env,JSVM_Value,uint32_t,JSVM_WasmOptLevel)"
ark_runtime/jsvm.h,2969,OH_JSVM_CompileWasmModule,JSVM_EXTERN JSVM_Status,"JSVM_Env env,const uint8_t * wasmBytecode,size_t wasmBytecodeLength,const uint8_t * cacheData,size_t cacheDataLength,bool * cacheRejected,JSVM_Value * wasmModule","JSVM_EXTERN JSVM_Status OH_JSVM_CompileWasmModule(JSVM_Env,const uint8_t *,size_t,const uint8_t *,size_t,bool *,JSVM_Value *)"
ark_runtime/jsvm.h,680,OH_JSVM_CreateArray,JSVM_EXTERN JSVM_Status,"JSVM_Env env,JSVM_Value * result","JSVM_EXTERN JSVM_Status OH_JSVM_CreateArray(JSVM_Env,JSVM_Value *)"
ark_runtime/jsvm.h,765,OH_JSVM_CreateArrayBufferFromBackingStoreData,JSVM_Status JSVM_CDECL,"JSVM_Env env,void * data,size_t backingStoreSize,size_t offset,size_t arrayBufferSize,JSVM_Value * result","JSVM_Status JSVM_CDECL OH_JSVM_CreateArrayBufferFromBackingStoreData(JSVM_Env,void *,size_t,size_t,size_t,JSVM_Value *)"
ark_runtime/jsvm.h,696,OH_JSVM_CreateArrayWithLength,JSVM_EXTERN JSVM_Status,"JSVM_Env env,size_t length,JSVM_Value * result","JSVM_EXTERN JSVM_Status OH_JSVM_CreateArrayWithLength(JSVM_Env,size_t,JSVM_Value *)"
ark_runtime/jsvm.h,716,OH_JSVM_CreateArraybuffer,JSVM_EXTERN JSVM_Status,"JSVM_Env env,size_t byteLength,void ** data,JSVM_Value * result","JSVM_EXTERN JSVM_Status OH_JSVM_CreateArraybuffer(JSVM_Env,size_t,void **,JSVM_Value *)"
ark_runtime/jsvm.h,965,OH_JSVM_CreateBigintInt64,JSVM_EXTERN JSVM_Status,"JSVM_Env env,int64_t value,JSVM_Value * result","JSVM_EXTERN JSVM_Status OH_JSVM_CreateBigintInt64(JSVM_Env,int64_t,JSVM_Value *)"
ark_runtime/jsvm.h,979,OH_JSVM_CreateBigintUint64,JSVM_EXTERN JSVM_Status,"JSVM_Env env,uint64_t value,JSVM_Value * result","JSVM_EXTERN JSVM_Status OH_JSVM_CreateBigintUint64(JSVM_Env,uint64_t,JSVM_Value *)"
ark_runtime/jsvm.h,996,OH_JSVM_CreateBigintWords,JSVM_EXTERN JSVM_Status,"JSVM_Env env,int signBit,size_t wordCount,const uint64_t * words,JSVM_Value * result","JSVM_EXTERN JSVM_Status OH_JSVM_CreateBigintWords(JSVM_Env,int,size_t,const uint64_t *,JSVM_Value *)"
ark_runtime/jsvm.h,292,OH_JSVM_CreateCodeCache,JSVM_EXTERN JSVM_Status,"JSVM_Env env,JSVM_Script script,const uint8_t ** data,size_t * length","JSVM_EXTERN JSVM_Status OH_JSVM_CreateCodeCache(JSVM_Env,JSVM_Script,const uint8_t **,size_t *)"
ark_runtime/jsvm.h,893,OH_JSVM_CreateDataview,JSVM_EXTERN JSVM_Status,"JSVM_Env env,size_t length,JSVM_Value arraybuffer,size_t byteOffset,JSVM_Value * result","JSVM_EXTERN JSVM_Status OH_JSVM_CreateDataview(JSVM_Env,size_t,JSVM_Value,size_t,JSVM_Value *)"
ark_runtime/jsvm.h,783,OH_JSVM_CreateDate,JSVM_EXTERN JSVM_Status,"JSVM_Env env,double time,JSVM_Value * result","JSVM_EXTERN JSVM_Status OH_JSVM_CreateDate(JSVM_Env,double,JSVM_Value *)"
ark_runtime/jsvm.h,951,OH_JSVM_CreateDouble,JSVM_EXTERN JSVM_Status,"JSVM_Env env,double value,JSVM_Value * result","JSVM_EXTERN JSVM_Status OH_JSVM_CreateDouble(JSVM_Env,double,JSVM_Value *)"
ark_runtime/jsvm.h,169,OH_JSVM_CreateEnv,JSVM_EXTERN JSVM_Status,"JSVM_VM vm,size_t propertyCount,const JSVM_PropertyDescriptor * properties,JSVM_Env * result","JSVM_EXTERN JSVM_Status OH_JSVM_CreateEnv(JSVM_VM,size_t,const JSVM_PropertyDescriptor *,JSVM_Env *)"
ark_runtime/jsvm.h,184,OH_JSVM_CreateEnvFromSnapshot,JSVM_EXTERN JSVM_Status,"JSVM_VM vm,size_t index,JSVM_Env * result","JSVM_EXTERN JSVM_Status OH_JSVM_CreateEnvFromSnapshot(JSVM_VM,size_t,JSVM_Env *)"
ark_runtime/jsvm.h,453,OH_JSVM_CreateError,JSVM_EXTERN JSVM_Status,"JSVM_Env env,JSVM_Value code,JSVM_Value msg,JSVM_Value * result","JSVM_EXTERN JSVM_Status OH_JSVM_CreateError(JSVM_Env,JSVM_Value,JSVM_Value,JSVM_Value *)"
ark_runtime/jsvm.h,804,OH_JSVM_CreateExternal,JSVM_EXTERN JSVM_Status,"JSVM_Env env,void * data,JSVM_Finalize finalizeCb,void * finalizeHint,JSVM_Value * result","JSVM_EXTERN JSVM_Status OH_JSVM_CreateExternal(JSVM_Env,void *,JSVM_Finalize,void *,JSVM_Value *)"
ark_runtime/jsvm.h,1979,OH_JSVM_CreateFunction,JSVM_EXTERN JSVM_Status,"JSVM_Env env,const char * utf8name,size_t length,JSVM_Callback cb,JSVM_Value * result","JSVM_EXTERN JSVM_Status OH_JSVM_CreateFunction(JSVM_Env,const char *,size_t,JSVM_Callback,JSVM_Value *)"
ark_runtime/jsvm.h,2901,OH_JSVM_CreateFunctionWithScript,JSVM_EXTERN JSVM_Status,"JSVM_Env env,const char * funcName,size_t length,size_t argc,const JSVM_Value * argv,JSVM_Value script,JSVM_Value * result","JSVM_EXTERN JSVM_Status OH_JSVM_CreateFunctionWithScript(JSVM_Env,const char *,size_t,size_t,const JSVM_Value *,JSVM_Value,JSVM_Value *)"
ark_runtime/jsvm.h,909,OH_JSVM_CreateInt32,JSVM_EXTERN JSVM_Status,"JSVM_Env env,int32_t value,JSVM_Value * result","JSVM_EXTERN JSVM_Status OH_JSVM_CreateInt32(JSVM_Env,int32_t,JSVM_Value *)"
ark_runtime/jsvm.h,937,OH_JSVM_CreateInt64,JSVM_EXTERN JSVM_Status,"JSVM_Env env,int64_t value,JSVM_Value * result","JSVM_EXTERN JSVM_Status OH_JSVM_CreateInt64(JSVM_Env,int64_t,JSVM_Value *)"
ark_runtime/jsvm.h,2717,OH_JSVM_CreateMap,JSVM_Status JSVM_CDECL,"JSVM_Env env,JSVM_Value * result","JSVM_Status JSVM_CDECL OH_JSVM_CreateMap(JSVM_Env,JSVM_Value *)"
ark_runtime/jsvm.h,819,OH_JSVM_CreateObject,JSVM_EXTERN JSVM_Status,"JSVM_Env env,JSVM_Value * result","JSVM_EXTERN JSVM_Status OH_JSVM_CreateObject(JSVM_Env,JSVM_Value *)"
ark_runtime/jsvm.h,2264,OH_JSVM_CreatePromise,JSVM_EXTERN JSVM_Status,"JSVM_Env env,JSVM_Deferred * deferred,JSVM_Value * promise","JSVM_EXTERN JSVM_Status OH_JSVM_CreatePromise(JSVM_Env,JSVM_Deferred *,JSVM_Value *)"
ark_runtime/jsvm.h,485,OH_JSVM_CreateRangeError,JSVM_EXTERN JSVM_Status,"JSVM_Env env,JSVM_Value code,JSVM_Value msg,JSVM_Value * result","JSVM_EXTERN JSVM_Status OH_JSVM_CreateRangeError(JSVM_Env,JSVM_Value,JSVM_Value,JSVM_Value *)"
ark_runtime/jsvm.h,609,OH_JSVM_CreateReference,JSVM_EXTERN JSVM_Status,"JSVM_Env env,JSVM_Value value,uint32_t initialRefcount,JSVM_Ref * result","JSVM_EXTERN JSVM_Status OH_JSVM_CreateReference(JSVM_Env,JSVM_Value,uint32_t,JSVM_Ref *)"
ark_runtime/jsvm.h,2847,OH_JSVM_CreateRegExp,JSVM_Status JSVM_CDECL,"JSVM_Env env,JSVM_Value value,JSVM_RegExpFlags flags,JSVM_Value * result","JSVM_Status JSVM_CDECL OH_JSVM_CreateRegExp(JSVM_Env,JSVM_Value,JSVM_RegExpFlags,JSVM_Value *)"
ark_runtime/jsvm.h,2744,OH_JSVM_CreateSet,JSVM_EXTERN JSVM_Status,"JSVM_Env env,JSVM_Value * result","JSVM_EXTERN JSVM_Status OH_JSVM_CreateSet(JSVM_Env,JSVM_Value *)"
ark_runtime/jsvm.h,2354,OH_JSVM_CreateSnapshot,JSVM_EXTERN JSVM_Status,"JSVM_VM vm,size_t contextCount,const JSVM_Env * contexts,const char ** blobData,size_t * blobSize","JSVM_EXTERN JSVM_Status OH_JSVM_CreateSnapshot(JSVM_VM,size_t,const JSVM_Env *,const char **,size_t *)"
ark_runtime/jsvm.h,1014,OH_JSVM_CreateStringLatin1,JSVM_EXTERN JSVM_Status,"JSVM_Env env,const char * str,size_t length,JSVM_Value * result","JSVM_EXTERN JSVM_Status OH_JSVM_CreateStringLatin1(JSVM_Env,const char *,size_t,JSVM_Value *)"
ark_runtime/jsvm.h,1032,OH_JSVM_CreateStringUtf16,JSVM_EXTERN JSVM_Status,"JSVM_Env env,const char16_t * str,size_t length,JSVM_Value * result","JSVM_EXTERN JSVM_Status OH_JSVM_CreateStringUtf16(JSVM_Env,const char16_t *,size_t,JSVM_Value *)"
ark_runtime/jsvm.h,1049,OH_JSVM_CreateStringUtf8,JSVM_EXTERN JSVM_Status,"JSVM_Env env,const char * str,size_t length,JSVM_Value * result","JSVM_EXTERN JSVM_Status OH_JSVM_CreateStringUtf8(JSVM_Env,const char *,size_t,JSVM_Value *)"
ark_runtime/jsvm.h,833,OH_JSVM_CreateSymbol,JSVM_EXTERN JSVM_Status,"JSVM_Env env,JSVM_Value description,JSVM_Value * result","JSVM_EXTERN JSVM_Status OH_JSVM_CreateSymbol(JSVM_Env,JSVM_Value,JSVM_Value *)"
ark_runtime/jsvm.h,501,OH_JSVM_CreateSyntaxError,JSVM_EXTERN JSVM_Status,"JSVM_Env env,JSVM_Value code,JSVM_Value msg,JSVM_Value * result","JSVM_EXTERN JSVM_Status OH_JSVM_CreateSyntaxError(JSVM_Env,JSVM_Value,JSVM_Value,JSVM_Value *)"
ark_runtime/jsvm.h,469,OH_JSVM_CreateTypeError,JSVM_EXTERN JSVM_Status,"JSVM_Env env,JSVM_Value code,JSVM_Value msg,JSVM_Value * result","JSVM_EXTERN JSVM_Status OH_JSVM_CreateTypeError(JSVM_Env,JSVM_Value,JSVM_Value,JSVM_Value *)"
ark_runtime/jsvm.h,870,OH_JSVM_CreateTypedarray,JSVM_EXTERN JSVM_Status,"JSVM_Env env,JSVM_TypedarrayType type,size_t length,JSVM_Value arraybuffer,size_t byteOffset,JSVM_Value * result","JSVM_EXTERN JSVM_Status OH_JSVM_CreateTypedarray(JSVM_Env,JSVM_TypedarrayType,size_t,JSVM_Value,size_t,JSVM_Value *)"
ark_runtime/jsvm.h,923,OH_JSVM_CreateUint32,JSVM_EXTERN JSVM_Status,"JSVM_Env env,uint32_t value,JSVM_Value * result","JSVM_EXTERN JSVM_Status OH_JSVM_CreateUint32(JSVM_Env,uint32_t,JSVM_Value *)"
ark_runtime/jsvm.h,121,OH_JSVM_CreateVM,JSVM_EXTERN JSVM_Status,"const JSVM_CreateVMOptions * options,JSVM_VM * result","JSVM_EXTERN JSVM_Status OH_JSVM_CreateVM(const JSVM_CreateVMOptions *,JSVM_VM *)"
ark_runtime/jsvm.h,3028,OH_JSVM_CreateWasmCache,JSVM_EXTERN JSVM_Status,"JSVM_Env env,JSVM_Value wasmModule,const uint8_t ** data,size_t * length","JSVM_EXTERN JSVM_Status OH_JSVM_CreateWasmCache(JSVM_Env,JSVM_Value,const uint8_t **,size_t *)"
ark_runtime/jsvm.h,2072,OH_JSVM_DefineClass,JSVM_EXTERN JSVM_Status,"JSVM_Env env,const char * utf8name,size_t length,JSVM_Callback constructor,size_t propertyCount,const JSVM_PropertyDescriptor * properties,JSVM_Value * result","JSVM_EXTERN JSVM_Status OH_JSVM_DefineClass(JSVM_Env,const char *,size_t,JSVM_Callback,size_t,const JSVM_PropertyDescriptor *,JSVM_Value *)"
ark_runtime/jsvm.h,2478,OH_JSVM_DefineClassWithPropertyHandler,JSVM_EXTERN JSVM_Status,"JSVM_Env env,const char * utf8name,size_t length,JSVM_Callback constructor,size_t propertyCount,const JSVM_PropertyDescriptor * properties,JSVM_PropertyHandlerCfg propertyHandlerCfg,JSVM_Callback callAsFunctionCallback,JSVM_Value * result","JSVM_EXTERN JSVM_Status OH_JSVM_DefineClassWithPropertyHandler(JSVM_Env,const char *,size_t,JSVM_Callback,size_t,const JSVM_PropertyDescriptor *,JSVM_PropertyHandlerCfg,JSVM_Callback,JSVM_Value *)"
ark_runtime/jsvm.h,1902,OH_JSVM_DefineProperties,JSVM_EXTERN JSVM_Status,"JSVM_Env env,JSVM_Value object,size_t propertyCount,const JSVM_PropertyDescriptor * properties","JSVM_EXTERN JSVM_Status OH_JSVM_DefineProperties(JSVM_Env,JSVM_Value,size_t,const JSVM_PropertyDescriptor *)"
ark_runtime/jsvm.h,1883,OH_JSVM_DeleteElement,JSVM_EXTERN JSVM_Status,"JSVM_Env env,JSVM_Value object,uint32_t index,bool * result","JSVM_EXTERN JSVM_Status OH_JSVM_DeleteElement(JSVM_Env,JSVM_Value,uint32_t,bool *)"
ark_runtime/jsvm.h,1748,OH_JSVM_DeleteProperty,JSVM_EXTERN JSVM_Status,"JSVM_Env env,JSVM_Value object,JSVM_Value key,bool * result","JSVM_EXTERN JSVM_Status OH_JSVM_DeleteProperty(JSVM_Env,JSVM_Value,JSVM_Value,bool *)"
ark_runtime/jsvm.h,623,OH_JSVM_DeleteReference,JSVM_EXTERN JSVM_Status,"JSVM_Env env,JSVM_Ref ref","JSVM_EXTERN JSVM_Status OH_JSVM_DeleteReference(JSVM_Env,JSVM_Ref)"
ark_runtime/jsvm.h,196,OH_JSVM_DestroyEnv,JSVM_EXTERN JSVM_Status,JSVM_Env env,JSVM_EXTERN JSVM_Status OH_JSVM_DestroyEnv(JSVM_Env)
ark_runtime/jsvm.h,132,OH_JSVM_DestroyVM,JSVM_EXTERN JSVM_Status,JSVM_VM vm,JSVM_EXTERN JSVM_Status OH_JSVM_DestroyVM(JSVM_VM)
ark_runtime/jsvm.h,1631,OH_JSVM_DetachArraybuffer,JSVM_EXTERN JSVM_Status,"JSVM_Env env,JSVM_Value arraybuffer","JSVM_EXTERN JSVM_Status OH_JSVM_DetachArraybuffer(JSVM_Env,JSVM_Value)"
ark_runtime/jsvm.h,1616,OH_JSVM_Equals,JSVM_EXTERN JSVM_Status,"JSVM_Env env,JSVM_Value lhs,JSVM_Value rhs,bool * result","JSVM_EXTERN JSVM_Status OH_JSVM_Equals(JSVM_Env,JSVM_Value,JSVM_Value,bool *)"
ark_runtime/jsvm.h,593,OH_JSVM_EscapeHandle,JSVM_EXTERN JSVM_Status,"JSVM_Env env,JSVM_EscapableHandleScope scope,JSVM_Value escapee,JSVM_Value * result","JSVM_EXTERN JSVM_Status OH_JSVM_EscapeHandle(JSVM_Env,JSVM_EscapableHandleScope,JSVM_Value,JSVM_Value *)"
ark_runtime/jsvm.h,746,OH_JSVM_FreeArrayBufferBackingStoreData,JSVM_Status JSVM_CDECL,void * data,JSVM_Status JSVM_CDECL OH_JSVM_FreeArrayBufferBackingStoreData(void *)
ark_runtime/jsvm.h,1681,OH_JSVM_GetAllPropertyNames,JSVM_EXTERN JSVM_Status,"JSVM_Env env,JSVM_Value object,JSVM_KeyCollectionMode keyMode,JSVM_KeyFilter keyFilter,JSVM_KeyConversion keyConversion,JSVM_Value * result","JSVM_EXTERN JSVM_Status OH_JSVM_GetAllPropertyNames(JSVM_Env,JSVM_Value,JSVM_KeyCollectionMode,JSVM_KeyFilter,JSVM_KeyConversion,JSVM_Value *)"
ark_runtime/jsvm.h,515,OH_JSVM_GetAndClearLastException,JSVM_EXTERN JSVM_Status,"JSVM_Env env,JSVM_Value * result","JSVM_EXTERN JSVM_Status OH_JSVM_GetAndClearLastException(JSVM_Env,JSVM_Value *)"
ark_runtime/jsvm.h,1064,OH_JSVM_GetArrayLength,JSVM_EXTERN JSVM_Status,"JSVM_Env env,JSVM_Value value,uint32_t * result","JSVM_EXTERN JSVM_Status OH_JSVM_GetArrayLength(JSVM_Env,JSVM_Value,uint32_t *)"
ark_runtime/jsvm.h,1080,OH_JSVM_GetArraybufferInfo,JSVM_EXTERN JSVM_Status,"JSVM_Env env,JSVM_Value arraybuffer,void ** data,size_t * byteLength","JSVM_EXTERN JSVM_Status OH_JSVM_GetArraybufferInfo(JSVM_Env,JSVM_Value,void **,size_t *)"
ark_runtime/jsvm.h,1385,OH_JSVM_GetBoolean,JSVM_EXTERN JSVM_Status,"JSVM_Env env,bool value,JSVM_Value * result","JSVM_EXTERN JSVM_Status OH_JSVM_GetBoolean(JSVM_Env,bool,JSVM_Value *)"
ark_runtime/jsvm.h,2006,OH_JSVM_GetCbInfo,JSVM_EXTERN JSVM_Status,"JSVM_Env env,JSVM_CallbackInfo cbinfo,size_t * argc,JSVM_Value * argv,JSVM_Value * thisArg,void ** data","JSVM_EXTERN JSVM_Status OH_JSVM_GetCbInfo(JSVM_Env,JSVM_CallbackInfo,size_t *,JSVM_Value *,JSVM_Value *,void **)"
ark_runtime/jsvm.h,1141,OH_JSVM_GetDataviewInfo,JSVM_EXTERN JSVM_Status,"JSVM_Env env,JSVM_Value dataview,size_t * bytelength,void ** data,JSVM_Value * arraybuffer,size_t * byteOffset","JSVM_EXTERN JSVM_Status OH_JSVM_GetDataviewInfo(JSVM_Env,JSVM_Value,size_t *,void **,JSVM_Value *,size_t *)"
ark_runtime/jsvm.h,1162,OH_JSVM_GetDateValue,JSVM_EXTERN JSVM_Status,"JSVM_Env env,JSVM_Value value,double * result","JSVM_EXTERN JSVM_Status OH_JSVM_GetDateValue(JSVM_Env,JSVM_Value,double *)"
ark_runtime/jsvm.h,1849,OH_JSVM_GetElement,JSVM_EXTERN JSVM_Status,"JSVM_Env env,JSVM_Value object,uint32_t index,JSVM_Value * result","JSVM_EXTERN JSVM_Status OH_JSVM_GetElement(JSVM_Env,JSVM_Value,uint32_t,JSVM_Value *)"
ark_runtime/jsvm.h,1398,OH_JSVM_GetGlobal,JSVM_EXTERN JSVM_Status,"JSVM_Env env,JSVM_Value * result","JSVM_EXTERN JSVM_Status OH_JSVM_GetGlobal(JSVM_Env,JSVM_Value *)"
ark_runtime/jsvm.h,2369,OH_JSVM_GetHeapStatistics,JSVM_EXTERN JSVM_Status,"JSVM_VM vm,JSVM_HeapStatistics * result","JSVM_EXTERN JSVM_Status OH_JSVM_GetHeapStatistics(JSVM_VM,JSVM_HeapStatistics *)"
ark_runtime/jsvm.h,343,OH_JSVM_GetInstanceData,JSVM_EXTERN JSVM_Status,"JSVM_Env env,void ** data","JSVM_EXTERN JSVM_Status OH_JSVM_GetInstanceData(JSVM_Env,void **)"
ark_runtime/jsvm.h,356,OH_JSVM_GetLastErrorInfo,JSVM_EXTERN JSVM_Status,"JSVM_Env env,const JSVM_ExtendedErrorInfo ** result","JSVM_EXTERN JSVM_Status OH_JSVM_GetLastErrorInfo(JSVM_Env,const JSVM_ExtendedErrorInfo **)"
ark_runtime/jsvm.h,1800,OH_JSVM_GetNamedProperty,JSVM_EXTERN JSVM_Status,"JSVM_Env env,JSVM_Value object,const char * utf8name,JSVM_Value * result","JSVM_EXTERN JSVM_Status OH_JSVM_GetNamedProperty(JSVM_Env,JSVM_Value,const char *,JSVM_Value *)"
ark_runtime/jsvm.h,2024,OH_JSVM_GetNewTarget,JSVM_EXTERN JSVM_Status,"JSVM_Env env,JSVM_CallbackInfo cbinfo,JSVM_Value * result","JSVM_EXTERN JSVM_Status OH_JSVM_GetNewTarget(JSVM_Env,JSVM_CallbackInfo,JSVM_Value *)"
ark_runtime/jsvm.h,1410,OH_JSVM_GetNull,JSVM_EXTERN JSVM_Status,"JSVM_Env env,JSVM_Value * result","JSVM_EXTERN JSVM_Status OH_JSVM_GetNull(JSVM_Env,JSVM_Value *)"
ark_runtime/jsvm.h,1715,OH_JSVM_GetProperty,JSVM_EXTERN JSVM_Status,"JSVM_Env env,JSVM_Value object,JSVM_Value key,JSVM_Value * result","JSVM_EXTERN JSVM_Status OH_JSVM_GetProperty(JSVM_Env,JSVM_Value,JSVM_Value,JSVM_Value *)"
ark_runtime/jsvm.h,1661,OH_JSVM_GetPropertyNames,JSVM_EXTERN JSVM_Status,"JSVM_Env env,JSVM_Value object,JSVM_Value * result","JSVM_EXTERN JSVM_Status OH_JSVM_GetPropertyNames(JSVM_Env,JSVM_Value,JSVM_Value *)"
ark_runtime/jsvm.h,1096,OH_JSVM_GetPrototype,JSVM_EXTERN JSVM_Status,"JSVM_Env env,JSVM_Value object,JSVM_Value * result","JSVM_EXTERN JSVM_Status OH_JSVM_GetPrototype(JSVM_Env,JSVM_Value,JSVM_Value *)"
ark_runtime/jsvm.h,667,OH_JSVM_GetReferenceValue,JSVM_EXTERN JSVM_Status,"JSVM_Env env,JSVM_Ref ref,JSVM_Value * result","JSVM_EXTERN JSVM_Status OH_JSVM_GetReferenceValue(JSVM_Env,JSVM_Ref,JSVM_Value *)"
ark_runtime/jsvm.h,1118,OH_JSVM_GetTypedarrayInfo,JSVM_EXTERN JSVM_Status,"JSVM_Env env,JSVM_Value typedarray,JSVM_TypedarrayType * type,size_t * length,void ** data,JSVM_Value * arraybuffer,size_t * byteOffset","JSVM_EXTERN JSVM_Status OH_JSVM_GetTypedarrayInfo(JSVM_Env,JSVM_Value,JSVM_TypedarrayType *,size_t *,void **,JSVM_Value *,size_t *)"
ark_runtime/jsvm.h,1422,OH_JSVM_GetUndefined,JSVM_EXTERN JSVM_Status,"JSVM_Env env,JSVM_Value * result","JSVM_EXTERN JSVM_Status OH_JSVM_GetUndefined(JSVM_Env,JSVM_Value *)"
ark_runtime/jsvm.h,231,OH_JSVM_GetVM,JSVM_EXTERN JSVM_Status,"JSVM_Env env,JSVM_VM * result","JSVM_EXTERN JSVM_Status OH_JSVM_GetVM(JSVM_Env,JSVM_VM *)"
ark_runtime/jsvm.h,2218,OH_JSVM_GetVMInfo,JSVM_EXTERN JSVM_Status,JSVM_VMInfo * result,JSVM_EXTERN JSVM_Status OH_JSVM_GetVMInfo(JSVM_VMInfo *)
ark_runtime/jsvm.h,1209,OH_JSVM_GetValueBigintInt64,JSVM_EXTERN JSVM_Status,"JSVM_Env env,JSVM_Value value,int64_t * result,bool * lossless","JSVM_EXTERN JSVM_Status OH_JSVM_GetValueBigintInt64(JSVM_Env,JSVM_Value,int64_t *,bool *)"
ark_runtime/jsvm.h,1227,OH_JSVM_GetValueBigintUint64,JSVM_EXTERN JSVM_Status,"JSVM_Env env,JSVM_Value value,uint64_t * result,bool * lossless","JSVM_EXTERN JSVM_Status OH_JSVM_GetValueBigintUint64(JSVM_Env,JSVM_Value,uint64_t *,bool *)"
ark_runtime/jsvm.h,1246,OH_JSVM_GetValueBigintWords,JSVM_EXTERN JSVM_Status,"JSVM_Env env,JSVM_Value value,int * signBit,size_t * wordCount,uint64_t * words","JSVM_EXTERN JSVM_Status OH_JSVM_GetValueBigintWords(JSVM_Env,JSVM_Value,int *,size_t *,uint64_t *)"
ark_runtime/jsvm.h,1177,OH_JSVM_GetValueBool,JSVM_EXTERN JSVM_Status,"JSVM_Env env,JSVM_Value value,bool * result","JSVM_EXTERN JSVM_Status OH_JSVM_GetValueBool(JSVM_Env,JSVM_Value,bool *)"
ark_runtime/jsvm.h,1192,OH_JSVM_GetValueDouble,JSVM_EXTERN JSVM_Status,"JSVM_Env env,JSVM_Value value,double * result","JSVM_EXTERN JSVM_Status OH_JSVM_GetValueDouble(JSVM_Env,JSVM_Value,double *)"
ark_runtime/jsvm.h,1263,OH_JSVM_GetValueExternal,JSVM_EXTERN JSVM_Status,"JSVM_Env env,JSVM_Value value,void ** result","JSVM_EXTERN JSVM_Status OH_JSVM_GetValueExternal(JSVM_Env,JSVM_Value,void **)"
ark_runtime/jsvm.h,1278,OH_JSVM_GetValueInt32,JSVM_EXTERN JSVM_Status,"JSVM_Env env,JSVM_Value value,int32_t * result","JSVM_EXTERN JSVM_Status OH_JSVM_GetValueInt32(JSVM_Env,JSVM_Value,int32_t *)"
ark_runtime/jsvm.h,1293,OH_JSVM_GetValueInt64,JSVM_EXTERN JSVM_Status,"JSVM_Env env,JSVM_Value value,int64_t * result","JSVM_EXTERN JSVM_Status OH_JSVM_GetValueInt64(JSVM_Env,JSVM_Value,int64_t *)"
ark_runtime/jsvm.h,1312,OH_JSVM_GetValueStringLatin1,JSVM_EXTERN JSVM_Status,"JSVM_Env env,JSVM_Value value,char * buf,size_t bufsize,size_t * result","JSVM_EXTERN JSVM_Status OH_JSVM_GetValueStringLatin1(JSVM_Env,JSVM_Value,char *,size_t,size_t *)"
ark_runtime/jsvm.h,1354,OH_JSVM_GetValueStringUtf16,JSVM_EXTERN JSVM_Status,"JSVM_Env env,JSVM_Value value,char16_t * buf,size_t bufsize,size_t * result","JSVM_EXTERN JSVM_Status OH_JSVM_GetValueStringUtf16(JSVM_Env,JSVM_Value,char16_t *,size_t,size_t *)"
ark_runtime/jsvm.h,1333,OH_JSVM_GetValueStringUtf8,JSVM_EXTERN JSVM_Status,"JSVM_Env env,JSVM_Value value,char * buf,size_t bufsize,size_t * result","JSVM_EXTERN JSVM_Status OH_JSVM_GetValueStringUtf8(JSVM_Env,JSVM_Value,char *,size_t,size_t *)"
ark_runtime/jsvm.h,1371,OH_JSVM_GetValueUint32,JSVM_EXTERN JSVM_Status,"JSVM_Env env,JSVM_Value value,uint32_t * result","JSVM_EXTERN JSVM_Status OH_JSVM_GetValueUint32(JSVM_Env,JSVM_Value,uint32_t *)"
ark_runtime/jsvm.h,2207,OH_JSVM_GetVersion,JSVM_EXTERN JSVM_Status,"JSVM_Env env,uint32_t * result","JSVM_EXTERN JSVM_Status OH_JSVM_GetVersion(JSVM_Env,uint32_t *)"
ark_runtime/jsvm.h,1866,OH_JSVM_HasElement,JSVM_EXTERN JSVM_Status,"JSVM_Env env,JSVM_Value object,uint32_t index,bool * result","JSVM_EXTERN JSVM_Status OH_JSVM_HasElement(JSVM_Env,JSVM_Value,uint32_t,bool *)"
ark_runtime/jsvm.h,1817,OH_JSVM_HasNamedProperty,JSVM_EXTERN JSVM_Status,"JSVM_Env env,JSVM_Value object,const char * utf8name,bool * result","JSVM_EXTERN JSVM_Status OH_JSVM_HasNamedProperty(JSVM_Env,JSVM_Value,const char *,bool *)"
ark_runtime/jsvm.h,1766,OH_JSVM_HasOwnProperty,JSVM_EXTERN JSVM_Status,"JSVM_Env env,JSVM_Value object,JSVM_Value key,bool * result","JSVM_EXTERN JSVM_Status OH_JSVM_HasOwnProperty(JSVM_Env,JSVM_Value,JSVM_Value,bool *)"
ark_runtime/jsvm.h,1731,OH_JSVM_HasProperty,JSVM_EXTERN JSVM_Status,"JSVM_Env env,JSVM_Value object,JSVM_Value key,bool * result","JSVM_EXTERN JSVM_Status OH_JSVM_HasProperty(JSVM_Env,JSVM_Value,JSVM_Value,bool *)"
ark_runtime/jsvm.h,110,OH_JSVM_Init,EXTERN_C_START JSVM_EXTERN JSVM_Status,const JSVM_InitOptions * options,EXTERN_C_START JSVM_EXTERN JSVM_Status OH_JSVM_Init(const JSVM_InitOptions *)
ark_runtime/jsvm.h,1513,OH_JSVM_Instanceof,JSVM_EXTERN JSVM_Status,"JSVM_Env env,JSVM_Value object,JSVM_Value constructor,bool * result","JSVM_EXTERN JSVM_Status OH_JSVM_Instanceof(JSVM_Env,JSVM_Value,JSVM_Value,bool *)"
ark_runtime/jsvm.h,1528,OH_JSVM_IsArray,JSVM_EXTERN JSVM_Status,"JSVM_Env env,JSVM_Value value,bool * result","JSVM_EXTERN JSVM_Status OH_JSVM_IsArray(JSVM_Env,JSVM_Value,bool *)"
ark_runtime/jsvm.h,1542,OH_JSVM_IsArraybuffer,JSVM_EXTERN JSVM_Status,"JSVM_Env env,JSVM_Value value,bool * result","JSVM_EXTERN JSVM_Status OH_JSVM_IsArraybuffer(JSVM_Env,JSVM_Value,bool *)"
ark_runtime/jsvm.h,2703,OH_JSVM_IsBigInt,JSVM_EXTERN JSVM_Status,"JSVM_Env env,JSVM_Value value,bool * isBigInt","JSVM_EXTERN JSVM_Status OH_JSVM_IsBigInt(JSVM_Env,JSVM_Value,bool *)"
ark_runtime/jsvm.h,2614,OH_JSVM_IsBoolean,JSVM_EXTERN JSVM_Status,"JSVM_Env env,JSVM_Value value,bool * isBoolean","JSVM_EXTERN JSVM_Status OH_JSVM_IsBoolean(JSVM_Env,JSVM_Value,bool *)"
ark_runtime/jsvm.h,2554,OH_JSVM_IsCallable,JSVM_EXTERN JSVM_Status,"JSVM_Env env,JSVM_Value value,bool * isCallable","JSVM_EXTERN JSVM_Status OH_JSVM_IsCallable(JSVM_Env,JSVM_Value,bool *)"
ark_runtime/jsvm.h,2826,OH_JSVM_IsConstructor,JSVM_Status JSVM_CDECL,"JSVM_Env env,JSVM_Value value,bool * isConstructor","JSVM_Status JSVM_CDECL OH_JSVM_IsConstructor(JSVM_Env,JSVM_Value,bool *)"
ark_runtime/jsvm.h,1584,OH_JSVM_IsDataview,JSVM_EXTERN JSVM_Status,"JSVM_Env env,JSVM_Value value,bool * result","JSVM_EXTERN JSVM_Status OH_JSVM_IsDataview(JSVM_Env,JSVM_Value,bool *)"
ark_runtime/jsvm.h,1556,OH_JSVM_IsDate,JSVM_EXTERN JSVM_Status,"JSVM_Env env,JSVM_Value value,bool * isDate","JSVM_EXTERN JSVM_Status OH_JSVM_IsDate(JSVM_Env,JSVM_Value,bool *)"
ark_runtime/jsvm.h,1644,OH_JSVM_IsDetachedArraybuffer,JSVM_EXTERN JSVM_Status,"JSVM_Env env,JSVM_Value value,bool * result","JSVM_EXTERN JSVM_Status OH_JSVM_IsDetachedArraybuffer(JSVM_Env,JSVM_Value,bool *)"
ark_runtime/jsvm.h,438,OH_JSVM_IsError,JSVM_EXTERN JSVM_Status,"JSVM_Env env,JSVM_Value value,bool * result","JSVM_EXTERN JSVM_Status OH_JSVM_IsError(JSVM_Env,JSVM_Value,bool *)"
ark_runtime/jsvm.h,527,OH_JSVM_IsExceptionPending,JSVM_EXTERN JSVM_Status,"JSVM_Env env,bool * result","JSVM_EXTERN JSVM_Status OH_JSVM_IsExceptionPending(JSVM_Env,bool *)"
ark_runtime/jsvm.h,2674,OH_JSVM_IsFunction,JSVM_EXTERN JSVM_Status,"JSVM_Env env,JSVM_Value value,bool * isFunction","JSVM_EXTERN JSVM_Status OH_JSVM_IsFunction(JSVM_Env,JSVM_Value,bool *)"
ark_runtime/jsvm.h,2498,OH_JSVM_IsLocked,JSVM_EXTERN JSVM_Status,"JSVM_Env env,bool * isLocked","JSVM_EXTERN JSVM_Status OH_JSVM_IsLocked(JSVM_Env,bool *)"
ark_runtime/jsvm.h,2730,OH_JSVM_IsMap,JSVM_Status JSVM_CDECL,"JSVM_Env env,JSVM_Value value,bool * isMap","JSVM_Status JSVM_CDECL OH_JSVM_IsMap(JSVM_Env,JSVM_Value,bool *)"
ark_runtime/jsvm.h,2584,OH_JSVM_IsNull,JSVM_EXTERN JSVM_Status,"JSVM_Env env,JSVM_Value value,bool * isNull","JSVM_EXTERN JSVM_Status OH_JSVM_IsNull(JSVM_Env,JSVM_Value,bool *)"
ark_runtime/jsvm.h,2599,OH_JSVM_IsNullOrUndefined,JSVM_EXTERN JSVM_Status,"JSVM_Env env,JSVM_Value value,bool * isNullOrUndefined","JSVM_EXTERN JSVM_Status OH_JSVM_IsNullOrUndefined(JSVM_Env,JSVM_Value,bool *)"
ark_runtime/jsvm.h,2629,OH_JSVM_IsNumber,JSVM_EXTERN JSVM_Status,"JSVM_Env env,JSVM_Value value,bool * isNumber","JSVM_EXTERN JSVM_Status OH_JSVM_IsNumber(JSVM_Env,JSVM_Value,bool *)"
ark_runtime/jsvm.h,2688,OH_JSVM_IsObject,JSVM_EXTERN JSVM_Status,"JSVM_Env env,JSVM_Value value,bool * isObject","JSVM_EXTERN JSVM_Status OH_JSVM_IsObject(JSVM_Env,JSVM_Value,bool *)"
ark_runtime/jsvm.h,2313,OH_JSVM_IsPromise,JSVM_EXTERN JSVM_Status,"JSVM_Env env,JSVM_Value value,bool * isPromise","JSVM_EXTERN JSVM_Status OH_JSVM_IsPromise(JSVM_Env,JSVM_Value,bool *)"
ark_runtime/jsvm.h,2810,OH_JSVM_IsRegExp,JSVM_EXTERN JSVM_Status,"JSVM_Env env,JSVM_Value value,bool * result","JSVM_EXTERN JSVM_Status OH_JSVM_IsRegExp(JSVM_Env,JSVM_Value,bool *)"
ark_runtime/jsvm.h,2758,OH_JSVM_IsSet,JSVM_EXTERN JSVM_Status,"JSVM_Env env,JSVM_Value value,bool * isSet","JSVM_EXTERN JSVM_Status OH_JSVM_IsSet(JSVM_Env,JSVM_Value,bool *)"
ark_runtime/jsvm.h,2644,OH_JSVM_IsString,JSVM_EXTERN JSVM_Status,"JSVM_Env env,JSVM_Value value,bool * isString","JSVM_EXTERN JSVM_Status OH_JSVM_IsString(JSVM_Env,JSVM_Value,bool *)"
ark_runtime/jsvm.h,2659,OH_JSVM_IsSymbol,JSVM_EXTERN JSVM_Status,"JSVM_Env env,JSVM_Value value,bool * isSymbol","JSVM_EXTERN JSVM_Status OH_JSVM_IsSymbol(JSVM_Env,JSVM_Value,bool *)"
ark_runtime/jsvm.h,1570,OH_JSVM_IsTypedarray,JSVM_EXTERN JSVM_Status,"JSVM_Env env,JSVM_Value value,bool * result","JSVM_EXTERN JSVM_Status OH_JSVM_IsTypedarray(JSVM_Env,JSVM_Value,bool *)"
ark_runtime/jsvm.h,2569,OH_JSVM_IsUndefined,JSVM_EXTERN JSVM_Status,"JSVM_Env env,JSVM_Value value,bool * isUndefined","JSVM_EXTERN JSVM_Status OH_JSVM_IsUndefined(JSVM_Env,JSVM_Value,bool *)"
ark_runtime/jsvm.h,3010,OH_JSVM_IsWasmModuleObject,JSVM_EXTERN JSVM_Status,"JSVM_Env env,JSVM_Value value,bool * result","JSVM_EXTERN JSVM_Status OH_JSVM_IsWasmModuleObject(JSVM_Env,JSVM_Value,bool *)"
ark_runtime/jsvm.h,2326,OH_JSVM_JsonParse,JSVM_EXTERN JSVM_Status,"JSVM_Env env,JSVM_Value jsonString,JSVM_Value * result","JSVM_EXTERN JSVM_Status OH_JSVM_JsonParse(JSVM_Env,JSVM_Value,JSVM_Value *)"
ark_runtime/jsvm.h,2339,OH_JSVM_JsonStringify,JSVM_EXTERN JSVM_Status,"JSVM_Env env,JSVM_Value jsonObject,JSVM_Value * result","JSVM_EXTERN JSVM_Status OH_JSVM_JsonStringify(JSVM_Env,JSVM_Value,JSVM_Value *)"
ark_runtime/jsvm.h,2249,OH_JSVM_MemoryPressureNotification,JSVM_EXTERN JSVM_Status,"JSVM_Env env,JSVM_MemoryPressureLevel level","JSVM_EXTERN JSVM_Status OH_JSVM_MemoryPressureNotification(JSVM_Env,JSVM_MemoryPressureLevel)"
ark_runtime/jsvm.h,2043,OH_JSVM_NewInstance,JSVM_EXTERN JSVM_Status,"JSVM_Env env,JSVM_Value constructor,size_t argc,const JSVM_Value * argv,JSVM_Value * result","JSVM_EXTERN JSVM_Status OH_JSVM_NewInstance(JSVM_Env,JSVM_Value,size_t,const JSVM_Value *,JSVM_Value *)"
ark_runtime/jsvm.h,1920,OH_JSVM_ObjectFreeze,JSVM_EXTERN JSVM_Status,"JSVM_Env env,JSVM_Value object","JSVM_EXTERN JSVM_Status OH_JSVM_ObjectFreeze(JSVM_Env,JSVM_Value)"
ark_runtime/jsvm.h,2864,OH_JSVM_ObjectGetPrototypeOf,JSVM_EXTERN JSVM_Status,"JSVM_Env env,JSVM_Value object,JSVM_Value * result","JSVM_EXTERN JSVM_Status OH_JSVM_ObjectGetPrototypeOf(JSVM_Env,JSVM_Value,JSVM_Value *)"
ark_runtime/jsvm.h,1933,OH_JSVM_ObjectSeal,JSVM_EXTERN JSVM_Status,"JSVM_Env env,JSVM_Value object","JSVM_EXTERN JSVM_Status OH_JSVM_ObjectSeal(JSVM_Env,JSVM_Value)"
ark_runtime/jsvm.h,2879,OH_JSVM_ObjectSetPrototypeOf,JSVM_EXTERN JSVM_Status,"JSVM_Env env,JSVM_Value object,JSVM_Value prototype","JSVM_EXTERN JSVM_Status OH_JSVM_ObjectSetPrototypeOf(JSVM_Env,JSVM_Value,JSVM_Value)"
ark_runtime/jsvm.h,207,OH_JSVM_OpenEnvScope,JSVM_EXTERN JSVM_Status,"JSVM_Env env,JSVM_EnvScope * result","JSVM_EXTERN JSVM_Status OH_JSVM_OpenEnvScope(JSVM_Env,JSVM_EnvScope *)"
ark_runtime/jsvm.h,564,OH_JSVM_OpenEscapableHandleScope,JSVM_EXTERN JSVM_Status,"JSVM_Env env,JSVM_EscapableHandleScope * result","JSVM_EXTERN JSVM_Status OH_JSVM_OpenEscapableHandleScope(JSVM_Env,JSVM_EscapableHandleScope *)"
ark_runtime/jsvm.h,539,OH_JSVM_OpenHandleScope,JSVM_EXTERN JSVM_Status,"JSVM_Env env,JSVM_HandleScope * result","JSVM_EXTERN JSVM_Status OH_JSVM_OpenHandleScope(JSVM_Env,JSVM_HandleScope *)"
ark_runtime/jsvm.h,2425,OH_JSVM_OpenInspector,JSVM_EXTERN JSVM_Status,"JSVM_Env env,const char * host,uint16_t port","JSVM_EXTERN JSVM_Status OH_JSVM_OpenInspector(JSVM_Env,const char *,uint16_t)"
ark_runtime/jsvm.h,2946,OH_JSVM_OpenInspectorWithName,JSVM_EXTERN JSVM_Status,"JSVM_Env env,int pid,const char * name","JSVM_EXTERN JSVM_Status OH_JSVM_OpenInspectorWithName(JSVM_Env,int,const char *)"
ark_runtime/jsvm.h,143,OH_JSVM_OpenVMScope,JSVM_EXTERN JSVM_Status,"JSVM_VM vm,JSVM_VMScope * result","JSVM_EXTERN JSVM_Status OH_JSVM_OpenVMScope(JSVM_VM,JSVM_VMScope *)"
ark_runtime/jsvm.h,2542,OH_JSVM_PerformMicrotaskCheckpoint,JSVM_EXTERN JSVM_Status,JSVM_VM vm,JSVM_EXTERN JSVM_Status OH_JSVM_PerformMicrotaskCheckpoint(JSVM_VM)
ark_runtime/jsvm.h,2531,OH_JSVM_PumpMessageLoop,JSVM_EXTERN JSVM_Status,"JSVM_VM vm,bool * result","JSVM_EXTERN JSVM_Status OH_JSVM_PumpMessageLoop(JSVM_VM,bool *)"
ark_runtime/jsvm.h,637,OH_JSVM_ReferenceRef,JSVM_EXTERN JSVM_Status,"JSVM_Env env,JSVM_Ref ref,uint32_t * result","JSVM_EXTERN JSVM_Status OH_JSVM_ReferenceRef(JSVM_Env,JSVM_Ref,uint32_t *)"
ark_runtime/jsvm.h,652,OH_JSVM_ReferenceUnref,JSVM_EXTERN JSVM_Status,"JSVM_Env env,JSVM_Ref ref,uint32_t * result","JSVM_EXTERN JSVM_Status OH_JSVM_ReferenceUnref(JSVM_Env,JSVM_Ref,uint32_t *)"
ark_runtime/jsvm.h,2300,OH_JSVM_RejectDeferred,JSVM_EXTERN JSVM_Status,"JSVM_Env env,JSVM_Deferred deferred,JSVM_Value rejection","JSVM_EXTERN JSVM_Status OH_JSVM_RejectDeferred(JSVM_Env,JSVM_Deferred,JSVM_Value)"
ark_runtime/jsvm.h,3045,OH_JSVM_ReleaseCache,JSVM_EXTERN JSVM_Status,"JSVM_Env env,const uint8_t * cacheData,JSVM_CacheType cacheType","JSVM_EXTERN JSVM_Status OH_JSVM_ReleaseCache(JSVM_Env,const uint8_t *,JSVM_CacheType)"
ark_runtime/jsvm.h,2519,OH_JSVM_ReleaseLock,JSVM_EXTERN JSVM_Status,JSVM_Env env,JSVM_EXTERN JSVM_Status OH_JSVM_ReleaseLock(JSVM_Env)
ark_runtime/jsvm.h,2932,OH_JSVM_ReleaseScript,JSVM_EXTERN JSVM_Status,"JSVM_Env env,JSVM_Script script","JSVM_EXTERN JSVM_Status OH_JSVM_ReleaseScript(JSVM_Env,JSVM_Script)"
ark_runtime/jsvm.h,2132,OH_JSVM_RemoveWrap,JSVM_EXTERN JSVM_Status,"JSVM_Env env,JSVM_Value jsObject,void ** result","JSVM_EXTERN JSVM_Status OH_JSVM_RemoveWrap(JSVM_Env,JSVM_Value,void **)"
ark_runtime/jsvm.h,2282,OH_JSVM_ResolveDeferred,JSVM_EXTERN JSVM_Status,"JSVM_Env env,JSVM_Deferred deferred,JSVM_Value resolution","JSVM_EXTERN JSVM_Status OH_JSVM_ResolveDeferred(JSVM_Env,JSVM_Deferred,JSVM_Value)"
ark_runtime/jsvm.h,2920,OH_JSVM_RetainScript,JSVM_EXTERN JSVM_Status,"JSVM_Env env,JSVM_Script script","JSVM_EXTERN JSVM_Status OH_JSVM_RetainScript(JSVM_Env,JSVM_Script)"
ark_runtime/jsvm.h,310,OH_JSVM_RunScript,JSVM_EXTERN JSVM_Status,"JSVM_Env env,JSVM_Script script,JSVM_Value * result","JSVM_EXTERN JSVM_Status OH_JSVM_RunScript(JSVM_Env,JSVM_Script,JSVM_Value *)"
ark_runtime/jsvm.h,1833,OH_JSVM_SetElement,JSVM_EXTERN JSVM_Status,"JSVM_Env env,JSVM_Value object,uint32_t index,JSVM_Value value","JSVM_EXTERN JSVM_Status OH_JSVM_SetElement(JSVM_Env,JSVM_Value,uint32_t,JSVM_Value)"
ark_runtime/jsvm.h,327,OH_JSVM_SetInstanceData,JSVM_EXTERN JSVM_Status,"JSVM_Env env,void * data,JSVM_Finalize finalizeCb,void * finalizeHint","JSVM_EXTERN JSVM_Status OH_JSVM_SetInstanceData(JSVM_Env,void *,JSVM_Finalize,void *)"
ark_runtime/jsvm.h,1783,OH_JSVM_SetNamedProperty,JSVM_EXTERN JSVM_Status,"JSVM_Env env,JSVM_Value object,const char * utf8name,JSVM_Value value","JSVM_EXTERN JSVM_Status OH_JSVM_SetNamedProperty(JSVM_Env,JSVM_Value,const char *,JSVM_Value)"
ark_runtime/jsvm.h,1699,OH_JSVM_SetProperty,JSVM_EXTERN JSVM_Status,"JSVM_Env env,JSVM_Value object,JSVM_Value key,JSVM_Value value","JSVM_EXTERN JSVM_Status OH_JSVM_SetProperty(JSVM_Env,JSVM_Value,JSVM_Value,JSVM_Value)"
ark_runtime/jsvm.h,2381,OH_JSVM_StartCpuProfiler,JSVM_EXTERN JSVM_Status,"JSVM_VM vm,JSVM_CpuProfiler * result","JSVM_EXTERN JSVM_Status OH_JSVM_StartCpuProfiler(JSVM_VM,JSVM_CpuProfiler *)"
ark_runtime/jsvm.h,2395,OH_JSVM_StopCpuProfiler,JSVM_EXTERN JSVM_Status,"JSVM_VM vm,JSVM_CpuProfiler profiler,JSVM_OutputStream stream,void * streamData","JSVM_EXTERN JSVM_Status OH_JSVM_StopCpuProfiler(JSVM_VM,JSVM_CpuProfiler,JSVM_OutputStream,void *)"
ark_runtime/jsvm.h,1599,OH_JSVM_StrictEquals,JSVM_EXTERN JSVM_Status,"JSVM_Env env,JSVM_Value lhs,JSVM_Value rhs,bool * result","JSVM_EXTERN JSVM_Status OH_JSVM_StrictEquals(JSVM_Env,JSVM_Value,JSVM_Value,bool *)"
ark_runtime/jsvm.h,849,OH_JSVM_SymbolFor,JSVM_EXTERN JSVM_Status,"JSVM_Env env,const char * utf8description,size_t length,JSVM_Value * result","JSVM_EXTERN JSVM_Status OH_JSVM_SymbolFor(JSVM_Env,const char *,size_t,JSVM_Value *)"
ark_runtime/jsvm.h,2410,OH_JSVM_TakeHeapSnapshot,JSVM_EXTERN JSVM_Status,"JSVM_VM vm,JSVM_OutputStream stream,void * streamData","JSVM_EXTERN JSVM_Status OH_JSVM_TakeHeapSnapshot(JSVM_VM,JSVM_OutputStream,void *)"
ark_runtime/jsvm.h,368,OH_JSVM_Throw,JSVM_EXTERN JSVM_Status,"JSVM_Env env,JSVM_Value error","JSVM_EXTERN JSVM_Status OH_JSVM_Throw(JSVM_Env,JSVM_Value)"
ark_runtime/jsvm.h,381,OH_JSVM_ThrowError,JSVM_EXTERN JSVM_Status,"JSVM_Env env,const char * code,const char * msg","JSVM_EXTERN JSVM_Status OH_JSVM_ThrowError(JSVM_Env,const char *,const char *)"
ark_runtime/jsvm.h,409,OH_JSVM_ThrowRangeError,JSVM_EXTERN JSVM_Status,"JSVM_Env env,const char * code,const char * msg","JSVM_EXTERN JSVM_Status OH_JSVM_ThrowRangeError(JSVM_Env,const char *,const char *)"
ark_runtime/jsvm.h,423,OH_JSVM_ThrowSyntaxError,JSVM_EXTERN JSVM_Status,"JSVM_Env env,const char * code,const char * msg","JSVM_EXTERN JSVM_Status OH_JSVM_ThrowSyntaxError(JSVM_Env,const char *,const char *)"
ark_runtime/jsvm.h,395,OH_JSVM_ThrowTypeError,JSVM_EXTERN JSVM_Status,"JSVM_Env env,const char * code,const char * msg","JSVM_EXTERN JSVM_Status OH_JSVM_ThrowTypeError(JSVM_Env,const char *,const char *)"
ark_runtime/jsvm.h,2150,OH_JSVM_TypeTagObject,JSVM_EXTERN JSVM_Status,"JSVM_Env env,JSVM_Value value,const JSVM_TypeTag * typeTag","JSVM_EXTERN JSVM_Status OH_JSVM_TypeTagObject(JSVM_Env,JSVM_Value,const JSVM_TypeTag *)"
ark_runtime/jsvm.h,1497,OH_JSVM_Typeof,JSVM_EXTERN JSVM_Status,"JSVM_Env env,JSVM_Value value,JSVM_ValueType * result","JSVM_EXTERN JSVM_Status OH_JSVM_Typeof(JSVM_Env,JSVM_Value,JSVM_ValueType *)"
ark_runtime/jsvm.h,2116,OH_JSVM_Unwrap,JSVM_EXTERN JSVM_Status,"JSVM_Env env,JSVM_Value jsObject,void ** result","JSVM_EXTERN JSVM_Status OH_JSVM_Unwrap(JSVM_Env,JSVM_Value,void **)"
ark_runtime/jsvm.h,2451,OH_JSVM_WaitForDebugger,JSVM_EXTERN JSVM_Status,"JSVM_Env env,bool breakNextLine","JSVM_EXTERN JSVM_Status OH_JSVM_WaitForDebugger(JSVM_Env,bool)"
ark_runtime/jsvm.h,2096,OH_JSVM_Wrap,JSVM_EXTERN JSVM_Status,"JSVM_Env env,JSVM_Value jsObject,void * nativeObject,JSVM_Finalize finalizeCb,void * finalizeHint,JSVM_Ref * result","JSVM_EXTERN JSVM_Status OH_JSVM_Wrap(JSVM_Env,JSVM_Value,void *,JSVM_Finalize,void *,JSVM_Ref *)"
ark_runtime/jsvm_types.h,153,JSVM_Value,unknown,JSVM_CDECL * callback,unknown JSVM_Value(JSVM_CDECL *)
ark_runtime/jsvm_types.h,590,JSVM_Value,unknown,JSVM_CDECL * genericNamedPropertyGetterCallback,unknown JSVM_Value(JSVM_CDECL *)
ark_runtime/jsvm_types.h,596,JSVM_Value,unknown,JSVM_CDECL * genericNamedPropertySetterCallback,unknown JSVM_Value(JSVM_CDECL *)
ark_runtime/jsvm_types.h,603,JSVM_Value,unknown,JSVM_CDECL * genericNamedPropertyDeleterCallback,unknown JSVM_Value(JSVM_CDECL *)
ark_runtime/jsvm_types.h,609,JSVM_Value,unknown,JSVM_CDECL * genericNamedPropertyEnumeratorCallback,unknown JSVM_Value(JSVM_CDECL *)
ark_runtime/jsvm_types.h,614,JSVM_Value,unknown,JSVM_CDECL * genericIndexedPropertyGetterCallback,unknown JSVM_Value(JSVM_CDECL *)
ark_runtime/jsvm_types.h,620,JSVM_Value,unknown,JSVM_CDECL * genericIndexedPropertySetterCallback,unknown JSVM_Value(JSVM_CDECL *)
ark_runtime/jsvm_types.h,627,JSVM_Value,unknown,JSVM_CDECL * genericIndexedPropertyDeleterCallback,unknown JSVM_Value(JSVM_CDECL *)
ark_runtime/jsvm_types.h,633,JSVM_Value,unknown,JSVM_CDECL * genericIndexedPropertyEnumeratorCallback,unknown JSVM_Value(JSVM_CDECL *)
arkui/drag_and_drop.h,556,OH_ArkUI_AllowNodeAllDropDataTypes,int32_t,ArkUI_NodeHandle node,int32_t OH_ArkUI_AllowNodeAllDropDataTypes(ArkUI_NodeHandle)
arkui/drag_and_drop.h,465,OH_ArkUI_CancelDataLoading,int32_t,"ArkUI_ContextHandle uiContext,const char * key","int32_t OH_ArkUI_CancelDataLoading(ArkUI_ContextHandle,const char *)"
arkui/drag_and_drop.h,703,OH_ArkUI_CreateDragActionWithContext,ArkUI_DragAction *,ArkUI_ContextHandle uiContext,ArkUI_DragAction * OH_ArkUI_CreateDragActionWithContext(ArkUI_ContextHandle)
arkui/drag_and_drop.h,694,OH_ArkUI_CreateDragActionWithNode,ArkUI_DragAction *,ArkUI_NodeHandle node,ArkUI_DragAction * OH_ArkUI_CreateDragActionWithNode(ArkUI_NodeHandle)
arkui/drag_and_drop.h,588,OH_ArkUI_CreateDragPreviewOption,ArkUI_DragPreviewOption *,void,ArkUI_DragPreviewOption * OH_ArkUI_CreateDragPreviewOption(void)
arkui/drag_and_drop.h,483,OH_ArkUI_DisableDropDataPrefetchOnNode,int32_t,"ArkUI_NodeHandle node,bool disabled","int32_t OH_ArkUI_DisableDropDataPrefetchOnNode(ArkUI_NodeHandle,bool)"
arkui/drag_and_drop.h,544,OH_ArkUI_DisallowNodeAnyDropDataTypes,int32_t,ArkUI_NodeHandle node,int32_t OH_ArkUI_DisallowNodeAnyDropDataTypes(ArkUI_NodeHandle)
arkui/drag_and_drop.h,711,OH_ArkUI_DragAction_Dispose,void,ArkUI_DragAction * dragAction,void OH_ArkUI_DragAction_Dispose(ArkUI_DragAction *)
arkui/drag_and_drop.h,802,OH_ArkUI_DragAction_RegisterStatusListener,int32_t,"ArkUI_DragAction * dragAction,void * userData,void (* listener)(ArkUI_DragAndDropInfo * dragAndDropInfo,void * userData)","int32_t OH_ArkUI_DragAction_RegisterStatusListener(ArkUI_DragAction *,void *,void (* listener)(ArkUI_DragAndDropInfo * dragAndDropInfo,void * userData))"
arkui/drag_and_drop.h,774,OH_ArkUI_DragAction_SetData,int32_t,"ArkUI_DragAction * dragAction,OH_UdmfData * data","int32_t OH_ArkUI_DragAction_SetData(ArkUI_DragAction *,OH_UdmfData *)"
arkui/drag_and_drop.h,786,OH_ArkUI_DragAction_SetDragPreviewOption,int32_t,"ArkUI_DragAction * dragAction,ArkUI_DragPreviewOption * option","int32_t OH_ArkUI_DragAction_SetDragPreviewOption(ArkUI_DragAction *,ArkUI_DragPreviewOption *)"
arkui/drag_and_drop.h,737,OH_ArkUI_DragAction_SetPixelMaps,int32_t,"ArkUI_DragAction * dragAction,OH_PixelmapNative * pixelmapArray[],int32_t size","int32_t OH_ArkUI_DragAction_SetPixelMaps(ArkUI_DragAction *,OH_PixelmapNative * pixelmapArray[],int32_t)"
arkui/drag_and_drop.h,724,OH_ArkUI_DragAction_SetPointerId,int32_t,"ArkUI_DragAction * dragAction,int32_t pointer","int32_t OH_ArkUI_DragAction_SetPointerId(ArkUI_DragAction *,int32_t)"
arkui/drag_and_drop.h,750,OH_ArkUI_DragAction_SetTouchPointX,int32_t,"ArkUI_DragAction * dragAction,float x","int32_t OH_ArkUI_DragAction_SetTouchPointX(ArkUI_DragAction *,float)"
arkui/drag_and_drop.h,762,OH_ArkUI_DragAction_SetTouchPointY,int32_t,"ArkUI_DragAction * dragAction,float y","int32_t OH_ArkUI_DragAction_SetTouchPointY(ArkUI_DragAction *,float)"
arkui/drag_and_drop.h,811,OH_ArkUI_DragAction_UnregisterStatusListener,void,ArkUI_DragAction * dragAction,void OH_ArkUI_DragAction_UnregisterStatusListener(ArkUI_DragAction *)
arkui/drag_and_drop.h,831,OH_ArkUI_DragAndDropInfo_GetDragEvent,ArkUI_DragEvent *,ArkUI_DragAndDropInfo * dragAndDropInfo,ArkUI_DragEvent * OH_ArkUI_DragAndDropInfo_GetDragEvent(ArkUI_DragAndDropInfo *)
arkui/drag_and_drop.h,820,OH_ArkUI_DragAndDropInfo_GetDragStatus,ArkUI_DragStatus,ArkUI_DragAndDropInfo * dragAndDropInfo,ArkUI_DragStatus OH_ArkUI_DragAndDropInfo_GetDragStatus(ArkUI_DragAndDropInfo *)
arkui/drag_and_drop.h,209,OH_ArkUI_DragEvent_DisableDefaultDropAnimation,int32_t,"ArkUI_DragEvent * event,bool disable","int32_t OH_ArkUI_DragEvent_DisableDefaultDropAnimation(ArkUI_DragEvent *,bool)"
arkui/drag_and_drop.h,270,OH_ArkUI_DragEvent_GetDataTypeCount,int32_t,"ArkUI_DragEvent * event,int32_t * count","int32_t OH_ArkUI_DragEvent_GetDataTypeCount(ArkUI_DragEvent *,int32_t *)"
arkui/drag_and_drop.h,286,OH_ArkUI_DragEvent_GetDataTypes,int32_t,"ArkUI_DragEvent * event,char * eventTypeArray[],int32_t length,int32_t maxStrLen","int32_t OH_ArkUI_DragEvent_GetDataTypes(ArkUI_DragEvent *,char * eventTypeArray[],int32_t,int32_t)"
arkui/drag_and_drop.h,299,OH_ArkUI_DragEvent_GetDragResult,int32_t,"ArkUI_DragEvent * event,ArkUI_DragResult * result","int32_t OH_ArkUI_DragEvent_GetDragResult(ArkUI_DragEvent *,ArkUI_DragResult *)"
arkui/drag_and_drop.h,312,OH_ArkUI_DragEvent_GetDropOperation,int32_t,"ArkUI_DragEvent * event,ArkUI_DropOperation * operation","int32_t OH_ArkUI_DragEvent_GetDropOperation(ArkUI_DragEvent *,ArkUI_DropOperation *)"
arkui/drag_and_drop.h,435,OH_ArkUI_DragEvent_GetModifierKeyStates,int32_t,"ArkUI_DragEvent * event,uint64_t * keys","int32_t OH_ArkUI_DragEvent_GetModifierKeyStates(ArkUI_DragEvent *,uint64_t *)"
arkui/drag_and_drop.h,352,OH_ArkUI_DragEvent_GetPreviewRectHeight,float,ArkUI_DragEvent * event,float OH_ArkUI_DragEvent_GetPreviewRectHeight(ArkUI_DragEvent *)
arkui/drag_and_drop.h,342,OH_ArkUI_DragEvent_GetPreviewRectWidth,float,ArkUI_DragEvent * event,float OH_ArkUI_DragEvent_GetPreviewRectWidth(ArkUI_DragEvent *)
arkui/drag_and_drop.h,322,OH_ArkUI_DragEvent_GetPreviewTouchPointX,float,ArkUI_DragEvent * event,float OH_ArkUI_DragEvent_GetPreviewTouchPointX(ArkUI_DragEvent *)
arkui/drag_and_drop.h,332,OH_ArkUI_DragEvent_GetPreviewTouchPointY,float,ArkUI_DragEvent * event,float OH_ArkUI_DragEvent_GetPreviewTouchPointY(ArkUI_DragEvent *)
arkui/drag_and_drop.h,382,OH_ArkUI_DragEvent_GetTouchPointXToDisplay,float,ArkUI_DragEvent * event,float OH_ArkUI_DragEvent_GetTouchPointXToDisplay(ArkUI_DragEvent *)
arkui/drag_and_drop.h,362,OH_ArkUI_DragEvent_GetTouchPointXToWindow,float,ArkUI_DragEvent * event,float OH_ArkUI_DragEvent_GetTouchPointXToWindow(ArkUI_DragEvent *)
arkui/drag_and_drop.h,392,OH_ArkUI_DragEvent_GetTouchPointYToDisplay,float,ArkUI_DragEvent * event,float OH_ArkUI_DragEvent_GetTouchPointYToDisplay(ArkUI_DragEvent *)
arkui/drag_and_drop.h,372,OH_ArkUI_DragEvent_GetTouchPointYToWindow,float,ArkUI_DragEvent * event,float OH_ArkUI_DragEvent_GetTouchPointYToWindow(ArkUI_DragEvent *)
arkui/drag_and_drop.h,258,OH_ArkUI_DragEvent_GetUdmfData,int32_t,"ArkUI_DragEvent * event,OH_UdmfData * data","int32_t OH_ArkUI_DragEvent_GetUdmfData(ArkUI_DragEvent *,OH_UdmfData *)"
arkui/drag_and_drop.h,422,OH_ArkUI_DragEvent_GetVelocity,float,ArkUI_DragEvent * event,float OH_ArkUI_DragEvent_GetVelocity(ArkUI_DragEvent *)
arkui/drag_and_drop.h,402,OH_ArkUI_DragEvent_GetVelocityX,float,ArkUI_DragEvent * event,float OH_ArkUI_DragEvent_GetVelocityX(ArkUI_DragEvent *)
arkui/drag_and_drop.h,412,OH_ArkUI_DragEvent_GetVelocityY,float,ArkUI_DragEvent * event,float OH_ArkUI_DragEvent_GetVelocityY(ArkUI_DragEvent *)
arkui/drag_and_drop.h,245,OH_ArkUI_DragEvent_SetData,int32_t,"ArkUI_DragEvent * event,OH_UdmfData * data","int32_t OH_ArkUI_DragEvent_SetData(ArkUI_DragEvent *,OH_UdmfData *)"
arkui/drag_and_drop.h,233,OH_ArkUI_DragEvent_SetDragResult,int32_t,"ArkUI_DragEvent * event,ArkUI_DragResult result","int32_t OH_ArkUI_DragEvent_SetDragResult(ArkUI_DragEvent *,ArkUI_DragResult)"
arkui/drag_and_drop.h,221,OH_ArkUI_DragEvent_SetSuggestedDropOperation,int32_t,"ArkUI_DragEvent * event,ArkUI_DropOperation dropOperation","int32_t OH_ArkUI_DragEvent_SetSuggestedDropOperation(ArkUI_DragEvent *,ArkUI_DropOperation)"
arkui/drag_and_drop.h,451,OH_ArkUI_DragEvent_StartDataLoading,int32_t,"ArkUI_DragEvent * event,OH_UdmfGetDataParams * options,char * key,unsigned int keyLen","int32_t OH_ArkUI_DragEvent_StartDataLoading(ArkUI_DragEvent *,OH_UdmfGetDataParams *,char *,unsigned int)"
arkui/drag_and_drop.h,596,OH_ArkUI_DragPreviewOption_Dispose,void,ArkUI_DragPreviewOption * option,void OH_ArkUI_DragPreviewOption_Dispose(ArkUI_DragPreviewOption *)
arkui/drag_and_drop.h,660,OH_ArkUI_DragPreviewOption_SetBadgeNumber,int32_t,"ArkUI_DragPreviewOption * option,uint32_t forcedNumber","int32_t OH_ArkUI_DragPreviewOption_SetBadgeNumber(ArkUI_DragPreviewOption *,uint32_t)"
arkui/drag_and_drop.h,672,OH_ArkUI_DragPreviewOption_SetDefaultAnimationBeforeLiftingEnabled,int32_t,"ArkUI_DragPreviewOption * option,bool enabled","int32_t OH_ArkUI_DragPreviewOption_SetDefaultAnimationBeforeLiftingEnabled(ArkUI_DragPreviewOption *,bool)"
arkui/drag_and_drop.h,634,OH_ArkUI_DragPreviewOption_SetDefaultRadiusEnabled,int32_t,"ArkUI_DragPreviewOption * option,bool enabled","int32_t OH_ArkUI_DragPreviewOption_SetDefaultRadiusEnabled(ArkUI_DragPreviewOption *,bool)"
arkui/drag_and_drop.h,621,OH_ArkUI_DragPreviewOption_SetDefaultShadowEnabled,int32_t,"ArkUI_DragPreviewOption * option,bool enabled","int32_t OH_ArkUI_DragPreviewOption_SetDefaultShadowEnabled(ArkUI_DragPreviewOption *,bool)"
arkui/drag_and_drop.h,647,OH_ArkUI_DragPreviewOption_SetNumberBadgeEnabled,int32_t,"ArkUI_DragPreviewOption * option,bool enabled","int32_t OH_ArkUI_DragPreviewOption_SetNumberBadgeEnabled(ArkUI_DragPreviewOption *,bool)"
arkui/drag_and_drop.h,608,OH_ArkUI_DragPreviewOption_SetScaleMode,int32_t,"ArkUI_DragPreviewOption * option,ArkUI_DragPreviewScaleMode scaleMode","int32_t OH_ArkUI_DragPreviewOption_SetScaleMode(ArkUI_DragPreviewOption *,ArkUI_DragPreviewScaleMode)"
arkui/drag_and_drop.h,186,OH_ArkUI_NodeEvent_GetDragEvent,ArkUI_DragEvent *,ArkUI_NodeEvent * nodeEvent,ArkUI_DragEvent * OH_ArkUI_NodeEvent_GetDragEvent(ArkUI_NodeEvent *)
arkui/drag_and_drop.h,195,OH_ArkUI_NodeEvent_GetPreDragStatus,ArkUI_PreDragStatus,ArkUI_NodeEvent * nodeEvent,ArkUI_PreDragStatus OH_ArkUI_NodeEvent_GetPreDragStatus(ArkUI_NodeEvent *)
arkui/drag_and_drop.h,518,OH_ArkUI_SetDragEventStrictReportWithContext,int32_t,"ArkUI_ContextHandle uiContext,bool enabled","int32_t OH_ArkUI_SetDragEventStrictReportWithContext(ArkUI_ContextHandle,bool)"
arkui/drag_and_drop.h,501,OH_ArkUI_SetDragEventStrictReportWithNode,int32_t,"ArkUI_NodeHandle node,bool enabled","int32_t OH_ArkUI_SetDragEventStrictReportWithNode(ArkUI_NodeHandle,bool)"
arkui/drag_and_drop.h,532,OH_ArkUI_SetNodeAllowedDropDataTypes,int32_t,"ArkUI_NodeHandle node,const char * typesArray[],int32_t count","int32_t OH_ArkUI_SetNodeAllowedDropDataTypes(ArkUI_NodeHandle,const char * typesArray[],int32_t)"
arkui/drag_and_drop.h,580,OH_ArkUI_SetNodeDragPreview,int32_t,"ArkUI_NodeHandle node,OH_PixelmapNative * preview","int32_t OH_ArkUI_SetNodeDragPreview(ArkUI_NodeHandle,OH_PixelmapNative *)"
arkui/drag_and_drop.h,684,OH_ArkUI_SetNodeDragPreviewOption,int32_t,"ArkUI_NodeHandle node,ArkUI_DragPreviewOption * option","int32_t OH_ArkUI_SetNodeDragPreviewOption(ArkUI_NodeHandle,ArkUI_DragPreviewOption *)"
arkui/drag_and_drop.h,568,OH_ArkUI_SetNodeDraggable,int32_t,"ArkUI_NodeHandle node,bool enabled","int32_t OH_ArkUI_SetNodeDraggable(ArkUI_NodeHandle,bool)"
arkui/drag_and_drop.h,842,OH_ArkUI_StartDrag,int32_t,ArkUI_DragAction * dragAction,int32_t OH_ArkUI_StartDrag(ArkUI_DragAction *)
arkui/drawable_descriptor.h,84,OH_ArkUI_DrawableDescriptor_CreateFromAnimatedPixelMap,ArkUI_DrawableDescriptor *,"OH_PixelmapNativeHandle * array,int32_t size","ArkUI_DrawableDescriptor * OH_ArkUI_DrawableDescriptor_CreateFromAnimatedPixelMap(OH_PixelmapNativeHandle *,int32_t)"
arkui/drawable_descriptor.h,74,OH_ArkUI_DrawableDescriptor_CreateFromPixelMap,ArkUI_DrawableDescriptor *,OH_PixelmapNativeHandle pixelMap,ArkUI_DrawableDescriptor * OH_ArkUI_DrawableDescriptor_CreateFromPixelMap(OH_PixelmapNativeHandle)
arkui/drawable_descriptor.h,93,OH_ArkUI_DrawableDescriptor_Dispose,void,ArkUI_DrawableDescriptor * drawableDescriptor,void OH_ArkUI_DrawableDescriptor_Dispose(ArkUI_DrawableDescriptor *)
arkui/drawable_descriptor.h,111,OH_ArkUI_DrawableDescriptor_GetAnimatedPixelMapArray,OH_PixelmapNativeHandle *,ArkUI_DrawableDescriptor * drawableDescriptor,OH_PixelmapNativeHandle * OH_ArkUI_DrawableDescriptor_GetAnimatedPixelMapArray(ArkUI_DrawableDescriptor *)
arkui/drawable_descriptor.h,121,OH_ArkUI_DrawableDescriptor_GetAnimatedPixelMapArraySize,int32_t,ArkUI_DrawableDescriptor * drawableDescriptor,int32_t OH_ArkUI_DrawableDescriptor_GetAnimatedPixelMapArraySize(ArkUI_DrawableDescriptor *)
arkui/drawable_descriptor.h,139,OH_ArkUI_DrawableDescriptor_GetAnimationDuration,int32_t,ArkUI_DrawableDescriptor * drawableDescriptor,int32_t OH_ArkUI_DrawableDescriptor_GetAnimationDuration(ArkUI_DrawableDescriptor *)
arkui/drawable_descriptor.h,158,OH_ArkUI_DrawableDescriptor_GetAnimationIteration,int32_t,ArkUI_DrawableDescriptor * drawableDescriptor,int32_t OH_ArkUI_DrawableDescriptor_GetAnimationIteration(ArkUI_DrawableDescriptor *)
arkui/drawable_descriptor.h,102,OH_ArkUI_DrawableDescriptor_GetStaticPixelMap,OH_PixelmapNativeHandle,ArkUI_DrawableDescriptor * drawableDescriptor,OH_PixelmapNativeHandle OH_ArkUI_DrawableDescriptor_GetStaticPixelMap(ArkUI_DrawableDescriptor *)
arkui/drawable_descriptor.h,130,OH_ArkUI_DrawableDescriptor_SetAnimationDuration,void,"ArkUI_DrawableDescriptor * drawableDescriptor,int32_t duration","void OH_ArkUI_DrawableDescriptor_SetAnimationDuration(ArkUI_DrawableDescriptor *,int32_t)"
arkui/drawable_descriptor.h,148,OH_ArkUI_DrawableDescriptor_SetAnimationIteration,void,"ArkUI_DrawableDescriptor * drawableDescriptor,int32_t iteration","void OH_ArkUI_DrawableDescriptor_SetAnimationIteration(ArkUI_DrawableDescriptor *,int32_t)"
arkui/native_animate.h,201,OH_ArkUI_AnimateOption_Create,ArkUI_AnimateOption *,void,ArkUI_AnimateOption * OH_ArkUI_AnimateOption_Create(void)
arkui/native_animate.h,208,OH_ArkUI_AnimateOption_Dispose,void,ArkUI_AnimateOption * option,void OH_ArkUI_AnimateOption_Dispose(ArkUI_AnimateOption *)
arkui/native_animate.h,235,OH_ArkUI_AnimateOption_GetCurve,ArkUI_AnimationCurve,ArkUI_AnimateOption * option,ArkUI_AnimationCurve OH_ArkUI_AnimateOption_GetCurve(ArkUI_AnimateOption *)
arkui/native_animate.h,244,OH_ArkUI_AnimateOption_GetDelay,int32_t,ArkUI_AnimateOption * option,int32_t OH_ArkUI_AnimateOption_GetDelay(ArkUI_AnimateOption *)
arkui/native_animate.h,217,OH_ArkUI_AnimateOption_GetDuration,uint32_t,ArkUI_AnimateOption * option,uint32_t OH_ArkUI_AnimateOption_GetDuration(ArkUI_AnimateOption *)
arkui/native_animate.h,271,OH_ArkUI_AnimateOption_GetExpectedFrameRateRange,ArkUI_ExpectedFrameRateRange *,ArkUI_AnimateOption * option,ArkUI_ExpectedFrameRateRange * OH_ArkUI_AnimateOption_GetExpectedFrameRateRange(ArkUI_AnimateOption *)
arkui/native_animate.h,354,OH_ArkUI_AnimateOption_GetICurve,ArkUI_CurveHandle,ArkUI_AnimateOption * option,ArkUI_CurveHandle OH_ArkUI_AnimateOption_GetICurve(ArkUI_AnimateOption *)
arkui/native_animate.h,253,OH_ArkUI_AnimateOption_GetIterations,int32_t,ArkUI_AnimateOption * option,int32_t OH_ArkUI_AnimateOption_GetIterations(ArkUI_AnimateOption *)
arkui/native_animate.h,262,OH_ArkUI_AnimateOption_GetPlayMode,ArkUI_AnimationPlayMode,ArkUI_AnimateOption * option,ArkUI_AnimationPlayMode OH_ArkUI_AnimateOption_GetPlayMode(ArkUI_AnimateOption *)
arkui/native_animate.h,226,OH_ArkUI_AnimateOption_GetTempo,float,ArkUI_AnimateOption * option,float OH_ArkUI_AnimateOption_GetTempo(ArkUI_AnimateOption *)
arkui/native_animate.h,298,OH_ArkUI_AnimateOption_SetCurve,void,"ArkUI_AnimateOption * option,ArkUI_AnimationCurve value","void OH_ArkUI_AnimateOption_SetCurve(ArkUI_AnimateOption *,ArkUI_AnimationCurve)"
arkui/native_animate.h,307,OH_ArkUI_AnimateOption_SetDelay,void,"ArkUI_AnimateOption * option,int32_t value","void OH_ArkUI_AnimateOption_SetDelay(ArkUI_AnimateOption *,int32_t)"
arkui/native_animate.h,280,OH_ArkUI_AnimateOption_SetDuration,void,"ArkUI_AnimateOption * option,int32_t value","void OH_ArkUI_AnimateOption_SetDuration(ArkUI_AnimateOption *,int32_t)"
arkui/native_animate.h,334,OH_ArkUI_AnimateOption_SetExpectedFrameRateRange,void,"ArkUI_AnimateOption * option,ArkUI_ExpectedFrameRateRange * value","void OH_ArkUI_AnimateOption_SetExpectedFrameRateRange(ArkUI_AnimateOption *,ArkUI_ExpectedFrameRateRange *)"
arkui/native_animate.h,344,OH_ArkUI_AnimateOption_SetICurve,void,"ArkUI_AnimateOption * option,ArkUI_CurveHandle value","void OH_ArkUI_AnimateOption_SetICurve(ArkUI_AnimateOption *,ArkUI_CurveHandle)"
arkui/native_animate.h,316,OH_ArkUI_AnimateOption_SetIterations,void,"ArkUI_AnimateOption * option,int32_t value","void OH_ArkUI_AnimateOption_SetIterations(ArkUI_AnimateOption *,int32_t)"
arkui/native_animate.h,325,OH_ArkUI_AnimateOption_SetPlayMode,void,"ArkUI_AnimateOption * option,ArkUI_AnimationPlayMode value","void OH_ArkUI_AnimateOption_SetPlayMode(ArkUI_AnimateOption *,ArkUI_AnimationPlayMode)"
arkui/native_animate.h,289,OH_ArkUI_AnimateOption_SetTempo,void,"ArkUI_AnimateOption * option,float value","void OH_ArkUI_AnimateOption_SetTempo(ArkUI_AnimateOption *,float)"
arkui/native_animate.h,788,OH_ArkUI_AnimatorEvent_GetUserData,void *,ArkUI_AnimatorEvent * event,void * OH_ArkUI_AnimatorEvent_GetUserData(ArkUI_AnimatorEvent *)
arkui/native_animate.h,797,OH_ArkUI_AnimatorOnFrameEvent_GetUserData,void *,ArkUI_AnimatorOnFrameEvent * event,void * OH_ArkUI_AnimatorOnFrameEvent_GetUserData(ArkUI_AnimatorOnFrameEvent *)
arkui/native_animate.h,806,OH_ArkUI_AnimatorOnFrameEvent_GetValue,float,ArkUI_AnimatorOnFrameEvent * event,float OH_ArkUI_AnimatorOnFrameEvent_GetValue(ArkUI_AnimatorOnFrameEvent *)
arkui/native_animate.h,510,OH_ArkUI_AnimatorOption_Create,ArkUI_AnimatorOption *,int32_t keyframeSize,ArkUI_AnimatorOption * OH_ArkUI_AnimatorOption_Create(int32_t)
arkui/native_animate.h,517,OH_ArkUI_AnimatorOption_Dispose,void,ArkUI_AnimatorOption * option,void OH_ArkUI_AnimatorOption_Dispose(ArkUI_AnimatorOption *)
arkui/native_animate.h,728,OH_ArkUI_AnimatorOption_GetBegin,float,ArkUI_AnimatorOption * option,float OH_ArkUI_AnimatorOption_GetBegin(ArkUI_AnimatorOption *)
arkui/native_animate.h,719,OH_ArkUI_AnimatorOption_GetCurve,ArkUI_CurveHandle,ArkUI_AnimatorOption * option,ArkUI_CurveHandle OH_ArkUI_AnimatorOption_GetCurve(ArkUI_AnimatorOption *)
arkui/native_animate.h,682,OH_ArkUI_AnimatorOption_GetDelay,int32_t,ArkUI_AnimatorOption * option,int32_t OH_ArkUI_AnimatorOption_GetDelay(ArkUI_AnimatorOption *)
arkui/native_animate.h,709,OH_ArkUI_AnimatorOption_GetDirection,ArkUI_AnimationDirection,ArkUI_AnimatorOption * option,ArkUI_AnimationDirection OH_ArkUI_AnimatorOption_GetDirection(ArkUI_AnimatorOption *)
arkui/native_animate.h,673,OH_ArkUI_AnimatorOption_GetDuration,int32_t,ArkUI_AnimatorOption * option,int32_t OH_ArkUI_AnimatorOption_GetDuration(ArkUI_AnimatorOption *)
arkui/native_animate.h,737,OH_ArkUI_AnimatorOption_GetEnd,float,ArkUI_AnimatorOption * option,float OH_ArkUI_AnimatorOption_GetEnd(ArkUI_AnimatorOption *)
arkui/native_animate.h,747,OH_ArkUI_AnimatorOption_GetExpectedFrameRateRange,ArkUI_ExpectedFrameRateRange *,ArkUI_AnimatorOption * option,ArkUI_ExpectedFrameRateRange * OH_ArkUI_AnimatorOption_GetExpectedFrameRateRange(ArkUI_AnimatorOption *)
arkui/native_animate.h,700,OH_ArkUI_AnimatorOption_GetFill,ArkUI_AnimationFillMode,ArkUI_AnimatorOption * option,ArkUI_AnimationFillMode OH_ArkUI_AnimatorOption_GetFill(ArkUI_AnimatorOption *)
arkui/native_animate.h,691,OH_ArkUI_AnimatorOption_GetIterations,int32_t,ArkUI_AnimatorOption * option,int32_t OH_ArkUI_AnimatorOption_GetIterations(ArkUI_AnimatorOption *)
arkui/native_animate.h,778,OH_ArkUI_AnimatorOption_GetKeyframeCurve,ArkUI_CurveHandle,"ArkUI_AnimatorOption * option,int32_t index","ArkUI_CurveHandle OH_ArkUI_AnimatorOption_GetKeyframeCurve(ArkUI_AnimatorOption *,int32_t)"
arkui/native_animate.h,757,OH_ArkUI_AnimatorOption_GetKeyframeTime,float,"ArkUI_AnimatorOption * option,int32_t index","float OH_ArkUI_AnimatorOption_GetKeyframeTime(ArkUI_AnimatorOption *,int32_t)"
arkui/native_animate.h,767,OH_ArkUI_AnimatorOption_GetKeyframeValue,float,"ArkUI_AnimatorOption * option,int32_t index","float OH_ArkUI_AnimatorOption_GetKeyframeValue(ArkUI_AnimatorOption *,int32_t)"
arkui/native_animate.h,847,OH_ArkUI_AnimatorOption_RegisterOnCancelCallback,int32_t,"ArkUI_AnimatorOption * option,void * userData,void (* callback)(ArkUI_AnimatorEvent * event)","int32_t OH_ArkUI_AnimatorOption_RegisterOnCancelCallback(ArkUI_AnimatorOption *,void *,void (* callback)(ArkUI_AnimatorEvent * event))"
arkui/native_animate.h,833,OH_ArkUI_AnimatorOption_RegisterOnFinishCallback,int32_t,"ArkUI_AnimatorOption * option,void * userData,void (* callback)(ArkUI_AnimatorEvent * event)","int32_t OH_ArkUI_AnimatorOption_RegisterOnFinishCallback(ArkUI_AnimatorOption *,void *,void (* callback)(ArkUI_AnimatorEvent * event))"
arkui/native_animate.h,819,OH_ArkUI_AnimatorOption_RegisterOnFrameCallback,int32_t,"ArkUI_AnimatorOption * option,void * userData,void (* callback)(ArkUI_AnimatorOnFrameEvent * event)","int32_t OH_ArkUI_AnimatorOption_RegisterOnFrameCallback(ArkUI_AnimatorOption *,void *,void (* callback)(ArkUI_AnimatorOnFrameEvent * event))"
arkui/native_animate.h,861,OH_ArkUI_AnimatorOption_RegisterOnRepeatCallback,int32_t,"ArkUI_AnimatorOption * option,void * userData,void (* callback)(ArkUI_AnimatorEvent * event)","int32_t OH_ArkUI_AnimatorOption_RegisterOnRepeatCallback(ArkUI_AnimatorOption *,void *,void (* callback)(ArkUI_AnimatorEvent * event))"
arkui/native_animate.h,608,OH_ArkUI_AnimatorOption_SetBegin,int32_t,"ArkUI_AnimatorOption * option,float value","int32_t OH_ArkUI_AnimatorOption_SetBegin(ArkUI_AnimatorOption *,float)"
arkui/native_animate.h,595,OH_ArkUI_AnimatorOption_SetCurve,int32_t,"ArkUI_AnimatorOption * option,ArkUI_CurveHandle value","int32_t OH_ArkUI_AnimatorOption_SetCurve(ArkUI_AnimatorOption *,ArkUI_CurveHandle)"
arkui/native_animate.h,541,OH_ArkUI_AnimatorOption_SetDelay,int32_t,"ArkUI_AnimatorOption * option,int32_t value","int32_t OH_ArkUI_AnimatorOption_SetDelay(ArkUI_AnimatorOption *,int32_t)"
arkui/native_animate.h,580,OH_ArkUI_AnimatorOption_SetDirection,int32_t,"ArkUI_AnimatorOption * option,ArkUI_AnimationDirection value","int32_t OH_ArkUI_AnimatorOption_SetDirection(ArkUI_AnimatorOption *,ArkUI_AnimationDirection)"
arkui/native_animate.h,529,OH_ArkUI_AnimatorOption_SetDuration,int32_t,"ArkUI_AnimatorOption * option,int32_t value","int32_t OH_ArkUI_AnimatorOption_SetDuration(ArkUI_AnimatorOption *,int32_t)"
arkui/native_animate.h,621,OH_ArkUI_AnimatorOption_SetEnd,int32_t,"ArkUI_AnimatorOption * option,float value","int32_t OH_ArkUI_AnimatorOption_SetEnd(ArkUI_AnimatorOption *,float)"
arkui/native_animate.h,633,OH_ArkUI_AnimatorOption_SetExpectedFrameRateRange,int32_t,"ArkUI_AnimatorOption * option,ArkUI_ExpectedFrameRateRange * value","int32_t OH_ArkUI_AnimatorOption_SetExpectedFrameRateRange(ArkUI_AnimatorOption *,ArkUI_ExpectedFrameRateRange *)"
arkui/native_animate.h,568,OH_ArkUI_AnimatorOption_SetFill,int32_t,"ArkUI_AnimatorOption * option,ArkUI_AnimationFillMode value","int32_t OH_ArkUI_AnimatorOption_SetFill(ArkUI_AnimatorOption *,ArkUI_AnimationFillMode)"
arkui/native_animate.h,556,OH_ArkUI_AnimatorOption_SetIterations,int32_t,"ArkUI_AnimatorOption * option,int32_t value","int32_t OH_ArkUI_AnimatorOption_SetIterations(ArkUI_AnimatorOption *,int32_t)"
arkui/native_animate.h,648,OH_ArkUI_AnimatorOption_SetKeyframe,int32_t,"ArkUI_AnimatorOption * option,float time,float value,int32_t index","int32_t OH_ArkUI_AnimatorOption_SetKeyframe(ArkUI_AnimatorOption *,float,float,int32_t)"
arkui/native_animate.h,665,OH_ArkUI_AnimatorOption_SetKeyframeCurve,int32_t,"ArkUI_AnimatorOption * option,ArkUI_CurveHandle value,int32_t index","int32_t OH_ArkUI_AnimatorOption_SetKeyframeCurve(ArkUI_AnimatorOption *,ArkUI_CurveHandle,int32_t)"
arkui/native_animate.h,919,OH_ArkUI_Animator_Cancel,int32_t,ArkUI_AnimatorHandle animatorHandle,int32_t OH_ArkUI_Animator_Cancel(ArkUI_AnimatorHandle)
arkui/native_animate.h,897,OH_ArkUI_Animator_Finish,int32_t,ArkUI_AnimatorHandle animatorHandle,int32_t OH_ArkUI_Animator_Finish(ArkUI_AnimatorHandle)
arkui/native_animate.h,908,OH_ArkUI_Animator_Pause,int32_t,ArkUI_AnimatorHandle animatorHandle,int32_t OH_ArkUI_Animator_Pause(ArkUI_AnimatorHandle)
arkui/native_animate.h,886,OH_ArkUI_Animator_Play,int32_t,ArkUI_AnimatorHandle animatorHandle,int32_t OH_ArkUI_Animator_Play(ArkUI_AnimatorHandle)
arkui/native_animate.h,874,OH_ArkUI_Animator_ResetAnimatorOption,int32_t,"ArkUI_AnimatorHandle animatorHandle,ArkUI_AnimatorOption * option","int32_t OH_ArkUI_Animator_ResetAnimatorOption(ArkUI_AnimatorHandle,ArkUI_AnimatorOption *)"
arkui/native_animate.h,930,OH_ArkUI_Animator_Reverse,int32_t,ArkUI_AnimatorHandle animatorHandle,int32_t OH_ArkUI_Animator_Reverse(ArkUI_AnimatorHandle)
arkui/native_animate.h,1140,OH_ArkUI_CreateAsymmetricTransitionEffect,ArkUI_TransitionEffect *,"ArkUI_TransitionEffect * appear,ArkUI_TransitionEffect * disappear","ArkUI_TransitionEffect * OH_ArkUI_CreateAsymmetricTransitionEffect(ArkUI_TransitionEffect *,ArkUI_TransitionEffect *)"
arkui/native_animate.h,1127,OH_ArkUI_CreateMovementTransitionEffect,ArkUI_TransitionEffect *,ArkUI_TransitionEdge edge,ArkUI_TransitionEffect * OH_ArkUI_CreateMovementTransitionEffect(ArkUI_TransitionEdge)
arkui/native_animate.h,1087,OH_ArkUI_CreateOpacityTransitionEffect,ArkUI_TransitionEffect *,float opacity,ArkUI_TransitionEffect * OH_ArkUI_CreateOpacityTransitionEffect(float)
arkui/native_animate.h,1117,OH_ArkUI_CreateRotationTransitionEffect,ArkUI_TransitionEffect *,ArkUI_RotationOptions * rotate,ArkUI_TransitionEffect * OH_ArkUI_CreateRotationTransitionEffect(ArkUI_RotationOptions *)
arkui/native_animate.h,1107,OH_ArkUI_CreateScaleTransitionEffect,ArkUI_TransitionEffect *,ArkUI_ScaleOptions * scale,ArkUI_TransitionEffect * OH_ArkUI_CreateScaleTransitionEffect(ArkUI_ScaleOptions *)
arkui/native_animate.h,1097,OH_ArkUI_CreateTranslationTransitionEffect,ArkUI_TransitionEffect *,ArkUI_TranslationOptions * translate,ArkUI_TransitionEffect * OH_ArkUI_CreateTranslationTransitionEffect(ArkUI_TranslationOptions *)
arkui/native_animate.h,966,OH_ArkUI_Curve_CreateCubicBezierCurve,ArkUI_CurveHandle,"float x1,float y1,float x2,float y2","ArkUI_CurveHandle OH_ArkUI_Curve_CreateCubicBezierCurve(float,float,float,float)"
arkui/native_animate.h,940,OH_ArkUI_Curve_CreateCurveByType,ArkUI_CurveHandle,ArkUI_AnimationCurve curve,ArkUI_CurveHandle OH_ArkUI_Curve_CreateCurveByType(ArkUI_AnimationCurve)
arkui/native_animate.h,1068,OH_ArkUI_Curve_CreateCustomCurve,ArkUI_CurveHandle,"void * userData,float (* interpolate)(float fraction,void * userdata)","ArkUI_CurveHandle OH_ArkUI_Curve_CreateCustomCurve(void *,float (* interpolate)(float fraction,void * userdata))"
arkui/native_animate.h,1051,OH_ArkUI_Curve_CreateInterpolatingSpring,ArkUI_CurveHandle,"float velocity,float mass,float stiffness,float damping","ArkUI_CurveHandle OH_ArkUI_Curve_CreateInterpolatingSpring(float,float,float,float)"
arkui/native_animate.h,1025,OH_ArkUI_Curve_CreateResponsiveSpringMotion,ArkUI_CurveHandle,"float response,float dampingFraction,float overlapDuration","ArkUI_CurveHandle OH_ArkUI_Curve_CreateResponsiveSpringMotion(float,float,float)"
arkui/native_animate.h,987,OH_ArkUI_Curve_CreateSpringCurve,ArkUI_CurveHandle,"float velocity,float mass,float stiffness,float damping","ArkUI_CurveHandle OH_ArkUI_Curve_CreateSpringCurve(float,float,float,float)"
arkui/native_animate.h,1006,OH_ArkUI_Curve_CreateSpringMotion,ArkUI_CurveHandle,"float response,float dampingFraction,float overlapDuration","ArkUI_CurveHandle OH_ArkUI_Curve_CreateSpringMotion(float,float,float)"
arkui/native_animate.h,951,OH_ArkUI_Curve_CreateStepsCurve,ArkUI_CurveHandle,"int32_t count,bool end","ArkUI_CurveHandle OH_ArkUI_Curve_CreateStepsCurve(int32_t,bool)"
arkui/native_animate.h,1076,OH_ArkUI_Curve_DisposeCurve,void,ArkUI_CurveHandle curveHandle,void OH_ArkUI_Curve_DisposeCurve(ArkUI_CurveHandle)
arkui/native_animate.h,364,OH_ArkUI_KeyframeAnimateOption_Create,ArkUI_KeyframeAnimateOption *,int32_t size,ArkUI_KeyframeAnimateOption * OH_ArkUI_KeyframeAnimateOption_Create(int32_t)
arkui/native_animate.h,372,OH_ArkUI_KeyframeAnimateOption_Dispose,void,ArkUI_KeyframeAnimateOption * option,void OH_ArkUI_KeyframeAnimateOption_Dispose(ArkUI_KeyframeAnimateOption *)
arkui/native_animate.h,498,OH_ArkUI_KeyframeAnimateOption_GetCurve,ArkUI_CurveHandle,"ArkUI_KeyframeAnimateOption * option,int32_t index","ArkUI_CurveHandle OH_ArkUI_KeyframeAnimateOption_GetCurve(ArkUI_KeyframeAnimateOption *,int32_t)"
arkui/native_animate.h,468,OH_ArkUI_KeyframeAnimateOption_GetDelay,int32_t,ArkUI_KeyframeAnimateOption * option,int32_t OH_ArkUI_KeyframeAnimateOption_GetDelay(ArkUI_KeyframeAnimateOption *)
arkui/native_animate.h,487,OH_ArkUI_KeyframeAnimateOption_GetDuration,int32_t,"ArkUI_KeyframeAnimateOption * option,int32_t index","int32_t OH_ArkUI_KeyframeAnimateOption_GetDuration(ArkUI_KeyframeAnimateOption *,int32_t)"
arkui/native_animate.h,477,OH_ArkUI_KeyframeAnimateOption_GetIterations,int32_t,ArkUI_KeyframeAnimateOption * option,int32_t OH_ArkUI_KeyframeAnimateOption_GetIterations(ArkUI_KeyframeAnimateOption *)
arkui/native_animate.h,458,OH_ArkUI_KeyframeAnimateOption_RegisterOnEventCallback,int32_t,"ArkUI_KeyframeAnimateOption * option,void * userData,void (* event)(void * userData),int32_t index","int32_t OH_ArkUI_KeyframeAnimateOption_RegisterOnEventCallback(ArkUI_KeyframeAnimateOption *,void *,void (* event)(void * userData),int32_t)"
arkui/native_animate.h,413,OH_ArkUI_KeyframeAnimateOption_RegisterOnFinishCallback,int32_t,"ArkUI_KeyframeAnimateOption * option,void * userData,void (* onFinish)(void * userData)","int32_t OH_ArkUI_KeyframeAnimateOption_RegisterOnFinishCallback(ArkUI_KeyframeAnimateOption *,void *,void (* onFinish)(void * userData))"
arkui/native_animate.h,442,OH_ArkUI_KeyframeAnimateOption_SetCurve,int32_t,"ArkUI_KeyframeAnimateOption * option,ArkUI_CurveHandle value,int32_t index","int32_t OH_ArkUI_KeyframeAnimateOption_SetCurve(ArkUI_KeyframeAnimateOption *,ArkUI_CurveHandle,int32_t)"
arkui/native_animate.h,385,OH_ArkUI_KeyframeAnimateOption_SetDelay,int32_t,"ArkUI_KeyframeAnimateOption * option,int32_t value","int32_t OH_ArkUI_KeyframeAnimateOption_SetDelay(ArkUI_KeyframeAnimateOption *,int32_t)"
arkui/native_animate.h,427,OH_ArkUI_KeyframeAnimateOption_SetDuration,int32_t,"ArkUI_KeyframeAnimateOption * option,int32_t value,int32_t index","int32_t OH_ArkUI_KeyframeAnimateOption_SetDuration(ArkUI_KeyframeAnimateOption *,int32_t,int32_t)"
arkui/native_animate.h,399,OH_ArkUI_KeyframeAnimateOption_SetIterations,int32_t,"ArkUI_KeyframeAnimateOption * option,int32_t value","int32_t OH_ArkUI_KeyframeAnimateOption_SetIterations(ArkUI_KeyframeAnimateOption *,int32_t)"
arkui/native_animate.h,1161,OH_ArkUI_TransitionEffect_Combine,int32_t,"ArkUI_TransitionEffect * firstEffect,ArkUI_TransitionEffect * secondEffect","int32_t OH_ArkUI_TransitionEffect_Combine(ArkUI_TransitionEffect *,ArkUI_TransitionEffect *)"
arkui/native_animate.h,1149,OH_ArkUI_TransitionEffect_Dispose,void,ArkUI_TransitionEffect * effect,void OH_ArkUI_TransitionEffect_Dispose(ArkUI_TransitionEffect *)
arkui/native_animate.h,1176,OH_ArkUI_TransitionEffect_SetAnimation,int32_t,"ArkUI_TransitionEffect * effect,ArkUI_AnimateOption * animation","int32_t OH_ArkUI_TransitionEffect_SetAnimation(ArkUI_TransitionEffect *,ArkUI_AnimateOption *)"
arkui/native_dialog.h,413,OH_ArkUI_DialogDismissEvent_GetDismissReason,int32_t,ArkUI_DialogDismissEvent * event,int32_t OH_ArkUI_DialogDismissEvent_GetDismissReason(ArkUI_DialogDismissEvent *)
arkui/native_dialog.h,398,OH_ArkUI_DialogDismissEvent_GetUserData,void *,ArkUI_DialogDismissEvent * event,void * OH_ArkUI_DialogDismissEvent_GetUserData(ArkUI_DialogDismissEvent *)
arkui/native_dialog.h,388,OH_ArkUI_DialogDismissEvent_SetShouldBlockDismiss,void,"ArkUI_DialogDismissEvent * event,bool shouldBlockDismiss","void OH_ArkUI_DialogDismissEvent_SetShouldBlockDismiss(ArkUI_DialogDismissEvent *,bool)"
arkui/native_gesture.h,604,OH_ArkUI_GestureEventTargetInfo_IsScrollBegin,int32_t,"ArkUI_GestureEventTargetInfo * info,bool * ret","int32_t OH_ArkUI_GestureEventTargetInfo_IsScrollBegin(ArkUI_GestureEventTargetInfo *,bool *)"
arkui/native_gesture.h,616,OH_ArkUI_GestureEventTargetInfo_IsScrollEnd,int32_t,"ArkUI_GestureEventTargetInfo * info,bool * ret","int32_t OH_ArkUI_GestureEventTargetInfo_IsScrollEnd(ArkUI_GestureEventTargetInfo *,bool *)"
arkui/native_gesture.h,385,OH_ArkUI_GestureEvent_GetActionType,ArkUI_GestureEventActionType,const ArkUI_GestureEvent * event,ArkUI_GestureEventActionType OH_ArkUI_GestureEvent_GetActionType(const ArkUI_GestureEvent *)
arkui/native_gesture.h,524,OH_ArkUI_GestureEvent_GetNode,ArkUI_NodeHandle,const ArkUI_GestureEvent * event,ArkUI_NodeHandle OH_ArkUI_GestureEvent_GetNode(const ArkUI_GestureEvent *)
arkui/native_gesture.h,394,OH_ArkUI_GestureEvent_GetRawInputEvent,const ArkUI_UIInputEvent *,const ArkUI_GestureEvent * event,const ArkUI_UIInputEvent * OH_ArkUI_GestureEvent_GetRawInputEvent(const ArkUI_GestureEvent *)
arkui/native_gesture.h,333,OH_ArkUI_GestureInterruptInfo_GetGestureEvent,ArkUI_GestureEvent *,const ArkUI_GestureInterruptInfo * event,ArkUI_GestureEvent * OH_ArkUI_GestureInterruptInfo_GetGestureEvent(const ArkUI_GestureInterruptInfo *)
arkui/native_gesture.h,324,OH_ArkUI_GestureInterruptInfo_GetRecognizer,ArkUI_GestureRecognizer *,const ArkUI_GestureInterruptInfo * event,ArkUI_GestureRecognizer * OH_ArkUI_GestureInterruptInfo_GetRecognizer(const ArkUI_GestureInterruptInfo *)
arkui/native_gesture.h,315,OH_ArkUI_GestureInterruptInfo_GetSystemFlag,bool,const ArkUI_GestureInterruptInfo * event,bool OH_ArkUI_GestureInterruptInfo_GetSystemFlag(const ArkUI_GestureInterruptInfo *)
arkui/native_gesture.h,343,OH_ArkUI_GestureInterruptInfo_GetSystemRecognizerType,int32_t,const ArkUI_GestureInterruptInfo * event,int32_t OH_ArkUI_GestureInterruptInfo_GetSystemRecognizerType(const ArkUI_GestureInterruptInfo *)
arkui/native_gesture.h,355,OH_ArkUI_GestureInterruptInfo_GetTouchRecognizers,int32_t,"const ArkUI_GestureInterruptInfo * info,ArkUI_TouchRecognizerHandleArray * recognizers,int32_t * size","int32_t OH_ArkUI_GestureInterruptInfo_GetTouchRecognizers(const ArkUI_GestureInterruptInfo *,ArkUI_TouchRecognizerHandleArray *,int32_t *)"
arkui/native_gesture.h,665,OH_ArkUI_GetGestureBindNodeId,int32_t,"ArkUI_GestureRecognizer * recognizer,char * nodeId,int32_t size,int32_t * result","int32_t OH_ArkUI_GetGestureBindNodeId(ArkUI_GestureRecognizer *,char *,int32_t,int32_t *)"
arkui/native_gesture.h,592,OH_ArkUI_GetGestureEventTargetInfo,int32_t,"ArkUI_GestureRecognizer * recognizer,ArkUI_GestureEventTargetInfo ** info","int32_t OH_ArkUI_GetGestureEventTargetInfo(ArkUI_GestureRecognizer *,ArkUI_GestureEventTargetInfo **)"
arkui/native_gesture.h,570,OH_ArkUI_GetGestureRecognizerEnabled,bool,ArkUI_GestureRecognizer * recognizer,bool OH_ArkUI_GetGestureRecognizerEnabled(ArkUI_GestureRecognizer *)
arkui/native_gesture.h,581,OH_ArkUI_GetGestureRecognizerState,int32_t,"ArkUI_GestureRecognizer * recognizer,ArkUI_GestureRecognizerState * state","int32_t OH_ArkUI_GetGestureRecognizerState(ArkUI_GestureRecognizer *,ArkUI_GestureRecognizerState *)"
arkui/native_gesture.h,651,OH_ArkUI_GetGestureTag,int32_t,"ArkUI_GestureRecognizer * recognizer,char * buffer,int32_t bufferSize,int32_t * result","int32_t OH_ArkUI_GetGestureTag(ArkUI_GestureRecognizer *,char *,int32_t,int32_t *)"
arkui/native_gesture.h,627,OH_ArkUI_GetPanGestureDirectionMask,int32_t,"ArkUI_GestureRecognizer * recognizer,ArkUI_GestureDirectionMask * directionMask","int32_t OH_ArkUI_GetPanGestureDirectionMask(ArkUI_GestureRecognizer *,ArkUI_GestureDirectionMask *)"
arkui/native_gesture.h,536,OH_ArkUI_GetResponseRecognizersFromInterruptInfo,int32_t,"const ArkUI_GestureInterruptInfo * event,ArkUI_GestureRecognizerHandleArray * responseChain,int32_t * count","int32_t OH_ArkUI_GetResponseRecognizersFromInterruptInfo(const ArkUI_GestureInterruptInfo *,ArkUI_GestureRecognizerHandleArray *,int32_t *)"
arkui/native_gesture.h,637,OH_ArkUI_IsBuiltInGesture,bool,ArkUI_GestureRecognizer * recognizer,bool OH_ArkUI_IsBuiltInGesture(ArkUI_GestureRecognizer *)
arkui/native_gesture.h,676,OH_ArkUI_IsGestureRecognizerValid,bool,ArkUI_GestureRecognizer * recognizer,bool OH_ArkUI_IsGestureRecognizerValid(ArkUI_GestureRecognizer *)
arkui/native_gesture.h,403,OH_ArkUI_LongPress_GetRepeatCount,int32_t,const ArkUI_GestureEvent * event,int32_t OH_ArkUI_LongPress_GetRepeatCount(const ArkUI_GestureEvent *)
arkui/native_gesture.h,440,OH_ArkUI_PanGesture_GetOffsetX,float,const ArkUI_GestureEvent * event,float OH_ArkUI_PanGesture_GetOffsetX(const ArkUI_GestureEvent *)
arkui/native_gesture.h,449,OH_ArkUI_PanGesture_GetOffsetY,float,const ArkUI_GestureEvent * event,float OH_ArkUI_PanGesture_GetOffsetY(const ArkUI_GestureEvent *)
arkui/native_gesture.h,413,OH_ArkUI_PanGesture_GetVelocity,float,const ArkUI_GestureEvent * event,float OH_ArkUI_PanGesture_GetVelocity(const ArkUI_GestureEvent *)
arkui/native_gesture.h,422,OH_ArkUI_PanGesture_GetVelocityX,float,const ArkUI_GestureEvent * event,float OH_ArkUI_PanGesture_GetVelocityX(const ArkUI_GestureEvent *)
arkui/native_gesture.h,431,OH_ArkUI_PanGesture_GetVelocityY,float,const ArkUI_GestureEvent * event,float OH_ArkUI_PanGesture_GetVelocityY(const ArkUI_GestureEvent *)
arkui/native_gesture.h,707,OH_ArkUI_ParallelInnerGestureEvent_GetConflictRecognizers,int32_t,"ArkUI_ParallelInnerGestureEvent * event,ArkUI_GestureRecognizerHandleArray * array,int32_t * size","int32_t OH_ArkUI_ParallelInnerGestureEvent_GetConflictRecognizers(ArkUI_ParallelInnerGestureEvent *,ArkUI_GestureRecognizerHandleArray *,int32_t *)"
arkui/native_gesture.h,694,OH_ArkUI_ParallelInnerGestureEvent_GetCurrentRecognizer,ArkUI_GestureRecognizer *,ArkUI_ParallelInnerGestureEvent * event,ArkUI_GestureRecognizer * OH_ArkUI_ParallelInnerGestureEvent_GetCurrentRecognizer(ArkUI_ParallelInnerGestureEvent *)
arkui/native_gesture.h,685,OH_ArkUI_ParallelInnerGestureEvent_GetUserData,void *,ArkUI_ParallelInnerGestureEvent * event,void * OH_ArkUI_ParallelInnerGestureEvent_GetUserData(ArkUI_ParallelInnerGestureEvent *)
arkui/native_gesture.h,504,OH_ArkUI_PinchGesture_GetCenterX,float,const ArkUI_GestureEvent * event,float OH_ArkUI_PinchGesture_GetCenterX(const ArkUI_GestureEvent *)
arkui/native_gesture.h,515,OH_ArkUI_PinchGesture_GetCenterY,float,const ArkUI_GestureEvent * event,float OH_ArkUI_PinchGesture_GetCenterY(const ArkUI_GestureEvent *)
arkui/native_gesture.h,493,OH_ArkUI_PinchGesture_GetScale,float,const ArkUI_GestureEvent * event,float OH_ArkUI_PinchGesture_GetScale(const ArkUI_GestureEvent *)
arkui/native_gesture.h,484,OH_ArkUI_RotationGesture_GetAngle,float,const ArkUI_GestureEvent * event,float OH_ArkUI_RotationGesture_GetAngle(const ArkUI_GestureEvent *)
arkui/native_gesture.h,720,OH_ArkUI_SetArkUIGestureRecognizerDisposeNotify,int32_t,"ArkUI_GestureRecognizer * recognizer,ArkUI_GestureRecognizerDisposeNotifyCallback callback,void * userData","int32_t OH_ArkUI_SetArkUIGestureRecognizerDisposeNotify(ArkUI_GestureRecognizer *,ArkUI_GestureRecognizerDisposeNotifyCallback,void *)"
arkui/native_gesture.h,548,OH_ArkUI_SetGestureRecognizerEnabled,int32_t,"ArkUI_GestureRecognizer * recognizer,bool enabled","int32_t OH_ArkUI_SetGestureRecognizerEnabled(ArkUI_GestureRecognizer *,bool)"
arkui/native_gesture.h,560,OH_ArkUI_SetGestureRecognizerLimitFingerCount,int32_t,"ArkUI_GestureRecognizer * recognizer,bool limitFingerCount","int32_t OH_ArkUI_SetGestureRecognizerLimitFingerCount(ArkUI_GestureRecognizer *,bool)"
arkui/native_gesture.h,466,OH_ArkUI_SwipeGesture_GetAngle,float,const ArkUI_GestureEvent * event,float OH_ArkUI_SwipeGesture_GetAngle(const ArkUI_GestureEvent *)
arkui/native_gesture.h,475,OH_ArkUI_SwipeGesture_GetVelocity,float,const ArkUI_GestureEvent * event,float OH_ArkUI_SwipeGesture_GetVelocity(const ArkUI_GestureEvent *)
arkui/native_gesture.h,376,OH_ArkUI_TouchRecognizer_CancelTouch,int32_t,"ArkUI_TouchRecognizerHandle recognizer,ArkUI_GestureInterruptInfo * info","int32_t OH_ArkUI_TouchRecognizer_CancelTouch(ArkUI_TouchRecognizerHandle,ArkUI_GestureInterruptInfo *)"
arkui/native_gesture.h,365,OH_ArkUI_TouchRecognizer_GetNodeHandle,ArkUI_NodeHandle,const ArkUI_TouchRecognizerHandle recognizer,ArkUI_NodeHandle OH_ArkUI_TouchRecognizer_GetNodeHandle(const ArkUI_TouchRecognizerHandle)
arkui/native_interface.h,87,OH_ArkUI_QueryModuleInterfaceByName,void *,"ArkUI_NativeAPIVariantKind type,const char * structName","void * OH_ArkUI_QueryModuleInterfaceByName(ArkUI_NativeAPIVariantKind,const char *)"
arkui/native_interface_accessibility.h,618,OH_ArkUI_AccessibilityElementInfoSetAccessibilityDescription,int32_t,"ArkUI_AccessibilityElementInfo * elementInfo,const char * accessibilityDescription","int32_t OH_ArkUI_AccessibilityElementInfoSetAccessibilityDescription(ArkUI_AccessibilityElementInfo *,const char *)"
arkui/native_interface_accessibility.h,727,OH_ArkUI_AccessibilityElementInfoSetAccessibilityFocused,int32_t,"ArkUI_AccessibilityElementInfo * elementInfo,bool accessibilityFocused","int32_t OH_ArkUI_AccessibilityElementInfoSetAccessibilityFocused(ArkUI_AccessibilityElementInfo *,bool)"
arkui/native_interface_accessibility.h,955,OH_ArkUI_AccessibilityElementInfoSetAccessibilityGroup,int32_t,"ArkUI_AccessibilityElementInfo * elementInfo,bool accessibilityGroup","int32_t OH_ArkUI_AccessibilityElementInfoSetAccessibilityGroup(ArkUI_AccessibilityElementInfo *,bool)"
arkui/native_interface_accessibility.h,967,OH_ArkUI_AccessibilityElementInfoSetAccessibilityLevel,int32_t,"ArkUI_AccessibilityElementInfo * elementInfo,const char * accessibilityLevel","int32_t OH_ArkUI_AccessibilityElementInfoSetAccessibilityLevel(ArkUI_AccessibilityElementInfo *,const char *)"
arkui/native_interface_accessibility.h,943,OH_ArkUI_AccessibilityElementInfoSetAccessibilityOffset,int32_t,"ArkUI_AccessibilityElementInfo * elementInfo,int32_t offset","int32_t OH_ArkUI_AccessibilityElementInfoSetAccessibilityOffset(ArkUI_AccessibilityElementInfo *,int32_t)"
arkui/native_interface_accessibility.h,991,OH_ArkUI_AccessibilityElementInfoSetAccessibilityOpacity,int32_t,"ArkUI_AccessibilityElementInfo * elementInfo,float opacity","int32_t OH_ArkUI_AccessibilityElementInfoSetAccessibilityOpacity(ArkUI_AccessibilityElementInfo *,float)"
arkui/native_interface_accessibility.h,606,OH_ArkUI_AccessibilityElementInfoSetAccessibilityText,int32_t,"ArkUI_AccessibilityElementInfo * elementInfo,const char * accessibilityText","int32_t OH_ArkUI_AccessibilityElementInfoSetAccessibilityText(ArkUI_AccessibilityElementInfo *,const char *)"
arkui/native_interface_accessibility.h,1003,OH_ArkUI_AccessibilityElementInfoSetBackgroundColor,int32_t,"ArkUI_AccessibilityElementInfo * elementInfo,const char * backgroundColor","int32_t OH_ArkUI_AccessibilityElementInfoSetBackgroundColor(ArkUI_AccessibilityElementInfo *,const char *)"
arkui/native_interface_accessibility.h,1015,OH_ArkUI_AccessibilityElementInfoSetBackgroundImage,int32_t,"ArkUI_AccessibilityElementInfo * elementInfo,const char * backgroundImage","int32_t OH_ArkUI_AccessibilityElementInfoSetBackgroundImage(ArkUI_AccessibilityElementInfo *,const char *)"
arkui/native_interface_accessibility.h,1027,OH_ArkUI_AccessibilityElementInfoSetBlur,int32_t,"ArkUI_AccessibilityElementInfo * elementInfo,const char * blur","int32_t OH_ArkUI_AccessibilityElementInfoSetBlur(ArkUI_AccessibilityElementInfo *,const char *)"
arkui/native_interface_accessibility.h,668,OH_ArkUI_AccessibilityElementInfoSetCheckable,int32_t,"ArkUI_AccessibilityElementInfo * elementInfo,bool checkable","int32_t OH_ArkUI_AccessibilityElementInfoSetCheckable(ArkUI_AccessibilityElementInfo *,bool)"
arkui/native_interface_accessibility.h,680,OH_ArkUI_AccessibilityElementInfoSetChecked,int32_t,"ArkUI_AccessibilityElementInfo * elementInfo,bool checked","int32_t OH_ArkUI_AccessibilityElementInfoSetChecked(ArkUI_AccessibilityElementInfo *,bool)"
arkui/native_interface_accessibility.h,631,OH_ArkUI_AccessibilityElementInfoSetChildNodeIds,int32_t,"ArkUI_AccessibilityElementInfo * elementInfo,int32_t childCount,int64_t * childNodeIds","int32_t OH_ArkUI_AccessibilityElementInfoSetChildNodeIds(ArkUI_AccessibilityElementInfo *,int32_t,int64_t *)"
arkui/native_interface_accessibility.h,751,OH_ArkUI_AccessibilityElementInfoSetClickable,int32_t,"ArkUI_AccessibilityElementInfo * elementInfo,bool clickable","int32_t OH_ArkUI_AccessibilityElementInfoSetClickable(ArkUI_AccessibilityElementInfo *,bool)"
arkui/native_interface_accessibility.h,570,OH_ArkUI_AccessibilityElementInfoSetComponentType,int32_t,"ArkUI_AccessibilityElementInfo * elementInfo,const char * componentType","int32_t OH_ArkUI_AccessibilityElementInfoSetComponentType(ArkUI_AccessibilityElementInfo *,const char *)"
arkui/native_interface_accessibility.h,582,OH_ArkUI_AccessibilityElementInfoSetContents,int32_t,"ArkUI_AccessibilityElementInfo * elementInfo,const char * contents","int32_t OH_ArkUI_AccessibilityElementInfoSetContents(ArkUI_AccessibilityElementInfo *,const char *)"
arkui/native_interface_accessibility.h,895,OH_ArkUI_AccessibilityElementInfoSetCurrentItemIndex,int32_t,"ArkUI_AccessibilityElementInfo * elementInfo,int32_t currentItemIndex","int32_t OH_ArkUI_AccessibilityElementInfoSetCurrentItemIndex(ArkUI_AccessibilityElementInfo *,int32_t)"
arkui/native_interface_accessibility.h,811,OH_ArkUI_AccessibilityElementInfoSetEditable,int32_t,"ArkUI_AccessibilityElementInfo * elementInfo,bool editable","int32_t OH_ArkUI_AccessibilityElementInfoSetEditable(ArkUI_AccessibilityElementInfo *,bool)"
arkui/native_interface_accessibility.h,546,OH_ArkUI_AccessibilityElementInfoSetElementId,int32_t,"ArkUI_AccessibilityElementInfo * elementInfo,int32_t elementId","int32_t OH_ArkUI_AccessibilityElementInfoSetElementId(ArkUI_AccessibilityElementInfo *,int32_t)"
arkui/native_interface_accessibility.h,775,OH_ArkUI_AccessibilityElementInfoSetEnabled,int32_t,"ArkUI_AccessibilityElementInfo * elementInfo,bool isEnabled","int32_t OH_ArkUI_AccessibilityElementInfoSetEnabled(ArkUI_AccessibilityElementInfo *,bool)"
arkui/native_interface_accessibility.h,919,OH_ArkUI_AccessibilityElementInfoSetEndItemIndex,int32_t,"ArkUI_AccessibilityElementInfo * elementInfo,int32_t endItemIndex","int32_t OH_ArkUI_AccessibilityElementInfoSetEndItemIndex(ArkUI_AccessibilityElementInfo *,int32_t)"
arkui/native_interface_accessibility.h,691,OH_ArkUI_AccessibilityElementInfoSetFocusable,int32_t,"ArkUI_AccessibilityElementInfo * elementInfo,bool focusable","int32_t OH_ArkUI_AccessibilityElementInfoSetFocusable(ArkUI_AccessibilityElementInfo *,bool)"
arkui/native_interface_accessibility.h,703,OH_ArkUI_AccessibilityElementInfoSetFocused,int32_t,"ArkUI_AccessibilityElementInfo * elementInfo,bool isFocused","int32_t OH_ArkUI_AccessibilityElementInfoSetFocused(ArkUI_AccessibilityElementInfo *,bool)"
arkui/native_interface_accessibility.h,847,OH_ArkUI_AccessibilityElementInfoSetGridInfo,int32_t,"ArkUI_AccessibilityElementInfo * elementInfo,ArkUI_AccessibleGridInfo * gridInfo","int32_t OH_ArkUI_AccessibilityElementInfoSetGridInfo(ArkUI_AccessibilityElementInfo *,ArkUI_AccessibleGridInfo *)"
arkui/native_interface_accessibility.h,859,OH_ArkUI_AccessibilityElementInfoSetGridItemInfo,int32_t,"ArkUI_AccessibilityElementInfo * elementInfo,ArkUI_AccessibleGridItemInfo * gridItem","int32_t OH_ArkUI_AccessibilityElementInfoSetGridItemInfo(ArkUI_AccessibilityElementInfo *,ArkUI_AccessibleGridItemInfo *)"
arkui/native_interface_accessibility.h,594,OH_ArkUI_AccessibilityElementInfoSetHintText,int32_t,"ArkUI_AccessibilityElementInfo * elementInfo,const char * hintText","int32_t OH_ArkUI_AccessibilityElementInfoSetHintText(ArkUI_AccessibilityElementInfo *,const char *)"
arkui/native_interface_accessibility.h,1039,OH_ArkUI_AccessibilityElementInfoSetHitTestBehavior,int32_t,"ArkUI_AccessibilityElementInfo * elementInfo,const char * hitTestBehavior","int32_t OH_ArkUI_AccessibilityElementInfoSetHitTestBehavior(ArkUI_AccessibilityElementInfo *,const char *)"
arkui/native_interface_accessibility.h,823,OH_ArkUI_AccessibilityElementInfoSetIsHint,int32_t,"ArkUI_AccessibilityElementInfo * elementInfo,bool isHint","int32_t OH_ArkUI_AccessibilityElementInfoSetIsHint(ArkUI_AccessibilityElementInfo *,bool)"
arkui/native_interface_accessibility.h,787,OH_ArkUI_AccessibilityElementInfoSetIsPassword,int32_t,"ArkUI_AccessibilityElementInfo * elementInfo,bool isPassword","int32_t OH_ArkUI_AccessibilityElementInfoSetIsPassword(ArkUI_AccessibilityElementInfo *,bool)"
arkui/native_interface_accessibility.h,931,OH_ArkUI_AccessibilityElementInfoSetItemCount,int32_t,"ArkUI_AccessibilityElementInfo * elementInfo,int32_t itemCount","int32_t OH_ArkUI_AccessibilityElementInfoSetItemCount(ArkUI_AccessibilityElementInfo *,int32_t)"
arkui/native_interface_accessibility.h,763,OH_ArkUI_AccessibilityElementInfoSetLongClickable,int32_t,"ArkUI_AccessibilityElementInfo * elementInfo,bool longClickable","int32_t OH_ArkUI_AccessibilityElementInfoSetLongClickable(ArkUI_AccessibilityElementInfo *,bool)"
arkui/native_interface_accessibility.h,644,OH_ArkUI_AccessibilityElementInfoSetOperationActions,int32_t,"ArkUI_AccessibilityElementInfo * elementInfo,int32_t operationCount,ArkUI_AccessibleAction * operationActions","int32_t OH_ArkUI_AccessibilityElementInfoSetOperationActions(ArkUI_AccessibilityElementInfo *,int32_t,ArkUI_AccessibleAction *)"
arkui/native_interface_accessibility.h,558,OH_ArkUI_AccessibilityElementInfoSetParentId,int32_t,"ArkUI_AccessibilityElementInfo * elementInfo,int32_t parentId","int32_t OH_ArkUI_AccessibilityElementInfoSetParentId(ArkUI_AccessibilityElementInfo *,int32_t)"
arkui/native_interface_accessibility.h,835,OH_ArkUI_AccessibilityElementInfoSetRangeInfo,int32_t,"ArkUI_AccessibilityElementInfo * elementInfo,ArkUI_AccessibleRangeInfo * rangeInfo","int32_t OH_ArkUI_AccessibilityElementInfoSetRangeInfo(ArkUI_AccessibilityElementInfo *,ArkUI_AccessibleRangeInfo *)"
arkui/native_interface_accessibility.h,656,OH_ArkUI_AccessibilityElementInfoSetScreenRect,int32_t,"ArkUI_AccessibilityElementInfo * elementInfo,ArkUI_AccessibleRect * screenRect","int32_t OH_ArkUI_AccessibilityElementInfoSetScreenRect(ArkUI_AccessibilityElementInfo *,ArkUI_AccessibleRect *)"
arkui/native_interface_accessibility.h,799,OH_ArkUI_AccessibilityElementInfoSetScrollable,int32_t,"ArkUI_AccessibilityElementInfo * elementInfo,bool scrollable","int32_t OH_ArkUI_AccessibilityElementInfoSetScrollable(ArkUI_AccessibilityElementInfo *,bool)"
arkui/native_interface_accessibility.h,739,OH_ArkUI_AccessibilityElementInfoSetSelected,int32_t,"ArkUI_AccessibilityElementInfo * elementInfo,bool selected","int32_t OH_ArkUI_AccessibilityElementInfoSetSelected(ArkUI_AccessibilityElementInfo *,bool)"
arkui/native_interface_accessibility.h,883,OH_ArkUI_AccessibilityElementInfoSetSelectedTextEnd,int32_t,"ArkUI_AccessibilityElementInfo * elementInfo,int32_t selectedTextEnd","int32_t OH_ArkUI_AccessibilityElementInfoSetSelectedTextEnd(ArkUI_AccessibilityElementInfo *,int32_t)"
arkui/native_interface_accessibility.h,871,OH_ArkUI_AccessibilityElementInfoSetSelectedTextStart,int32_t,"ArkUI_AccessibilityElementInfo * elementInfo,int32_t selectedTextStart","int32_t OH_ArkUI_AccessibilityElementInfoSetSelectedTextStart(ArkUI_AccessibilityElementInfo *,int32_t)"
arkui/native_interface_accessibility.h,907,OH_ArkUI_AccessibilityElementInfoSetStartItemIndex,int32_t,"ArkUI_AccessibilityElementInfo * elementInfo,int32_t startItemIndex","int32_t OH_ArkUI_AccessibilityElementInfoSetStartItemIndex(ArkUI_AccessibilityElementInfo *,int32_t)"
arkui/native_interface_accessibility.h,715,OH_ArkUI_AccessibilityElementInfoSetVisible,int32_t,"ArkUI_AccessibilityElementInfo * elementInfo,bool isVisible","int32_t OH_ArkUI_AccessibilityElementInfoSetVisible(ArkUI_AccessibilityElementInfo *,bool)"
arkui/native_interface_accessibility.h,979,OH_ArkUI_AccessibilityElementInfoSetZIndex,int32_t,"ArkUI_AccessibilityElementInfo * elementInfo,int32_t zIndex","int32_t OH_ArkUI_AccessibilityElementInfoSetZIndex(ArkUI_AccessibilityElementInfo *,int32_t)"
arkui/native_interface_accessibility.h,1123,OH_ArkUI_AccessibilityEventSetElementInfo,int32_t,"ArkUI_AccessibilityEventInfo * eventInfo,ArkUI_AccessibilityElementInfo * elementInfo","int32_t OH_ArkUI_AccessibilityEventSetElementInfo(ArkUI_AccessibilityEventInfo *,ArkUI_AccessibilityElementInfo *)"
arkui/native_interface_accessibility.h,1087,OH_ArkUI_AccessibilityEventSetEventType,int32_t,"ArkUI_AccessibilityEventInfo * eventInfo,ArkUI_AccessibilityEventType eventType","int32_t OH_ArkUI_AccessibilityEventSetEventType(ArkUI_AccessibilityEventInfo *,ArkUI_AccessibilityEventType)"
arkui/native_interface_accessibility.h,1111,OH_ArkUI_AccessibilityEventSetRequestFocusId,int32_t,"ArkUI_AccessibilityEventInfo * eventInfo,int32_t requestFocusId","int32_t OH_ArkUI_AccessibilityEventSetRequestFocusId(ArkUI_AccessibilityEventInfo *,int32_t)"
arkui/native_interface_accessibility.h,1099,OH_ArkUI_AccessibilityEventSetTextAnnouncedForAccessibility,int32_t,"ArkUI_AccessibilityEventInfo * eventInfo,const char * textAnnouncedForAccessibility","int32_t OH_ArkUI_AccessibilityEventSetTextAnnouncedForAccessibility(ArkUI_AccessibilityEventInfo *,const char *)"
arkui/native_interface_accessibility.h,414,OH_ArkUI_AccessibilityProviderRegisterCallback,int32_t,"ArkUI_AccessibilityProvider * provider,ArkUI_AccessibilityProviderCallbacks * callbacks","int32_t OH_ArkUI_AccessibilityProviderRegisterCallback(ArkUI_AccessibilityProvider *,ArkUI_AccessibilityProviderCallbacks *)"
arkui/native_interface_accessibility.h,512,OH_ArkUI_AccessibilityProviderRegisterCallbackWithInstance,int32_t,"const char * instanceId,ArkUI_AccessibilityProvider * provider,ArkUI_AccessibilityProviderCallbacksWithInstance * callbacks","int32_t OH_ArkUI_AccessibilityProviderRegisterCallbackWithInstance(const char *,ArkUI_AccessibilityProvider *,ArkUI_AccessibilityProviderCallbacksWithInstance *)"
arkui/native_interface_accessibility.h,534,OH_ArkUI_AddAndGetAccessibilityElementInfo,ArkUI_AccessibilityElementInfo *,ArkUI_AccessibilityElementInfoList * list,ArkUI_AccessibilityElementInfo * OH_ArkUI_AddAndGetAccessibilityElementInfo(ArkUI_AccessibilityElementInfoList *)
arkui/native_interface_accessibility.h,1050,OH_ArkUI_CreateAccessibilityElementInfo,ArkUI_AccessibilityElementInfo *,void,ArkUI_AccessibilityElementInfo * OH_ArkUI_CreateAccessibilityElementInfo(void)
arkui/native_interface_accessibility.h,1068,OH_ArkUI_CreateAccessibilityEventInfo,ArkUI_AccessibilityEventInfo *,void,ArkUI_AccessibilityEventInfo * OH_ArkUI_CreateAccessibilityEventInfo(void)
arkui/native_interface_accessibility.h,1059,OH_ArkUI_DestoryAccessibilityElementInfo,void,ArkUI_AccessibilityElementInfo * elementInfo,void OH_ArkUI_DestoryAccessibilityElementInfo(ArkUI_AccessibilityElementInfo *)
arkui/native_interface_accessibility.h,1076,OH_ArkUI_DestoryAccessibilityEventInfo,void,ArkUI_AccessibilityEventInfo * eventInfo,void OH_ArkUI_DestoryAccessibilityEventInfo(ArkUI_AccessibilityEventInfo *)
arkui/native_interface_accessibility.h,1136,OH_ArkUI_FindAccessibilityActionArgumentByKey,int32_t,"ArkUI_AccessibilityActionArguments * arguments,const char * key,char ** value","int32_t OH_ArkUI_FindAccessibilityActionArgumentByKey(ArkUI_AccessibilityActionArguments *,const char *,char **)"
arkui/native_interface_accessibility.h,523,OH_ArkUI_SendAccessibilityAsyncEvent,void,"ArkUI_AccessibilityProvider * provider,ArkUI_AccessibilityEventInfo * eventInfo,void (* callback)(int32_t errorCode)","void OH_ArkUI_SendAccessibilityAsyncEvent(ArkUI_AccessibilityProvider *,ArkUI_AccessibilityEventInfo *,void (* callback)(int32_t errorCode))"
arkui/native_interface_focus.h,89,OH_ArkUI_FocusActivate,void,"ArkUI_ContextHandle uiContext,bool isActive,bool isAutoInactive","void OH_ArkUI_FocusActivate(ArkUI_ContextHandle,bool,bool)"
arkui/native_interface_focus.h,77,OH_ArkUI_FocusClear,void,ArkUI_ContextHandle uiContext,void OH_ArkUI_FocusClear(ArkUI_ContextHandle)
arkui/native_interface_focus.h,69,OH_ArkUI_FocusRequest,ArkUI_ErrorCode,ArkUI_NodeHandle node,ArkUI_ErrorCode OH_ArkUI_FocusRequest(ArkUI_NodeHandle)
arkui/native_interface_focus.h,98,OH_ArkUI_FocusSetAutoTransfer,void,"ArkUI_ContextHandle uiContext,bool autoTransfer","void OH_ArkUI_FocusSetAutoTransfer(ArkUI_ContextHandle,bool)"
arkui/native_interface_focus.h,107,OH_ArkUI_FocusSetKeyProcessingMode,void,"ArkUI_ContextHandle uiContext,ArkUI_KeyProcessingMode mode","void OH_ArkUI_FocusSetKeyProcessingMode(ArkUI_ContextHandle,ArkUI_KeyProcessingMode)"
arkui/native_key_event.h,567,OH_ArkUI_KeyEvent_Dispatch,void,"ArkUI_NodeHandle node,const ArkUI_UIInputEvent * event","void OH_ArkUI_KeyEvent_Dispatch(ArkUI_NodeHandle,const ArkUI_UIInputEvent *)"
arkui/native_key_event.h,501,OH_ArkUI_KeyEvent_GetKeyCode,int32_t,const ArkUI_UIInputEvent * event,int32_t OH_ArkUI_KeyEvent_GetKeyCode(const ArkUI_UIInputEvent *)
arkui/native_key_event.h,537,OH_ArkUI_KeyEvent_GetKeyIntensionCode,ArkUI_KeyIntension,const ArkUI_UIInputEvent * event,ArkUI_KeyIntension OH_ArkUI_KeyEvent_GetKeyIntensionCode(const ArkUI_UIInputEvent *)
arkui/native_key_event.h,519,OH_ArkUI_KeyEvent_GetKeySource,ArkUI_KeySourceType,const ArkUI_UIInputEvent * event,ArkUI_KeySourceType OH_ArkUI_KeyEvent_GetKeySource(const ArkUI_UIInputEvent *)
arkui/native_key_event.h,510,OH_ArkUI_KeyEvent_GetKeyText,const char *,const ArkUI_UIInputEvent * event,const char * OH_ArkUI_KeyEvent_GetKeyText(const ArkUI_UIInputEvent *)
arkui/native_key_event.h,492,OH_ArkUI_KeyEvent_GetType,ArkUI_KeyEventType,const ArkUI_UIInputEvent * event,ArkUI_KeyEventType OH_ArkUI_KeyEvent_GetType(const ArkUI_UIInputEvent *)
arkui/native_key_event.h,549,OH_ArkUI_KeyEvent_GetUnicode,uint32_t,const ArkUI_UIInputEvent * event,uint32_t OH_ArkUI_KeyEvent_GetUnicode(const ArkUI_UIInputEvent *)
arkui/native_key_event.h,558,OH_ArkUI_KeyEvent_SetConsumed,void,"const ArkUI_UIInputEvent * event,bool isConsumed","void OH_ArkUI_KeyEvent_SetConsumed(const ArkUI_UIInputEvent *,bool)"
arkui/native_key_event.h,528,OH_ArkUI_KeyEvent_StopPropagation,void,"const ArkUI_UIInputEvent * event,bool stopPropagation","void OH_ArkUI_KeyEvent_StopPropagation(const ArkUI_UIInputEvent *,bool)"
arkui/native_node.h,8504,OH_ArkUI_GetContextByNode,ArkUI_ContextHandle,ArkUI_NodeHandle node,ArkUI_ContextHandle OH_ArkUI_GetContextByNode(ArkUI_NodeHandle)
arkui/native_node.h,8661,OH_ArkUI_GetNodeSnapshot,int32_t,"ArkUI_NodeHandle node,ArkUI_SnapshotOptions * snapshotOptions,OH_PixelmapNative ** pixelmap","int32_t OH_ArkUI_GetNodeSnapshot(ArkUI_NodeHandle,ArkUI_SnapshotOptions *,OH_PixelmapNative **)"
arkui/native_node.h,8494,OH_ArkUI_List_CloseAllSwipeActions,int32_t,"ArkUI_NodeHandle node,void * userData,void (* onFinish)(void * userData)","int32_t OH_ArkUI_List_CloseAllSwipeActions(ArkUI_NodeHandle,void *,void (* onFinish)(void * userData))"
arkui/native_node.h,7528,OH_ArkUI_NodeAdapterEvent_GetHostNode,ArkUI_NodeHandle,ArkUI_NodeAdapterEvent * event,ArkUI_NodeHandle OH_ArkUI_NodeAdapterEvent_GetHostNode(ArkUI_NodeAdapterEvent *)
arkui/native_node.h,7519,OH_ArkUI_NodeAdapterEvent_GetItemIndex,uint32_t,ArkUI_NodeAdapterEvent * event,uint32_t OH_ArkUI_NodeAdapterEvent_GetItemIndex(ArkUI_NodeAdapterEvent *)
arkui/native_node.h,7510,OH_ArkUI_NodeAdapterEvent_GetRemovedNode,ArkUI_NodeHandle,ArkUI_NodeAdapterEvent * event,ArkUI_NodeHandle OH_ArkUI_NodeAdapterEvent_GetRemovedNode(ArkUI_NodeAdapterEvent *)
arkui/native_node.h,7501,OH_ArkUI_NodeAdapterEvent_GetType,ArkUI_NodeAdapterEventType,ArkUI_NodeAdapterEvent * event,ArkUI_NodeAdapterEventType OH_ArkUI_NodeAdapterEvent_GetType(ArkUI_NodeAdapterEvent *)
arkui/native_node.h,7492,OH_ArkUI_NodeAdapterEvent_GetUserData,void *,ArkUI_NodeAdapterEvent * event,void * OH_ArkUI_NodeAdapterEvent_GetUserData(ArkUI_NodeAdapterEvent *)
arkui/native_node.h,7540,OH_ArkUI_NodeAdapterEvent_SetItem,int32_t,"ArkUI_NodeAdapterEvent * event,ArkUI_NodeHandle node","int32_t OH_ArkUI_NodeAdapterEvent_SetItem(ArkUI_NodeAdapterEvent *,ArkUI_NodeHandle)"
arkui/native_node.h,7552,OH_ArkUI_NodeAdapterEvent_SetNodeId,int32_t,"ArkUI_NodeAdapterEvent * event,int32_t id","int32_t OH_ArkUI_NodeAdapterEvent_SetNodeId(ArkUI_NodeAdapterEvent *,int32_t)"
arkui/native_node.h,7351,OH_ArkUI_NodeAdapter_Create,ArkUI_NodeAdapterHandle,void,ArkUI_NodeAdapterHandle OH_ArkUI_NodeAdapter_Create(void)
arkui/native_node.h,7359,OH_ArkUI_NodeAdapter_Dispose,void,ArkUI_NodeAdapterHandle handle,void OH_ArkUI_NodeAdapter_Dispose(ArkUI_NodeAdapterHandle)
arkui/native_node.h,7484,OH_ArkUI_NodeAdapter_GetAllItems,int32_t,"ArkUI_NodeAdapterHandle handle,ArkUI_NodeHandle ** items,uint32_t * size","int32_t OH_ArkUI_NodeAdapter_GetAllItems(ArkUI_NodeAdapterHandle,ArkUI_NodeHandle **,uint32_t *)"
arkui/native_node.h,7380,OH_ArkUI_NodeAdapter_GetTotalNodeCount,uint32_t,ArkUI_NodeAdapterHandle handle,uint32_t OH_ArkUI_NodeAdapter_GetTotalNodeCount(ArkUI_NodeAdapterHandle)
arkui/native_node.h,7454,OH_ArkUI_NodeAdapter_InsertItem,int32_t,"ArkUI_NodeAdapterHandle handle,uint32_t startPosition,uint32_t itemCount","int32_t OH_ArkUI_NodeAdapter_InsertItem(ArkUI_NodeAdapterHandle,uint32_t,uint32_t)"
arkui/native_node.h,7468,OH_ArkUI_NodeAdapter_MoveItem,int32_t,"ArkUI_NodeAdapterHandle handle,uint32_t from,uint32_t to","int32_t OH_ArkUI_NodeAdapter_MoveItem(ArkUI_NodeAdapterHandle,uint32_t,uint32_t)"
arkui/native_node.h,7393,OH_ArkUI_NodeAdapter_RegisterEventReceiver,int32_t,"ArkUI_NodeAdapterHandle handle,void * userData,void (* receiver)(ArkUI_NodeAdapterEvent * event)","int32_t OH_ArkUI_NodeAdapter_RegisterEventReceiver(ArkUI_NodeAdapterHandle,void *,void (* receiver)(ArkUI_NodeAdapterEvent * event))"
arkui/native_node.h,7413,OH_ArkUI_NodeAdapter_ReloadAllItems,int32_t,ArkUI_NodeAdapterHandle handle,int32_t OH_ArkUI_NodeAdapter_ReloadAllItems(ArkUI_NodeAdapterHandle)
arkui/native_node.h,7426,OH_ArkUI_NodeAdapter_ReloadItem,int32_t,"ArkUI_NodeAdapterHandle handle,uint32_t startPosition,uint32_t itemCount","int32_t OH_ArkUI_NodeAdapter_ReloadItem(ArkUI_NodeAdapterHandle,uint32_t,uint32_t)"
arkui/native_node.h,7440,OH_ArkUI_NodeAdapter_RemoveItem,int32_t,"ArkUI_NodeAdapterHandle handle,uint32_t startPosition,uint32_t itemCount","int32_t OH_ArkUI_NodeAdapter_RemoveItem(ArkUI_NodeAdapterHandle,uint32_t,uint32_t)"
arkui/native_node.h,7371,OH_ArkUI_NodeAdapter_SetTotalNodeCount,int32_t,"ArkUI_NodeAdapterHandle handle,uint32_t size","int32_t OH_ArkUI_NodeAdapter_SetTotalNodeCount(ArkUI_NodeAdapterHandle,uint32_t)"
arkui/native_node.h,7402,OH_ArkUI_NodeAdapter_UnregisterEventReceiver,void,ArkUI_NodeAdapterHandle handle,void OH_ArkUI_NodeAdapter_UnregisterEventReceiver(ArkUI_NodeAdapterHandle)
arkui/native_node.h,8201,OH_ArkUI_NodeContentEvent_GetEventType,ArkUI_NodeContentEventType,ArkUI_NodeContentEvent * event,ArkUI_NodeContentEventType OH_ArkUI_NodeContentEvent_GetEventType(ArkUI_NodeContentEvent *)
arkui/native_node.h,8210,OH_ArkUI_NodeContentEvent_GetNodeContentHandle,ArkUI_NodeContentHandle,ArkUI_NodeContentEvent * event,ArkUI_NodeContentHandle OH_ArkUI_NodeContentEvent_GetNodeContentHandle(ArkUI_NodeContentEvent *)
arkui/native_node.h,8243,OH_ArkUI_NodeContent_AddNode,int32_t,"ArkUI_NodeContentHandle content,ArkUI_NodeHandle node","int32_t OH_ArkUI_NodeContent_AddNode(ArkUI_NodeContentHandle,ArkUI_NodeHandle)"
arkui/native_node.h,8231,OH_ArkUI_NodeContent_GetUserData,void *,ArkUI_NodeContentHandle content,void * OH_ArkUI_NodeContent_GetUserData(ArkUI_NodeContentHandle)
arkui/native_node.h,8268,OH_ArkUI_NodeContent_InsertNode,int32_t,"ArkUI_NodeContentHandle content,ArkUI_NodeHandle node,int32_t position","int32_t OH_ArkUI_NodeContent_InsertNode(ArkUI_NodeContentHandle,ArkUI_NodeHandle,int32_t)"
arkui/native_node.h,8192,OH_ArkUI_NodeContent_RegisterCallback,int32_t,"ArkUI_NodeContentHandle content,ArkUI_NodeContentCallback callback","int32_t OH_ArkUI_NodeContent_RegisterCallback(ArkUI_NodeContentHandle,ArkUI_NodeContentCallback)"
arkui/native_node.h,8255,OH_ArkUI_NodeContent_RemoveNode,int32_t,"ArkUI_NodeContentHandle content,ArkUI_NodeHandle node","int32_t OH_ArkUI_NodeContent_RemoveNode(ArkUI_NodeContentHandle,ArkUI_NodeHandle)"
arkui/native_node.h,8222,OH_ArkUI_NodeContent_SetUserData,int32_t,"ArkUI_NodeContentHandle content,void * userData","int32_t OH_ArkUI_NodeContent_SetUserData(ArkUI_NodeContentHandle,void *)"
arkui/native_node.h,8140,OH_ArkUI_NodeCustomEvent_GetCustomSpanDrawInfo,int32_t,"ArkUI_NodeCustomEvent * event,ArkUI_CustomSpanDrawInfo * info","int32_t OH_ArkUI_NodeCustomEvent_GetCustomSpanDrawInfo(ArkUI_NodeCustomEvent *,ArkUI_CustomSpanDrawInfo *)"
arkui/native_node.h,8112,OH_ArkUI_NodeCustomEvent_GetCustomSpanMeasureInfo,int32_t,"ArkUI_NodeCustomEvent * event,ArkUI_CustomSpanMeasureInfo * info","int32_t OH_ArkUI_NodeCustomEvent_GetCustomSpanMeasureInfo(ArkUI_NodeCustomEvent *,ArkUI_CustomSpanMeasureInfo *)"
arkui/native_node.h,8063,OH_ArkUI_NodeCustomEvent_GetDrawContextInDraw,ArkUI_DrawContext *,ArkUI_NodeCustomEvent * event,ArkUI_DrawContext * OH_ArkUI_NodeCustomEvent_GetDrawContextInDraw(ArkUI_NodeCustomEvent *)
arkui/native_node.h,8072,OH_ArkUI_NodeCustomEvent_GetEventTargetId,int32_t,ArkUI_NodeCustomEvent * event,int32_t OH_ArkUI_NodeCustomEvent_GetEventTargetId(ArkUI_NodeCustomEvent *)
arkui/native_node.h,8099,OH_ArkUI_NodeCustomEvent_GetEventType,ArkUI_NodeCustomEventType,ArkUI_NodeCustomEvent * event,ArkUI_NodeCustomEventType OH_ArkUI_NodeCustomEvent_GetEventType(ArkUI_NodeCustomEvent *)
arkui/native_node.h,8044,OH_ArkUI_NodeCustomEvent_GetLayoutConstraintInMeasure,ArkUI_LayoutConstraint *,ArkUI_NodeCustomEvent * event,ArkUI_LayoutConstraint * OH_ArkUI_NodeCustomEvent_GetLayoutConstraintInMeasure(ArkUI_NodeCustomEvent *)
arkui/native_node.h,8090,OH_ArkUI_NodeCustomEvent_GetNodeHandle,ArkUI_NodeHandle,ArkUI_NodeCustomEvent * event,ArkUI_NodeHandle OH_ArkUI_NodeCustomEvent_GetNodeHandle(ArkUI_NodeCustomEvent *)
arkui/native_node.h,8054,OH_ArkUI_NodeCustomEvent_GetPositionInLayout,ArkUI_IntOffset,ArkUI_NodeCustomEvent * event,ArkUI_IntOffset OH_ArkUI_NodeCustomEvent_GetPositionInLayout(ArkUI_NodeCustomEvent *)
arkui/native_node.h,8081,OH_ArkUI_NodeCustomEvent_GetUserData,void *,ArkUI_NodeCustomEvent * event,void * OH_ArkUI_NodeCustomEvent_GetUserData(ArkUI_NodeCustomEvent *)
arkui/native_node.h,8126,OH_ArkUI_NodeCustomEvent_SetCustomSpanMetrics,int32_t,"ArkUI_NodeCustomEvent * event,ArkUI_CustomSpanMetrics * metrics","int32_t OH_ArkUI_NodeCustomEvent_SetCustomSpanMetrics(ArkUI_NodeCustomEvent *,ArkUI_CustomSpanMetrics *)"
arkui/native_node.h,7153,OH_ArkUI_NodeEvent_GetEventType,ArkUI_NodeEventType,ArkUI_NodeEvent * event,ArkUI_NodeEventType OH_ArkUI_NodeEvent_GetEventType(ArkUI_NodeEvent *)
arkui/native_node.h,7183,OH_ArkUI_NodeEvent_GetInputEvent,ArkUI_UIInputEvent *,ArkUI_NodeEvent * event,ArkUI_UIInputEvent * OH_ArkUI_NodeEvent_GetInputEvent(ArkUI_NodeEvent *)
arkui/native_node.h,7192,OH_ArkUI_NodeEvent_GetNodeComponentEvent,ArkUI_NodeComponentEvent *,ArkUI_NodeEvent * event,ArkUI_NodeComponentEvent * OH_ArkUI_NodeEvent_GetNodeComponentEvent(ArkUI_NodeEvent *)
arkui/native_node.h,7174,OH_ArkUI_NodeEvent_GetNodeHandle,ArkUI_NodeHandle,ArkUI_NodeEvent * event,ArkUI_NodeHandle OH_ArkUI_NodeEvent_GetNodeHandle(ArkUI_NodeEvent *)
arkui/native_node.h,7237,OH_ArkUI_NodeEvent_GetNumberValue,int32_t,"ArkUI_NodeEvent * event,int32_t index,ArkUI_NumberValue * value","int32_t OH_ArkUI_NodeEvent_GetNumberValue(ArkUI_NodeEvent *,int32_t,ArkUI_NumberValue *)"
arkui/native_node.h,7201,OH_ArkUI_NodeEvent_GetStringAsyncEvent,ArkUI_StringAsyncEvent *,ArkUI_NodeEvent * event,ArkUI_StringAsyncEvent * OH_ArkUI_NodeEvent_GetStringAsyncEvent(ArkUI_NodeEvent *)
arkui/native_node.h,7254,OH_ArkUI_NodeEvent_GetStringValue,int32_t,"ArkUI_NodeEvent * event,int32_t index,char ** string,int32_t * stringSize","int32_t OH_ArkUI_NodeEvent_GetStringValue(ArkUI_NodeEvent *,int32_t,char **,int32_t *)"
arkui/native_node.h,7165,OH_ArkUI_NodeEvent_GetTargetId,int32_t,ArkUI_NodeEvent * event,int32_t OH_ArkUI_NodeEvent_GetTargetId(ArkUI_NodeEvent *)
arkui/native_node.h,7210,OH_ArkUI_NodeEvent_GetTextChangeEvent,ArkUI_TextChangeEvent *,ArkUI_NodeEvent * event,ArkUI_TextChangeEvent * OH_ArkUI_NodeEvent_GetTextChangeEvent(ArkUI_NodeEvent *)
arkui/native_node.h,7222,OH_ArkUI_NodeEvent_GetUserData,void *,ArkUI_NodeEvent * event,void * OH_ArkUI_NodeEvent_GetUserData(ArkUI_NodeEvent *)
arkui/native_node.h,7268,OH_ArkUI_NodeEvent_SetReturnNumberValue,int32_t,"ArkUI_NodeEvent * event,ArkUI_NumberValue * value,int32_t size","int32_t OH_ArkUI_NodeEvent_SetReturnNumberValue(ArkUI_NodeEvent *,ArkUI_NumberValue *,int32_t)"
arkui/native_node.h,8356,OH_ArkUI_NodeUtils_AddCustomProperty,void,"ArkUI_NodeHandle node,const char * name,const char * value","void OH_ArkUI_NodeUtils_AddCustomProperty(ArkUI_NodeHandle,const char *,const char *)"
arkui/native_node.h,8399,OH_ArkUI_NodeUtils_GetActiveChildrenInfo,int32_t,"ArkUI_NodeHandle head,ArkUI_ActiveChildrenInfo ** handle","int32_t OH_ArkUI_NodeUtils_GetActiveChildrenInfo(ArkUI_NodeHandle,ArkUI_ActiveChildrenInfo **)"
arkui/native_node.h,8632,OH_ArkUI_NodeUtils_GetAttachedNodeHandleById,int32_t,"const char * id,ArkUI_NodeHandle * node","int32_t OH_ArkUI_NodeUtils_GetAttachedNodeHandleById(const char *,ArkUI_NodeHandle *)"
arkui/native_node.h,8479,OH_ArkUI_NodeUtils_GetChildWithExpandMode,int32_t,"ArkUI_NodeHandle node,int32_t position,ArkUI_NodeHandle * subnode,uint32_t expandMode","int32_t OH_ArkUI_NodeUtils_GetChildWithExpandMode(ArkUI_NodeHandle,int32_t,ArkUI_NodeHandle *,uint32_t)"
arkui/native_node.h,8674,OH_ArkUI_NodeUtils_GetCrossLanguageOption,int32_t,"ArkUI_NodeHandle node,ArkUI_CrossLanguageOption * option","int32_t OH_ArkUI_NodeUtils_GetCrossLanguageOption(ArkUI_NodeHandle,ArkUI_CrossLanguageOption *)"
arkui/native_node.h,8408,OH_ArkUI_NodeUtils_GetCurrentPageRootNode,ArkUI_NodeHandle,ArkUI_NodeHandle node,ArkUI_NodeHandle OH_ArkUI_NodeUtils_GetCurrentPageRootNode(ArkUI_NodeHandle)
arkui/native_node.h,8378,OH_ArkUI_NodeUtils_GetCustomProperty,int32_t,"ArkUI_NodeHandle node,const char * name,ArkUI_CustomProperty ** handle","int32_t OH_ArkUI_NodeUtils_GetCustomProperty(ArkUI_NodeHandle,const char *,ArkUI_CustomProperty **)"
arkui/native_node.h,8453,OH_ArkUI_NodeUtils_GetFirstChildIndexWithoutExpand,int32_t,"ArkUI_NodeHandle node,uint32_t * index","int32_t OH_ArkUI_NodeUtils_GetFirstChildIndexWithoutExpand(ArkUI_NodeHandle,uint32_t *)"
arkui/native_node.h,8465,OH_ArkUI_NodeUtils_GetLastChildIndexWithoutExpand,int32_t,"ArkUI_NodeHandle node,uint32_t * index","int32_t OH_ArkUI_NodeUtils_GetLastChildIndexWithoutExpand(ArkUI_NodeHandle,uint32_t *)"
arkui/native_node.h,8294,OH_ArkUI_NodeUtils_GetLayoutPosition,int32_t,"ArkUI_NodeHandle node,ArkUI_IntOffset * localOffset","int32_t OH_ArkUI_NodeUtils_GetLayoutPosition(ArkUI_NodeHandle,ArkUI_IntOffset *)"
arkui/native_node.h,8320,OH_ArkUI_NodeUtils_GetLayoutPositionInScreen,int32_t,"ArkUI_NodeHandle node,ArkUI_IntOffset * screenOffset","int32_t OH_ArkUI_NodeUtils_GetLayoutPositionInScreen(ArkUI_NodeHandle,ArkUI_IntOffset *)"
arkui/native_node.h,8307,OH_ArkUI_NodeUtils_GetLayoutPositionInWindow,int32_t,"ArkUI_NodeHandle node,ArkUI_IntOffset * globalOffset","int32_t OH_ArkUI_NodeUtils_GetLayoutPositionInWindow(ArkUI_NodeHandle,ArkUI_IntOffset *)"
arkui/native_node.h,8281,OH_ArkUI_NodeUtils_GetLayoutSize,int32_t,"ArkUI_NodeHandle node,ArkUI_IntSize * size","int32_t OH_ArkUI_NodeUtils_GetLayoutSize(ArkUI_NodeHandle,ArkUI_IntSize *)"
arkui/native_node.h,8428,OH_ArkUI_NodeUtils_GetNodeType,int32_t,ArkUI_NodeHandle node,int32_t OH_ArkUI_NodeUtils_GetNodeType(ArkUI_NodeHandle)
arkui/native_node.h,8387,OH_ArkUI_NodeUtils_GetParentInPageTree,ArkUI_NodeHandle,ArkUI_NodeHandle node,ArkUI_NodeHandle OH_ArkUI_NodeUtils_GetParentInPageTree(ArkUI_NodeHandle)
arkui/native_node.h,8686,OH_ArkUI_NodeUtils_GetPositionToParent,int32_t,"ArkUI_NodeHandle node,ArkUI_IntOffset * globalOffset","int32_t OH_ArkUI_NodeUtils_GetPositionToParent(ArkUI_NodeHandle,ArkUI_IntOffset *)"
arkui/native_node.h,8346,OH_ArkUI_NodeUtils_GetPositionWithTranslateInScreen,int32_t,"ArkUI_NodeHandle node,ArkUI_IntOffset * translateOffset","int32_t OH_ArkUI_NodeUtils_GetPositionWithTranslateInScreen(ArkUI_NodeHandle,ArkUI_IntOffset *)"
arkui/native_node.h,8333,OH_ArkUI_NodeUtils_GetPositionWithTranslateInWindow,int32_t,"ArkUI_NodeHandle node,ArkUI_IntOffset * translateOffset","int32_t OH_ArkUI_NodeUtils_GetPositionWithTranslateInWindow(ArkUI_NodeHandle,ArkUI_IntOffset *)"
arkui/native_node.h,8441,OH_ArkUI_NodeUtils_GetWindowInfo,int32_t,"ArkUI_NodeHandle node,ArkUI_HostWindowInfo ** info","int32_t OH_ArkUI_NodeUtils_GetWindowInfo(ArkUI_NodeHandle,ArkUI_HostWindowInfo **)"
arkui/native_node.h,8418,OH_ArkUI_NodeUtils_IsCreatedByNDK,bool,ArkUI_NodeHandle node,bool OH_ArkUI_NodeUtils_IsCreatedByNDK(ArkUI_NodeHandle)
arkui/native_node.h,8365,OH_ArkUI_NodeUtils_RemoveCustomProperty,void,"ArkUI_NodeHandle node,const char * name","void OH_ArkUI_NodeUtils_RemoveCustomProperty(ArkUI_NodeHandle,const char *)"
arkui/native_node.h,8644,OH_ArkUI_NodeUtils_SetCrossLanguageOption,int32_t,"ArkUI_NodeHandle node,ArkUI_CrossLanguageOption * option","int32_t OH_ArkUI_NodeUtils_SetCrossLanguageOption(ArkUI_NodeHandle,ArkUI_CrossLanguageOption *)"
arkui/native_node.h,8597,OH_ArkUI_RegisterDrawCallbackOnNodeHandle,int32_t,"ArkUI_NodeHandle node,void * userData,void (* onDrawCompleted)(void * userData)","int32_t OH_ArkUI_RegisterDrawCallbackOnNodeHandle(ArkUI_NodeHandle,void *,void (* onDrawCompleted)(void * userData))"
arkui/native_node.h,8583,OH_ArkUI_RegisterLayoutCallbackOnNodeHandle,int32_t,"ArkUI_NodeHandle node,void * userData,void (* onLayoutCompleted)(void * userData)","int32_t OH_ArkUI_RegisterLayoutCallbackOnNodeHandle(ArkUI_NodeHandle,void *,void (* onLayoutCompleted)(void * userData))"
arkui/native_node.h,8519,OH_ArkUI_RegisterSystemColorModeChangeEvent,int32_t,"ArkUI_NodeHandle node,void * userData,void (* onColorModeChange)(ArkUI_SystemColorMode colorMode,void * userData)","int32_t OH_ArkUI_RegisterSystemColorModeChangeEvent(ArkUI_NodeHandle,void *,void (* onColorModeChange)(ArkUI_SystemColorMode colorMode,void * userData))"
arkui/native_node.h,8543,OH_ArkUI_RegisterSystemFontStyleChangeEvent,int32_t,"ArkUI_NodeHandle node,void * userData,void (* onFontStyleChange)(ArkUI_SystemFontStyleEvent * event,void * userData)","int32_t OH_ArkUI_RegisterSystemFontStyleChangeEvent(ArkUI_NodeHandle,void *,void (* onFontStyleChange)(ArkUI_SystemFontStyleEvent * event,void * userData))"
arkui/native_node.h,8561,OH_ArkUI_SystemFontStyleEvent_GetFontSizeScale,float,const ArkUI_SystemFontStyleEvent * event,float OH_ArkUI_SystemFontStyleEvent_GetFontSizeScale(const ArkUI_SystemFontStyleEvent *)
arkui/native_node.h,8570,OH_ArkUI_SystemFontStyleEvent_GetFontWeightScale,float,const ArkUI_SystemFontStyleEvent * event,float OH_ArkUI_SystemFontStyleEvent_GetFontWeightScale(const ArkUI_SystemFontStyleEvent *)
arkui/native_node.h,8620,OH_ArkUI_UnregisterDrawCallbackOnNodeHandle,int32_t,ArkUI_NodeHandle node,int32_t OH_ArkUI_UnregisterDrawCallbackOnNodeHandle(ArkUI_NodeHandle)
arkui/native_node.h,8609,OH_ArkUI_UnregisterLayoutCallbackOnNodeHandle,int32_t,ArkUI_NodeHandle node,int32_t OH_ArkUI_UnregisterLayoutCallbackOnNodeHandle(ArkUI_NodeHandle)
arkui/native_node.h,8528,OH_ArkUI_UnregisterSystemColorModeChangeEvent,void,ArkUI_NodeHandle node,void OH_ArkUI_UnregisterSystemColorModeChangeEvent(ArkUI_NodeHandle)
arkui/native_node.h,8552,OH_ArkUI_UnregisterSystemFontStyleChangeEvent,void,ArkUI_NodeHandle node,void OH_ArkUI_UnregisterSystemFontStyleChangeEvent(ArkUI_NodeHandle)
arkui/native_node_napi.h,74,OH_ArkUI_GetContextFromNapiValue,int32_t,"napi_env env,napi_value value,ArkUI_ContextHandle * context","int32_t OH_ArkUI_GetContextFromNapiValue(napi_env,napi_value,ArkUI_ContextHandle *)"
arkui/native_node_napi.h,103,OH_ArkUI_GetDrawableDescriptorFromNapiValue,int32_t,"napi_env env,napi_value value,ArkUI_DrawableDescriptor ** drawableDescriptor","int32_t OH_ArkUI_GetDrawableDescriptorFromNapiValue(napi_env,napi_value,ArkUI_DrawableDescriptor **)"
arkui/native_node_napi.h,118,OH_ArkUI_GetDrawableDescriptorFromResourceNapiValue,int32_t,"napi_env env,napi_value value,ArkUI_DrawableDescriptor ** drawableDescriptor","int32_t OH_ArkUI_GetDrawableDescriptorFromResourceNapiValue(napi_env,napi_value,ArkUI_DrawableDescriptor **)"
arkui/native_node_napi.h,224,OH_ArkUI_GetNavDestinationId,ArkUI_ErrorCode,"ArkUI_NodeHandle node,char * buffer,int32_t bufferSize,int32_t * writeLength","ArkUI_ErrorCode OH_ArkUI_GetNavDestinationId(ArkUI_NodeHandle,char *,int32_t,int32_t *)"
arkui/native_node_napi.h,253,OH_ArkUI_GetNavDestinationIndex,ArkUI_ErrorCode,"ArkUI_NodeHandle node,int32_t * index","ArkUI_ErrorCode OH_ArkUI_GetNavDestinationIndex(ArkUI_NodeHandle,int32_t *)"
arkui/native_node_napi.h,162,OH_ArkUI_GetNavDestinationName,ArkUI_ErrorCode,"ArkUI_NodeHandle node,char * buffer,int32_t bufferSize,int32_t * writeLength","ArkUI_ErrorCode OH_ArkUI_GetNavDestinationName(ArkUI_NodeHandle,char *,int32_t,int32_t *)"
arkui/native_node_napi.h,202,OH_ArkUI_GetNavDestinationNameByIndex,ArkUI_ErrorCode,"ArkUI_NodeHandle node,int32_t index,char * buffer,int32_t bufferSize,int32_t * writeLength","ArkUI_ErrorCode OH_ArkUI_GetNavDestinationNameByIndex(ArkUI_NodeHandle,int32_t,char *,int32_t,int32_t *)"
arkui/native_node_napi.h,263,OH_ArkUI_GetNavDestinationParam,napi_value,ArkUI_NodeHandle node,napi_value OH_ArkUI_GetNavDestinationParam(ArkUI_NodeHandle)
arkui/native_node_napi.h,239,OH_ArkUI_GetNavDestinationState,ArkUI_ErrorCode,"ArkUI_NodeHandle node,ArkUI_NavDestinationState * state","ArkUI_ErrorCode OH_ArkUI_GetNavDestinationState(ArkUI_NodeHandle,ArkUI_NavDestinationState *)"
arkui/native_node_napi.h,177,OH_ArkUI_GetNavStackLength,ArkUI_ErrorCode,"ArkUI_NodeHandle node,int32_t * length","ArkUI_ErrorCode OH_ArkUI_GetNavStackLength(ArkUI_NodeHandle,int32_t *)"
arkui/native_node_napi.h,140,OH_ArkUI_GetNavigationId,ArkUI_ErrorCode,"ArkUI_NodeHandle node,char * buffer,int32_t bufferSize,int32_t * writeLength","ArkUI_ErrorCode OH_ArkUI_GetNavigationId(ArkUI_NodeHandle,char *,int32_t,int32_t *)"
arkui/native_node_napi.h,89,OH_ArkUI_GetNodeContentFromNapiValue,int32_t,"napi_env env,napi_value value,ArkUI_NodeContentHandle * content","int32_t OH_ArkUI_GetNodeContentFromNapiValue(napi_env,napi_value,ArkUI_NodeContentHandle *)"
arkui/native_node_napi.h,60,OH_ArkUI_GetNodeHandleFromNapiValue,int32_t,"napi_env env,napi_value frameNode,ArkUI_NodeHandle * handle","int32_t OH_ArkUI_GetNodeHandleFromNapiValue(napi_env,napi_value,ArkUI_NodeHandle *)"
arkui/native_node_napi.h,355,OH_ArkUI_GetRouterPageId,ArkUI_ErrorCode,"ArkUI_NodeHandle node,char * buffer,int32_t bufferSize,int32_t * writeLength","ArkUI_ErrorCode OH_ArkUI_GetRouterPageId(ArkUI_NodeHandle,char *,int32_t,int32_t *)"
arkui/native_node_napi.h,277,OH_ArkUI_GetRouterPageIndex,ArkUI_ErrorCode,"ArkUI_NodeHandle node,int32_t * index","ArkUI_ErrorCode OH_ArkUI_GetRouterPageIndex(ArkUI_NodeHandle,int32_t *)"
arkui/native_node_napi.h,298,OH_ArkUI_GetRouterPageName,ArkUI_ErrorCode,"ArkUI_NodeHandle node,char * buffer,int32_t bufferSize,int32_t * writeLength","ArkUI_ErrorCode OH_ArkUI_GetRouterPageName(ArkUI_NodeHandle,char *,int32_t,int32_t *)"
arkui/native_node_napi.h,320,OH_ArkUI_GetRouterPagePath,ArkUI_ErrorCode,"ArkUI_NodeHandle node,char * buffer,int32_t bufferSize,int32_t * writeLength","ArkUI_ErrorCode OH_ArkUI_GetRouterPagePath(ArkUI_NodeHandle,char *,int32_t,int32_t *)"
arkui/native_node_napi.h,334,OH_ArkUI_GetRouterPageState,ArkUI_ErrorCode,"ArkUI_NodeHandle node,ArkUI_RouterPageState * state","ArkUI_ErrorCode OH_ArkUI_GetRouterPageState(ArkUI_NodeHandle,ArkUI_RouterPageState *)"
arkui/native_type.h,3920,OH_ArkUI_AccessibilityState_Create,ArkUI_AccessibilityState *,void,ArkUI_AccessibilityState * OH_ArkUI_AccessibilityState_Create(void)
arkui/native_type.h,3928,OH_ArkUI_AccessibilityState_Dispose,void,ArkUI_AccessibilityState * state,void OH_ArkUI_AccessibilityState_Dispose(ArkUI_AccessibilityState *)
arkui/native_type.h,3989,OH_ArkUI_AccessibilityState_GetCheckedState,int32_t,ArkUI_AccessibilityState * state,int32_t OH_ArkUI_AccessibilityState_GetCheckedState(ArkUI_AccessibilityState *)
arkui/native_type.h,3947,OH_ArkUI_AccessibilityState_IsDisabled,int32_t,ArkUI_AccessibilityState * state,int32_t OH_ArkUI_AccessibilityState_IsDisabled(ArkUI_AccessibilityState *)
arkui/native_type.h,3968,OH_ArkUI_AccessibilityState_IsSelected,int32_t,ArkUI_AccessibilityState * state,int32_t OH_ArkUI_AccessibilityState_IsSelected(ArkUI_AccessibilityState *)
arkui/native_type.h,3978,OH_ArkUI_AccessibilityState_SetCheckedState,void,"ArkUI_AccessibilityState * state,int32_t checkedState","void OH_ArkUI_AccessibilityState_SetCheckedState(ArkUI_AccessibilityState *,int32_t)"
arkui/native_type.h,3937,OH_ArkUI_AccessibilityState_SetDisabled,void,"ArkUI_AccessibilityState * state,int32_t isDisabled","void OH_ArkUI_AccessibilityState_SetDisabled(ArkUI_AccessibilityState *,int32_t)"
arkui/native_type.h,3957,OH_ArkUI_AccessibilityState_SetSelected,void,"ArkUI_AccessibilityState * state,int32_t isSelected","void OH_ArkUI_AccessibilityState_SetSelected(ArkUI_AccessibilityState *,int32_t)"
arkui/native_type.h,3998,OH_ArkUI_AccessibilityValue_Create,ArkUI_AccessibilityValue *,void,ArkUI_AccessibilityValue * OH_ArkUI_AccessibilityValue_Create(void)
arkui/native_type.h,4006,OH_ArkUI_AccessibilityValue_Dispose,void,ArkUI_AccessibilityValue * value,void OH_ArkUI_AccessibilityValue_Dispose(ArkUI_AccessibilityValue *)
arkui/native_type.h,4063,OH_ArkUI_AccessibilityValue_GetCurrent,int32_t,ArkUI_AccessibilityValue * value,int32_t OH_ArkUI_AccessibilityValue_GetCurrent(ArkUI_AccessibilityValue *)
arkui/native_type.h,4044,OH_ArkUI_AccessibilityValue_GetMax,int32_t,ArkUI_AccessibilityValue * value,int32_t OH_ArkUI_AccessibilityValue_GetMax(ArkUI_AccessibilityValue *)
arkui/native_type.h,4025,OH_ArkUI_AccessibilityValue_GetMin,int32_t,ArkUI_AccessibilityValue * value,int32_t OH_ArkUI_AccessibilityValue_GetMin(ArkUI_AccessibilityValue *)
arkui/native_type.h,4082,OH_ArkUI_AccessibilityValue_GetText,const char *,ArkUI_AccessibilityValue * value,const char * OH_ArkUI_AccessibilityValue_GetText(ArkUI_AccessibilityValue *)
arkui/native_type.h,4053,OH_ArkUI_AccessibilityValue_SetCurrent,void,"ArkUI_AccessibilityValue * value,int32_t current","void OH_ArkUI_AccessibilityValue_SetCurrent(ArkUI_AccessibilityValue *,int32_t)"
arkui/native_type.h,4034,OH_ArkUI_AccessibilityValue_SetMax,void,"ArkUI_AccessibilityValue * value,int32_t max","void OH_ArkUI_AccessibilityValue_SetMax(ArkUI_AccessibilityValue *,int32_t)"
arkui/native_type.h,4015,OH_ArkUI_AccessibilityValue_SetMin,void,"ArkUI_AccessibilityValue * value,int32_t min","void OH_ArkUI_AccessibilityValue_SetMin(ArkUI_AccessibilityValue *,int32_t)"
arkui/native_type.h,4072,OH_ArkUI_AccessibilityValue_SetText,void,"ArkUI_AccessibilityValue * value,const char * text","void OH_ArkUI_AccessibilityValue_SetText(ArkUI_AccessibilityValue *,const char *)"
arkui/native_type.h,4124,OH_ArkUI_ActiveChildrenInfo_Destroy,void,ArkUI_ActiveChildrenInfo * handle,void OH_ArkUI_ActiveChildrenInfo_Destroy(ArkUI_ActiveChildrenInfo *)
arkui/native_type.h,4143,OH_ArkUI_ActiveChildrenInfo_GetCount,int32_t,ArkUI_ActiveChildrenInfo * handle,int32_t OH_ArkUI_ActiveChildrenInfo_GetCount(ArkUI_ActiveChildrenInfo *)
arkui/native_type.h,4134,OH_ArkUI_ActiveChildrenInfo_GetNodeByIndex,ArkUI_NodeHandle,"ArkUI_ActiveChildrenInfo * handle,int32_t index","ArkUI_NodeHandle OH_ArkUI_ActiveChildrenInfo_GetNodeByIndex(ArkUI_ActiveChildrenInfo *,int32_t)"
arkui/native_type.h,3149,OH_ArkUI_AlignmentRuleOption_Create,ArkUI_AlignmentRuleOption *,void,ArkUI_AlignmentRuleOption * OH_ArkUI_AlignmentRuleOption_Create(void)
arkui/native_type.h,3157,OH_ArkUI_AlignmentRuleOption_Dispose,void,ArkUI_AlignmentRuleOption * option,void OH_ArkUI_AlignmentRuleOption_Dispose(ArkUI_AlignmentRuleOption *)
arkui/native_type.h,3358,OH_ArkUI_AlignmentRuleOption_GetBiasHorizontal,float,ArkUI_AlignmentRuleOption * option,float OH_ArkUI_AlignmentRuleOption_GetBiasHorizontal(ArkUI_AlignmentRuleOption *)
arkui/native_type.h,3367,OH_ArkUI_AlignmentRuleOption_GetBiasVertical,float,ArkUI_AlignmentRuleOption * option,float OH_ArkUI_AlignmentRuleOption_GetBiasVertical(ArkUI_AlignmentRuleOption *)
arkui/native_type.h,3331,OH_ArkUI_AlignmentRuleOption_GetBottomAlignment,ArkUI_VerticalAlignment,ArkUI_AlignmentRuleOption * option,ArkUI_VerticalAlignment OH_ArkUI_AlignmentRuleOption_GetBottomAlignment(ArkUI_AlignmentRuleOption *)
arkui/native_type.h,3322,OH_ArkUI_AlignmentRuleOption_GetBottomId,const char *,ArkUI_AlignmentRuleOption * option,const char * OH_ArkUI_AlignmentRuleOption_GetBottomId(ArkUI_AlignmentRuleOption *)
arkui/native_type.h,3295,OH_ArkUI_AlignmentRuleOption_GetCenterAlignmentHorizontal,ArkUI_HorizontalAlignment,ArkUI_AlignmentRuleOption * option,ArkUI_HorizontalAlignment OH_ArkUI_AlignmentRuleOption_GetCenterAlignmentHorizontal(ArkUI_AlignmentRuleOption *)
arkui/native_type.h,3349,OH_ArkUI_AlignmentRuleOption_GetCenterAlignmentVertical,ArkUI_VerticalAlignment,ArkUI_AlignmentRuleOption * option,ArkUI_VerticalAlignment OH_ArkUI_AlignmentRuleOption_GetCenterAlignmentVertical(ArkUI_AlignmentRuleOption *)
arkui/native_type.h,3286,OH_ArkUI_AlignmentRuleOption_GetCenterIdHorizontal,const char *,ArkUI_AlignmentRuleOption * option,const char * OH_ArkUI_AlignmentRuleOption_GetCenterIdHorizontal(ArkUI_AlignmentRuleOption *)
arkui/native_type.h,3340,OH_ArkUI_AlignmentRuleOption_GetCenterIdVertical,const char *,ArkUI_AlignmentRuleOption * option,const char * OH_ArkUI_AlignmentRuleOption_GetCenterIdVertical(ArkUI_AlignmentRuleOption *)
arkui/native_type.h,3277,OH_ArkUI_AlignmentRuleOption_GetEndAlignment,ArkUI_HorizontalAlignment,ArkUI_AlignmentRuleOption * option,ArkUI_HorizontalAlignment OH_ArkUI_AlignmentRuleOption_GetEndAlignment(ArkUI_AlignmentRuleOption *)
arkui/native_type.h,3268,OH_ArkUI_AlignmentRuleOption_GetEndId,const char *,ArkUI_AlignmentRuleOption * option,const char * OH_ArkUI_AlignmentRuleOption_GetEndId(ArkUI_AlignmentRuleOption *)
arkui/native_type.h,3259,OH_ArkUI_AlignmentRuleOption_GetStartAlignment,ArkUI_HorizontalAlignment,ArkUI_AlignmentRuleOption * option,ArkUI_HorizontalAlignment OH_ArkUI_AlignmentRuleOption_GetStartAlignment(ArkUI_AlignmentRuleOption *)
arkui/native_type.h,3250,OH_ArkUI_AlignmentRuleOption_GetStartId,const char *,ArkUI_AlignmentRuleOption * option,const char * OH_ArkUI_AlignmentRuleOption_GetStartId(ArkUI_AlignmentRuleOption *)
arkui/native_type.h,3313,OH_ArkUI_AlignmentRuleOption_GetTopAlignment,ArkUI_VerticalAlignment,ArkUI_AlignmentRuleOption * option,ArkUI_VerticalAlignment OH_ArkUI_AlignmentRuleOption_GetTopAlignment(ArkUI_AlignmentRuleOption *)
arkui/native_type.h,3304,OH_ArkUI_AlignmentRuleOption_GetTopId,const char *,ArkUI_AlignmentRuleOption * option,const char * OH_ArkUI_AlignmentRuleOption_GetTopId(ArkUI_AlignmentRuleOption *)
arkui/native_type.h,3232,OH_ArkUI_AlignmentRuleOption_SetBiasHorizontal,void,"ArkUI_AlignmentRuleOption * option,float horizontal","void OH_ArkUI_AlignmentRuleOption_SetBiasHorizontal(ArkUI_AlignmentRuleOption *,float)"
arkui/native_type.h,3241,OH_ArkUI_AlignmentRuleOption_SetBiasVertical,void,"ArkUI_AlignmentRuleOption * option,float vertical","void OH_ArkUI_AlignmentRuleOption_SetBiasVertical(ArkUI_AlignmentRuleOption *,float)"
arkui/native_type.h,3211,OH_ArkUI_AlignmentRuleOption_SetBottom,void,"ArkUI_AlignmentRuleOption * option,const char * id,ArkUI_VerticalAlignment alignment","void OH_ArkUI_AlignmentRuleOption_SetBottom(ArkUI_AlignmentRuleOption *,const char *,ArkUI_VerticalAlignment)"
arkui/native_type.h,3189,OH_ArkUI_AlignmentRuleOption_SetCenterHorizontal,void,"ArkUI_AlignmentRuleOption * option,const char * id,ArkUI_HorizontalAlignment alignment","void OH_ArkUI_AlignmentRuleOption_SetCenterHorizontal(ArkUI_AlignmentRuleOption *,const char *,ArkUI_HorizontalAlignment)"
arkui/native_type.h,3222,OH_ArkUI_AlignmentRuleOption_SetCenterVertical,void,"ArkUI_AlignmentRuleOption * option,const char * id,ArkUI_VerticalAlignment alignment","void OH_ArkUI_AlignmentRuleOption_SetCenterVertical(ArkUI_AlignmentRuleOption *,const char *,ArkUI_VerticalAlignment)"
arkui/native_type.h,3178,OH_ArkUI_AlignmentRuleOption_SetEnd,void,"ArkUI_AlignmentRuleOption * option,const char * id,ArkUI_HorizontalAlignment alignment","void OH_ArkUI_AlignmentRuleOption_SetEnd(ArkUI_AlignmentRuleOption *,const char *,ArkUI_HorizontalAlignment)"
arkui/native_type.h,3167,OH_ArkUI_AlignmentRuleOption_SetStart,void,"ArkUI_AlignmentRuleOption * option,const char * id,ArkUI_HorizontalAlignment alignment","void OH_ArkUI_AlignmentRuleOption_SetStart(ArkUI_AlignmentRuleOption *,const char *,ArkUI_HorizontalAlignment)"
arkui/native_type.h,3200,OH_ArkUI_AlignmentRuleOption_SetTop,void,"ArkUI_AlignmentRuleOption * option,const char * id,ArkUI_VerticalAlignment alignment","void OH_ArkUI_AlignmentRuleOption_SetTop(ArkUI_AlignmentRuleOption *,const char *,ArkUI_VerticalAlignment)"
arkui/native_type.h,3060,OH_ArkUI_BarrierOption_Create,ArkUI_BarrierOption *,int32_t size,ArkUI_BarrierOption * OH_ArkUI_BarrierOption_Create(int32_t)
arkui/native_type.h,3068,OH_ArkUI_BarrierOption_Dispose,void,ArkUI_BarrierOption * barrierStyle,void OH_ArkUI_BarrierOption_Dispose(ArkUI_BarrierOption *)
arkui/native_type.h,3119,OH_ArkUI_BarrierOption_GetDirection,ArkUI_BarrierDirection,"ArkUI_BarrierOption * barrierStyle,int32_t index","ArkUI_BarrierDirection OH_ArkUI_BarrierOption_GetDirection(ArkUI_BarrierOption *,int32_t)"
arkui/native_type.h,3109,OH_ArkUI_BarrierOption_GetId,const char *,"ArkUI_BarrierOption * barrierStyle,int32_t index","const char * OH_ArkUI_BarrierOption_GetId(ArkUI_BarrierOption *,int32_t)"
arkui/native_type.h,3130,OH_ArkUI_BarrierOption_GetReferencedId,const char *,"ArkUI_BarrierOption * barrierStyle,int32_t index,int32_t referencedIndex","const char * OH_ArkUI_BarrierOption_GetReferencedId(ArkUI_BarrierOption *,int32_t,int32_t)"
arkui/native_type.h,3141,OH_ArkUI_BarrierOption_GetReferencedIdSize,int32_t,"ArkUI_BarrierOption * barrierStyle,int32_t index","int32_t OH_ArkUI_BarrierOption_GetReferencedIdSize(ArkUI_BarrierOption *,int32_t)"
arkui/native_type.h,3088,OH_ArkUI_BarrierOption_SetDirection,void,"ArkUI_BarrierOption * barrierStyle,ArkUI_BarrierDirection value,int32_t index","void OH_ArkUI_BarrierOption_SetDirection(ArkUI_BarrierOption *,ArkUI_BarrierDirection,int32_t)"
arkui/native_type.h,3078,OH_ArkUI_BarrierOption_SetId,void,"ArkUI_BarrierOption * barrierStyle,const char * value,int32_t index","void OH_ArkUI_BarrierOption_SetId(ArkUI_BarrierOption *,const char *,int32_t)"
arkui/native_type.h,3099,OH_ArkUI_BarrierOption_SetReferencedId,void,"ArkUI_BarrierOption * barrierStyle,const char * value,int32_t index","void OH_ArkUI_BarrierOption_SetReferencedId(ArkUI_BarrierOption *,const char *,int32_t)"
arkui/native_type.h,4245,OH_ArkUI_CreateSnapshotOptions,ArkUI_SnapshotOptions *,void,ArkUI_SnapshotOptions * OH_ArkUI_CreateSnapshotOptions(void)
arkui/native_type.h,4272,OH_ArkUI_CrossLanguageOption_Create,ArkUI_CrossLanguageOption *,void,ArkUI_CrossLanguageOption * OH_ArkUI_CrossLanguageOption_Create(void)
arkui/native_type.h,4280,OH_ArkUI_CrossLanguageOption_Destroy,void,ArkUI_CrossLanguageOption * option,void OH_ArkUI_CrossLanguageOption_Destroy(ArkUI_CrossLanguageOption *)
arkui/native_type.h,4299,OH_ArkUI_CrossLanguageOption_GetAttributeSettingStatus,bool,ArkUI_CrossLanguageOption * option,bool OH_ArkUI_CrossLanguageOption_GetAttributeSettingStatus(ArkUI_CrossLanguageOption *)
arkui/native_type.h,4290,OH_ArkUI_CrossLanguageOption_SetAttributeSettingStatus,void,"ArkUI_CrossLanguageOption * option,bool enabled","void OH_ArkUI_CrossLanguageOption_SetAttributeSettingStatus(ArkUI_CrossLanguageOption *,bool)"
arkui/native_type.h,4090,OH_ArkUI_CustomProperty_Destroy,void,ArkUI_CustomProperty * handle,void OH_ArkUI_CustomProperty_Destroy(ArkUI_CustomProperty *)
arkui/native_type.h,4099,OH_ArkUI_CustomProperty_GetStringValue,const char *,ArkUI_CustomProperty * handle,const char * OH_ArkUI_CustomProperty_GetStringValue(ArkUI_CustomProperty *)
arkui/native_type.h,3738,OH_ArkUI_CustomSpanDrawInfo_Create,ArkUI_CustomSpanDrawInfo *,void,ArkUI_CustomSpanDrawInfo * OH_ArkUI_CustomSpanDrawInfo_Create(void)
arkui/native_type.h,3746,OH_ArkUI_CustomSpanDrawInfo_Dispose,void,ArkUI_CustomSpanDrawInfo * info,void OH_ArkUI_CustomSpanDrawInfo_Dispose(ArkUI_CustomSpanDrawInfo *)
arkui/native_type.h,3786,OH_ArkUI_CustomSpanDrawInfo_GetBaseline,float,ArkUI_CustomSpanDrawInfo * info,float OH_ArkUI_CustomSpanDrawInfo_GetBaseline(ArkUI_CustomSpanDrawInfo *)
arkui/native_type.h,3776,OH_ArkUI_CustomSpanDrawInfo_GetLineBottom,float,ArkUI_CustomSpanDrawInfo * info,float OH_ArkUI_CustomSpanDrawInfo_GetLineBottom(ArkUI_CustomSpanDrawInfo *)
arkui/native_type.h,3766,OH_ArkUI_CustomSpanDrawInfo_GetLineTop,float,ArkUI_CustomSpanDrawInfo * info,float OH_ArkUI_CustomSpanDrawInfo_GetLineTop(ArkUI_CustomSpanDrawInfo *)
arkui/native_type.h,3756,OH_ArkUI_CustomSpanDrawInfo_GetXOffset,float,ArkUI_CustomSpanDrawInfo * info,float OH_ArkUI_CustomSpanDrawInfo_GetXOffset(ArkUI_CustomSpanDrawInfo *)
arkui/native_type.h,3668,OH_ArkUI_CustomSpanMeasureInfo_Create,ArkUI_CustomSpanMeasureInfo *,void,ArkUI_CustomSpanMeasureInfo * OH_ArkUI_CustomSpanMeasureInfo_Create(void)
arkui/native_type.h,3676,OH_ArkUI_CustomSpanMeasureInfo_Dispose,void,ArkUI_CustomSpanMeasureInfo * info,void OH_ArkUI_CustomSpanMeasureInfo_Dispose(ArkUI_CustomSpanMeasureInfo *)
arkui/native_type.h,3686,OH_ArkUI_CustomSpanMeasureInfo_GetFontSize,float,ArkUI_CustomSpanMeasureInfo * info,float OH_ArkUI_CustomSpanMeasureInfo_GetFontSize(ArkUI_CustomSpanMeasureInfo *)
arkui/native_type.h,3695,OH_ArkUI_CustomSpanMetrics_Create,ArkUI_CustomSpanMetrics *,void,ArkUI_CustomSpanMetrics * OH_ArkUI_CustomSpanMetrics_Create(void)
arkui/native_type.h,3703,OH_ArkUI_CustomSpanMetrics_Dispose,void,ArkUI_CustomSpanMetrics * metrics,void OH_ArkUI_CustomSpanMetrics_Dispose(ArkUI_CustomSpanMetrics *)
arkui/native_type.h,3729,OH_ArkUI_CustomSpanMetrics_SetHeight,int32_t,"ArkUI_CustomSpanMetrics * metrics,float height","int32_t OH_ArkUI_CustomSpanMetrics_SetHeight(ArkUI_CustomSpanMetrics *,float)"
arkui/native_type.h,3716,OH_ArkUI_CustomSpanMetrics_SetWidth,int32_t,"ArkUI_CustomSpanMetrics * metrics,float width","int32_t OH_ArkUI_CustomSpanMetrics_SetWidth(ArkUI_CustomSpanMetrics *,float)"
arkui/native_type.h,4253,OH_ArkUI_DestroySnapshotOptions,void,ArkUI_SnapshotOptions * snapshotOptions,void OH_ArkUI_DestroySnapshotOptions(ArkUI_SnapshotOptions *)
arkui/native_type.h,2538,OH_ArkUI_DrawContext_GetCanvas,void *,ArkUI_DrawContext * context,void * OH_ArkUI_DrawContext_GetCanvas(ArkUI_DrawContext *)
arkui/native_type.h,2547,OH_ArkUI_DrawContext_GetSize,ArkUI_IntSize,ArkUI_DrawContext * context,ArkUI_IntSize OH_ArkUI_DrawContext_GetSize(ArkUI_DrawContext *)
arkui/native_type.h,2963,OH_ArkUI_GuidelineOption_Create,ArkUI_GuidelineOption *,int32_t size,ArkUI_GuidelineOption * OH_ArkUI_GuidelineOption_Create(int32_t)
arkui/native_type.h,2971,OH_ArkUI_GuidelineOption_Dispose,void,ArkUI_GuidelineOption * guideline,void OH_ArkUI_GuidelineOption_Dispose(ArkUI_GuidelineOption *)
arkui/native_type.h,3031,OH_ArkUI_GuidelineOption_GetDirection,ArkUI_Axis,"ArkUI_GuidelineOption * guideline,int32_t index","ArkUI_Axis OH_ArkUI_GuidelineOption_GetDirection(ArkUI_GuidelineOption *,int32_t)"
arkui/native_type.h,3021,OH_ArkUI_GuidelineOption_GetId,const char *,"ArkUI_GuidelineOption * guideline,int32_t index","const char * OH_ArkUI_GuidelineOption_GetId(ArkUI_GuidelineOption *,int32_t)"
arkui/native_type.h,3051,OH_ArkUI_GuidelineOption_GetPositionEnd,float,"ArkUI_GuidelineOption * guideline,int32_t index","float OH_ArkUI_GuidelineOption_GetPositionEnd(ArkUI_GuidelineOption *,int32_t)"
arkui/native_type.h,3041,OH_ArkUI_GuidelineOption_GetPositionStart,float,"ArkUI_GuidelineOption * guideline,int32_t index","float OH_ArkUI_GuidelineOption_GetPositionStart(ArkUI_GuidelineOption *,int32_t)"
arkui/native_type.h,2991,OH_ArkUI_GuidelineOption_SetDirection,void,"ArkUI_GuidelineOption * guideline,ArkUI_Axis value,int32_t index","void OH_ArkUI_GuidelineOption_SetDirection(ArkUI_GuidelineOption *,ArkUI_Axis,int32_t)"
arkui/native_type.h,2981,OH_ArkUI_GuidelineOption_SetId,void,"ArkUI_GuidelineOption * guideline,const char * value,int32_t index","void OH_ArkUI_GuidelineOption_SetId(ArkUI_GuidelineOption *,const char *,int32_t)"
arkui/native_type.h,3011,OH_ArkUI_GuidelineOption_SetPositionEnd,void,"ArkUI_GuidelineOption * guideline,float value,int32_t index","void OH_ArkUI_GuidelineOption_SetPositionEnd(ArkUI_GuidelineOption *,float,int32_t)"
arkui/native_type.h,3001,OH_ArkUI_GuidelineOption_SetPositionStart,void,"ArkUI_GuidelineOption * guideline,float value,int32_t index","void OH_ArkUI_GuidelineOption_SetPositionStart(ArkUI_GuidelineOption *,float,int32_t)"
arkui/native_type.h,4116,OH_ArkUI_HostWindowInfo_Destroy,void,ArkUI_HostWindowInfo * info,void OH_ArkUI_HostWindowInfo_Destroy(ArkUI_HostWindowInfo *)
arkui/native_type.h,4108,OH_ArkUI_HostWindowInfo_GetName,const char *,ArkUI_HostWindowInfo * info,const char * OH_ArkUI_HostWindowInfo_GetName(ArkUI_HostWindowInfo *)
arkui/native_type.h,3807,OH_ArkUI_ImageAnimatorFrameInfo_CreateFromDrawableDescriptor,ArkUI_ImageAnimatorFrameInfo *,ArkUI_DrawableDescriptor * drawable,ArkUI_ImageAnimatorFrameInfo * OH_ArkUI_ImageAnimatorFrameInfo_CreateFromDrawableDescriptor(ArkUI_DrawableDescriptor *)
arkui/native_type.h,3796,OH_ArkUI_ImageAnimatorFrameInfo_CreateFromString,ArkUI_ImageAnimatorFrameInfo *,char * src,ArkUI_ImageAnimatorFrameInfo * OH_ArkUI_ImageAnimatorFrameInfo_CreateFromString(char *)
arkui/native_type.h,3816,OH_ArkUI_ImageAnimatorFrameInfo_Dispose,void,ArkUI_ImageAnimatorFrameInfo * imageInfo,void OH_ArkUI_ImageAnimatorFrameInfo_Dispose(ArkUI_ImageAnimatorFrameInfo *)
arkui/native_type.h,3911,OH_ArkUI_ImageAnimatorFrameInfo_GetDuration,int32_t,ArkUI_ImageAnimatorFrameInfo * imageInfo,int32_t OH_ArkUI_ImageAnimatorFrameInfo_GetDuration(ArkUI_ImageAnimatorFrameInfo *)
arkui/native_type.h,3852,OH_ArkUI_ImageAnimatorFrameInfo_GetHeight,int32_t,ArkUI_ImageAnimatorFrameInfo * imageInfo,int32_t OH_ArkUI_ImageAnimatorFrameInfo_GetHeight(ArkUI_ImageAnimatorFrameInfo *)
arkui/native_type.h,3892,OH_ArkUI_ImageAnimatorFrameInfo_GetLeft,int32_t,ArkUI_ImageAnimatorFrameInfo * imageInfo,int32_t OH_ArkUI_ImageAnimatorFrameInfo_GetLeft(ArkUI_ImageAnimatorFrameInfo *)
arkui/native_type.h,3872,OH_ArkUI_ImageAnimatorFrameInfo_GetTop,int32_t,ArkUI_ImageAnimatorFrameInfo * imageInfo,int32_t OH_ArkUI_ImageAnimatorFrameInfo_GetTop(ArkUI_ImageAnimatorFrameInfo *)
arkui/native_type.h,3834,OH_ArkUI_ImageAnimatorFrameInfo_GetWidth,int32_t,ArkUI_ImageAnimatorFrameInfo * imageInfo,int32_t OH_ArkUI_ImageAnimatorFrameInfo_GetWidth(ArkUI_ImageAnimatorFrameInfo *)
arkui/native_type.h,3901,OH_ArkUI_ImageAnimatorFrameInfo_SetDuration,void,"ArkUI_ImageAnimatorFrameInfo * imageInfo,int32_t duration","void OH_ArkUI_ImageAnimatorFrameInfo_SetDuration(ArkUI_ImageAnimatorFrameInfo *,int32_t)"
arkui/native_type.h,3843,OH_ArkUI_ImageAnimatorFrameInfo_SetHeight,void,"ArkUI_ImageAnimatorFrameInfo * imageInfo,int32_t height","void OH_ArkUI_ImageAnimatorFrameInfo_SetHeight(ArkUI_ImageAnimatorFrameInfo *,int32_t)"
arkui/native_type.h,3882,OH_ArkUI_ImageAnimatorFrameInfo_SetLeft,void,"ArkUI_ImageAnimatorFrameInfo * imageInfo,int32_t left","void OH_ArkUI_ImageAnimatorFrameInfo_SetLeft(ArkUI_ImageAnimatorFrameInfo *,int32_t)"
arkui/native_type.h,3862,OH_ArkUI_ImageAnimatorFrameInfo_SetTop,void,"ArkUI_ImageAnimatorFrameInfo * imageInfo,int32_t top","void OH_ArkUI_ImageAnimatorFrameInfo_SetTop(ArkUI_ImageAnimatorFrameInfo *,int32_t)"
arkui/native_type.h,3825,OH_ArkUI_ImageAnimatorFrameInfo_SetWidth,void,"ArkUI_ImageAnimatorFrameInfo * imageInfo,int32_t width","void OH_ArkUI_ImageAnimatorFrameInfo_SetWidth(ArkUI_ImageAnimatorFrameInfo *,int32_t)"
arkui/native_type.h,2412,OH_ArkUI_LayoutConstraint_Copy,ArkUI_LayoutConstraint *,const ArkUI_LayoutConstraint * Constraint,ArkUI_LayoutConstraint * OH_ArkUI_LayoutConstraint_Copy(const ArkUI_LayoutConstraint *)
arkui/native_type.h,2403,OH_ArkUI_LayoutConstraint_Create,ArkUI_LayoutConstraint *,void,ArkUI_LayoutConstraint * OH_ArkUI_LayoutConstraint_Create(void)
arkui/native_type.h,2420,OH_ArkUI_LayoutConstraint_Dispose,void *,ArkUI_LayoutConstraint * Constraint,void * OH_ArkUI_LayoutConstraint_Dispose(ArkUI_LayoutConstraint *)
arkui/native_type.h,2447,OH_ArkUI_LayoutConstraint_GetMaxHeight,int32_t,const ArkUI_LayoutConstraint * Constraint,int32_t OH_ArkUI_LayoutConstraint_GetMaxHeight(const ArkUI_LayoutConstraint *)
arkui/native_type.h,2429,OH_ArkUI_LayoutConstraint_GetMaxWidth,int32_t,const ArkUI_LayoutConstraint * Constraint,int32_t OH_ArkUI_LayoutConstraint_GetMaxWidth(const ArkUI_LayoutConstraint *)
arkui/native_type.h,2456,OH_ArkUI_LayoutConstraint_GetMinHeight,int32_t,const ArkUI_LayoutConstraint * Constraint,int32_t OH_ArkUI_LayoutConstraint_GetMinHeight(const ArkUI_LayoutConstraint *)
arkui/native_type.h,2438,OH_ArkUI_LayoutConstraint_GetMinWidth,int32_t,const ArkUI_LayoutConstraint * Constraint,int32_t OH_ArkUI_LayoutConstraint_GetMinWidth(const ArkUI_LayoutConstraint *)
arkui/native_type.h,2474,OH_ArkUI_LayoutConstraint_GetPercentReferenceHeight,int32_t,const ArkUI_LayoutConstraint * Constraint,int32_t OH_ArkUI_LayoutConstraint_GetPercentReferenceHeight(const ArkUI_LayoutConstraint *)
arkui/native_type.h,2465,OH_ArkUI_LayoutConstraint_GetPercentReferenceWidth,int32_t,const ArkUI_LayoutConstraint * Constraint,int32_t OH_ArkUI_LayoutConstraint_GetPercentReferenceWidth(const ArkUI_LayoutConstraint *)
arkui/native_type.h,2501,OH_ArkUI_LayoutConstraint_SetMaxHeight,void,"ArkUI_LayoutConstraint * Constraint,int32_t value","void OH_ArkUI_LayoutConstraint_SetMaxHeight(ArkUI_LayoutConstraint *,int32_t)"
arkui/native_type.h,2483,OH_ArkUI_LayoutConstraint_SetMaxWidth,void,"ArkUI_LayoutConstraint * Constraint,int32_t value","void OH_ArkUI_LayoutConstraint_SetMaxWidth(ArkUI_LayoutConstraint *,int32_t)"
arkui/native_type.h,2510,OH_ArkUI_LayoutConstraint_SetMinHeight,void,"ArkUI_LayoutConstraint * Constraint,int32_t value","void OH_ArkUI_LayoutConstraint_SetMinHeight(ArkUI_LayoutConstraint *,int32_t)"
arkui/native_type.h,2492,OH_ArkUI_LayoutConstraint_SetMinWidth,void,"ArkUI_LayoutConstraint * Constraint,int32_t value","void OH_ArkUI_LayoutConstraint_SetMinWidth(ArkUI_LayoutConstraint *,int32_t)"
arkui/native_type.h,2528,OH_ArkUI_LayoutConstraint_SetPercentReferenceHeight,void,"ArkUI_LayoutConstraint * Constraint,int32_t value","void OH_ArkUI_LayoutConstraint_SetPercentReferenceHeight(ArkUI_LayoutConstraint *,int32_t)"
arkui/native_type.h,2519,OH_ArkUI_LayoutConstraint_SetPercentReferenceWidth,void,"ArkUI_LayoutConstraint * Constraint,int32_t value","void OH_ArkUI_LayoutConstraint_SetPercentReferenceWidth(ArkUI_LayoutConstraint *,int32_t)"
arkui/native_type.h,3586,OH_ArkUI_ListChildrenMainSizeOption_Create,ArkUI_ListChildrenMainSize *,void,ArkUI_ListChildrenMainSize * OH_ArkUI_ListChildrenMainSizeOption_Create(void)
arkui/native_type.h,3594,OH_ArkUI_ListChildrenMainSizeOption_Dispose,void,ArkUI_ListChildrenMainSize * option,void OH_ArkUI_ListChildrenMainSizeOption_Dispose(ArkUI_ListChildrenMainSize *)
arkui/native_type.h,3615,OH_ArkUI_ListChildrenMainSizeOption_GetDefaultMainSize,float,ArkUI_ListChildrenMainSize * option,float OH_ArkUI_ListChildrenMainSizeOption_GetDefaultMainSize(ArkUI_ListChildrenMainSize *)
arkui/native_type.h,3659,OH_ArkUI_ListChildrenMainSizeOption_GetMainSize,float,"ArkUI_ListChildrenMainSize * option,int32_t index","float OH_ArkUI_ListChildrenMainSizeOption_GetMainSize(ArkUI_ListChildrenMainSize *,int32_t)"
arkui/native_type.h,3624,OH_ArkUI_ListChildrenMainSizeOption_Resize,void,"ArkUI_ListChildrenMainSize * option,int32_t totalSize","void OH_ArkUI_ListChildrenMainSizeOption_Resize(ArkUI_ListChildrenMainSize *,int32_t)"
arkui/native_type.h,3604,OH_ArkUI_ListChildrenMainSizeOption_SetDefaultMainSize,int32_t,"ArkUI_ListChildrenMainSize * option,float defaultMainSize","int32_t OH_ArkUI_ListChildrenMainSizeOption_SetDefaultMainSize(ArkUI_ListChildrenMainSize *,float)"
arkui/native_type.h,3636,OH_ArkUI_ListChildrenMainSizeOption_Splice,int32_t,"ArkUI_ListChildrenMainSize * option,int32_t index,int32_t deleteCount,int32_t addCount","int32_t OH_ArkUI_ListChildrenMainSizeOption_Splice(ArkUI_ListChildrenMainSize *,int32_t,int32_t,int32_t)"
arkui/native_type.h,3648,OH_ArkUI_ListChildrenMainSizeOption_UpdateSize,int32_t,"ArkUI_ListChildrenMainSize * option,int32_t index,float mainSize","int32_t OH_ArkUI_ListChildrenMainSizeOption_UpdateSize(ArkUI_ListChildrenMainSize *,int32_t,float)"
arkui/native_type.h,3376,OH_ArkUI_ListItemSwipeActionItem_Create,ArkUI_ListItemSwipeActionItem *,void,ArkUI_ListItemSwipeActionItem * OH_ArkUI_ListItemSwipeActionItem_Create(void)
arkui/native_type.h,3384,OH_ArkUI_ListItemSwipeActionItem_Dispose,void,ArkUI_ListItemSwipeActionItem * item,void OH_ArkUI_ListItemSwipeActionItem_Dispose(ArkUI_ListItemSwipeActionItem *)
arkui/native_type.h,3412,OH_ArkUI_ListItemSwipeActionItem_GetActionAreaDistance,float,ArkUI_ListItemSwipeActionItem * item,float OH_ArkUI_ListItemSwipeActionItem_GetActionAreaDistance(ArkUI_ListItemSwipeActionItem *)
arkui/native_type.h,3402,OH_ArkUI_ListItemSwipeActionItem_SetActionAreaDistance,void,"ArkUI_ListItemSwipeActionItem * item,float distance","void OH_ArkUI_ListItemSwipeActionItem_SetActionAreaDistance(ArkUI_ListItemSwipeActionItem *,float)"
arkui/native_type.h,3393,OH_ArkUI_ListItemSwipeActionItem_SetContent,void,"ArkUI_ListItemSwipeActionItem * item,ArkUI_NodeHandle node","void OH_ArkUI_ListItemSwipeActionItem_SetContent(ArkUI_ListItemSwipeActionItem *,ArkUI_NodeHandle)"
arkui/native_type.h,3441,OH_ArkUI_ListItemSwipeActionItem_SetOnAction,void,"ArkUI_ListItemSwipeActionItem * item,void (* callback)()","void OH_ArkUI_ListItemSwipeActionItem_SetOnAction(ArkUI_ListItemSwipeActionItem *,void (* callback)())"
arkui/native_type.h,3451,OH_ArkUI_ListItemSwipeActionItem_SetOnActionWithUserData,void,"ArkUI_ListItemSwipeActionItem * item,void * userData,void (* callback)(void * userData)","void OH_ArkUI_ListItemSwipeActionItem_SetOnActionWithUserData(ArkUI_ListItemSwipeActionItem *,void *,void (* callback)(void * userData))"
arkui/native_type.h,3421,OH_ArkUI_ListItemSwipeActionItem_SetOnEnterActionArea,void,"ArkUI_ListItemSwipeActionItem * item,void (* callback)()","void OH_ArkUI_ListItemSwipeActionItem_SetOnEnterActionArea(ArkUI_ListItemSwipeActionItem *,void (* callback)())"
arkui/native_type.h,3431,OH_ArkUI_ListItemSwipeActionItem_SetOnEnterActionAreaWithUserData,void,"ArkUI_ListItemSwipeActionItem * item,void * userData,void (* callback)(void * userData)","void OH_ArkUI_ListItemSwipeActionItem_SetOnEnterActionAreaWithUserData(ArkUI_ListItemSwipeActionItem *,void *,void (* callback)(void * userData))"
arkui/native_type.h,3461,OH_ArkUI_ListItemSwipeActionItem_SetOnExitActionArea,void,"ArkUI_ListItemSwipeActionItem * item,void (* callback)()","void OH_ArkUI_ListItemSwipeActionItem_SetOnExitActionArea(ArkUI_ListItemSwipeActionItem *,void (* callback)())"
arkui/native_type.h,3471,OH_ArkUI_ListItemSwipeActionItem_SetOnExitActionAreaWithUserData,void,"ArkUI_ListItemSwipeActionItem * item,void * userData,void (* callback)(void * userData)","void OH_ArkUI_ListItemSwipeActionItem_SetOnExitActionAreaWithUserData(ArkUI_ListItemSwipeActionItem *,void *,void (* callback)(void * userData))"
arkui/native_type.h,3482,OH_ArkUI_ListItemSwipeActionItem_SetOnStateChange,void,"ArkUI_ListItemSwipeActionItem * item,void (* callback)(ArkUI_ListItemSwipeActionState swipeActionState)","void OH_ArkUI_ListItemSwipeActionItem_SetOnStateChange(ArkUI_ListItemSwipeActionItem *,void (* callback)(ArkUI_ListItemSwipeActionState swipeActionState))"
arkui/native_type.h,3494,OH_ArkUI_ListItemSwipeActionItem_SetOnStateChangeWithUserData,void,"ArkUI_ListItemSwipeActionItem * item,void * userData,void (* callback)(ArkUI_ListItemSwipeActionState swipeActionState,void * userData)","void OH_ArkUI_ListItemSwipeActionItem_SetOnStateChangeWithUserData(ArkUI_ListItemSwipeActionItem *,void *,void (* callback)(ArkUI_ListItemSwipeActionState swipeActionState,void * userData))"
arkui/native_type.h,3504,OH_ArkUI_ListItemSwipeActionOption_Create,ArkUI_ListItemSwipeActionOption *,void,ArkUI_ListItemSwipeActionOption * OH_ArkUI_ListItemSwipeActionOption_Create(void)
arkui/native_type.h,3512,OH_ArkUI_ListItemSwipeActionOption_Dispose,void,ArkUI_ListItemSwipeActionOption * option,void OH_ArkUI_ListItemSwipeActionOption_Dispose(ArkUI_ListItemSwipeActionOption *)
arkui/native_type.h,3554,OH_ArkUI_ListItemSwipeActionOption_GetEdgeEffect,int32_t,ArkUI_ListItemSwipeActionOption * option,int32_t OH_ArkUI_ListItemSwipeActionOption_GetEdgeEffect(ArkUI_ListItemSwipeActionOption *)
arkui/native_type.h,3543,OH_ArkUI_ListItemSwipeActionOption_SetEdgeEffect,void,"ArkUI_ListItemSwipeActionOption * option,ArkUI_ListItemSwipeEdgeEffect edgeEffect","void OH_ArkUI_ListItemSwipeActionOption_SetEdgeEffect(ArkUI_ListItemSwipeActionOption *,ArkUI_ListItemSwipeEdgeEffect)"
arkui/native_type.h,3533,OH_ArkUI_ListItemSwipeActionOption_SetEnd,void,"ArkUI_ListItemSwipeActionOption * option,ArkUI_ListItemSwipeActionItem * item","void OH_ArkUI_ListItemSwipeActionOption_SetEnd(ArkUI_ListItemSwipeActionOption *,ArkUI_ListItemSwipeActionItem *)"
arkui/native_type.h,3564,OH_ArkUI_ListItemSwipeActionOption_SetOnOffsetChange,void,"ArkUI_ListItemSwipeActionOption * option,void (* callback)(float offset)","void OH_ArkUI_ListItemSwipeActionOption_SetOnOffsetChange(ArkUI_ListItemSwipeActionOption *,void (* callback)(float offset))"
arkui/native_type.h,3576,OH_ArkUI_ListItemSwipeActionOption_SetOnOffsetChangeWithUserData,void,"ArkUI_ListItemSwipeActionOption * option,void * userData,void (* callback)(float offset,void * userData)","void OH_ArkUI_ListItemSwipeActionOption_SetOnOffsetChangeWithUserData(ArkUI_ListItemSwipeActionOption *,void *,void (* callback)(float offset,void * userData))"
arkui/native_type.h,3522,OH_ArkUI_ListItemSwipeActionOption_SetStart,void,"ArkUI_ListItemSwipeActionOption * option,ArkUI_ListItemSwipeActionItem * item","void OH_ArkUI_ListItemSwipeActionOption_SetStart(ArkUI_ListItemSwipeActionOption *,ArkUI_ListItemSwipeActionItem *)"
arkui/native_type.h,4152,OH_ArkUI_ProgressLinearStyleOption_Create,ArkUI_ProgressLinearStyleOption *,void,ArkUI_ProgressLinearStyleOption * OH_ArkUI_ProgressLinearStyleOption_Create(void)
arkui/native_type.h,4160,OH_ArkUI_ProgressLinearStyleOption_Destroy,void,ArkUI_ProgressLinearStyleOption * option,void OH_ArkUI_ProgressLinearStyleOption_Destroy(ArkUI_ProgressLinearStyleOption *)
arkui/native_type.h,4208,OH_ArkUI_ProgressLinearStyleOption_GetScanEffectEnabled,bool,ArkUI_ProgressLinearStyleOption * option,bool OH_ArkUI_ProgressLinearStyleOption_GetScanEffectEnabled(ArkUI_ProgressLinearStyleOption *)
arkui/native_type.h,4217,OH_ArkUI_ProgressLinearStyleOption_GetSmoothEffectEnabled,bool,ArkUI_ProgressLinearStyleOption * option,bool OH_ArkUI_ProgressLinearStyleOption_GetSmoothEffectEnabled(ArkUI_ProgressLinearStyleOption *)
arkui/native_type.h,4235,OH_ArkUI_ProgressLinearStyleOption_GetStrokeRadius,float,ArkUI_ProgressLinearStyleOption * option,float OH_ArkUI_ProgressLinearStyleOption_GetStrokeRadius(ArkUI_ProgressLinearStyleOption *)
arkui/native_type.h,4226,OH_ArkUI_ProgressLinearStyleOption_GetStrokeWidth,float,ArkUI_ProgressLinearStyleOption * option,float OH_ArkUI_ProgressLinearStyleOption_GetStrokeWidth(ArkUI_ProgressLinearStyleOption *)
arkui/native_type.h,4169,OH_ArkUI_ProgressLinearStyleOption_SetScanEffectEnabled,void,"ArkUI_ProgressLinearStyleOption * option,bool enabled","void OH_ArkUI_ProgressLinearStyleOption_SetScanEffectEnabled(ArkUI_ProgressLinearStyleOption *,bool)"
arkui/native_type.h,4179,OH_ArkUI_ProgressLinearStyleOption_SetSmoothEffectEnabled,void,"ArkUI_ProgressLinearStyleOption * option,bool enabled","void OH_ArkUI_ProgressLinearStyleOption_SetSmoothEffectEnabled(ArkUI_ProgressLinearStyleOption *,bool)"
arkui/native_type.h,4199,OH_ArkUI_ProgressLinearStyleOption_SetStrokeRadius,void,"ArkUI_ProgressLinearStyleOption * option,float strokeRadius","void OH_ArkUI_ProgressLinearStyleOption_SetStrokeRadius(ArkUI_ProgressLinearStyleOption *,float)"
arkui/native_type.h,4189,OH_ArkUI_ProgressLinearStyleOption_SetStrokeWidth,void,"ArkUI_ProgressLinearStyleOption * option,float strokeWidth","void OH_ArkUI_ProgressLinearStyleOption_SetStrokeWidth(ArkUI_ProgressLinearStyleOption *,float)"
arkui/native_type.h,4264,OH_ArkUI_SnapshotOptions_SetScale,int32_t,"ArkUI_SnapshotOptions * snapshotOptions,float scale","int32_t OH_ArkUI_SnapshotOptions_SetScale(ArkUI_SnapshotOptions *,float)"
arkui/native_type.h,2726,OH_ArkUI_SwiperIndicator_Create,ArkUI_SwiperIndicator *,ArkUI_SwiperIndicatorType type,ArkUI_SwiperIndicator * OH_ArkUI_SwiperIndicator_Create(ArkUI_SwiperIndicatorType)
arkui/native_type.h,2734,OH_ArkUI_SwiperIndicator_Dispose,void,ArkUI_SwiperIndicator * indicator,void OH_ArkUI_SwiperIndicator_Dispose(ArkUI_SwiperIndicator *)
arkui/native_type.h,2806,OH_ArkUI_SwiperIndicator_GetBottomPosition,float,ArkUI_SwiperIndicator * indicator,float OH_ArkUI_SwiperIndicator_GetBottomPosition(ArkUI_SwiperIndicator *)
arkui/native_type.h,2914,OH_ArkUI_SwiperIndicator_GetColor,uint32_t,ArkUI_SwiperIndicator * indicator,uint32_t OH_ArkUI_SwiperIndicator_GetColor(ArkUI_SwiperIndicator *)
arkui/native_type.h,2788,OH_ArkUI_SwiperIndicator_GetEndPosition,float,ArkUI_SwiperIndicator * indicator,float OH_ArkUI_SwiperIndicator_GetEndPosition(ArkUI_SwiperIndicator *)
arkui/native_type.h,2842,OH_ArkUI_SwiperIndicator_GetItemHeight,float,ArkUI_SwiperIndicator * indicator,float OH_ArkUI_SwiperIndicator_GetItemHeight(ArkUI_SwiperIndicator *)
arkui/native_type.h,2824,OH_ArkUI_SwiperIndicator_GetItemWidth,float,ArkUI_SwiperIndicator * indicator,float OH_ArkUI_SwiperIndicator_GetItemWidth(ArkUI_SwiperIndicator *)
arkui/native_type.h,2896,OH_ArkUI_SwiperIndicator_GetMask,int32_t,ArkUI_SwiperIndicator * indicator,int32_t OH_ArkUI_SwiperIndicator_GetMask(ArkUI_SwiperIndicator *)
arkui/native_type.h,2954,OH_ArkUI_SwiperIndicator_GetMaxDisplayCount,int32_t,ArkUI_SwiperIndicator * indicator,int32_t OH_ArkUI_SwiperIndicator_GetMaxDisplayCount(ArkUI_SwiperIndicator *)
arkui/native_type.h,2932,OH_ArkUI_SwiperIndicator_GetSelectedColor,uint32_t,ArkUI_SwiperIndicator * indicator,uint32_t OH_ArkUI_SwiperIndicator_GetSelectedColor(ArkUI_SwiperIndicator *)
arkui/native_type.h,2878,OH_ArkUI_SwiperIndicator_GetSelectedItemHeight,float,ArkUI_SwiperIndicator * indicator,float OH_ArkUI_SwiperIndicator_GetSelectedItemHeight(ArkUI_SwiperIndicator *)
arkui/native_type.h,2860,OH_ArkUI_SwiperIndicator_GetSelectedItemWidth,float,ArkUI_SwiperIndicator * indicator,float OH_ArkUI_SwiperIndicator_GetSelectedItemWidth(ArkUI_SwiperIndicator *)
arkui/native_type.h,2752,OH_ArkUI_SwiperIndicator_GetStartPosition,float,ArkUI_SwiperIndicator * indicator,float OH_ArkUI_SwiperIndicator_GetStartPosition(ArkUI_SwiperIndicator *)
arkui/native_type.h,2770,OH_ArkUI_SwiperIndicator_GetTopPosition,float,ArkUI_SwiperIndicator * indicator,float OH_ArkUI_SwiperIndicator_GetTopPosition(ArkUI_SwiperIndicator *)
arkui/native_type.h,2797,OH_ArkUI_SwiperIndicator_SetBottomPosition,void,"ArkUI_SwiperIndicator * indicator,float value","void OH_ArkUI_SwiperIndicator_SetBottomPosition(ArkUI_SwiperIndicator *,float)"
arkui/native_type.h,2905,OH_ArkUI_SwiperIndicator_SetColor,void,"ArkUI_SwiperIndicator * indicator,uint32_t color","void OH_ArkUI_SwiperIndicator_SetColor(ArkUI_SwiperIndicator *,uint32_t)"
arkui/native_type.h,2779,OH_ArkUI_SwiperIndicator_SetEndPosition,void,"ArkUI_SwiperIndicator * indicator,float value","void OH_ArkUI_SwiperIndicator_SetEndPosition(ArkUI_SwiperIndicator *,float)"
arkui/native_type.h,2833,OH_ArkUI_SwiperIndicator_SetItemHeight,void,"ArkUI_SwiperIndicator * indicator,float value","void OH_ArkUI_SwiperIndicator_SetItemHeight(ArkUI_SwiperIndicator *,float)"
arkui/native_type.h,2815,OH_ArkUI_SwiperIndicator_SetItemWidth,void,"ArkUI_SwiperIndicator * indicator,float value","void OH_ArkUI_SwiperIndicator_SetItemWidth(ArkUI_SwiperIndicator *,float)"
arkui/native_type.h,2887,OH_ArkUI_SwiperIndicator_SetMask,void,"ArkUI_SwiperIndicator * indicator,int32_t mask","void OH_ArkUI_SwiperIndicator_SetMask(ArkUI_SwiperIndicator *,int32_t)"
arkui/native_type.h,2944,OH_ArkUI_SwiperIndicator_SetMaxDisplayCount,int32_t,"ArkUI_SwiperIndicator * indicator,int32_t maxDisplayCount","int32_t OH_ArkUI_SwiperIndicator_SetMaxDisplayCount(ArkUI_SwiperIndicator *,int32_t)"
arkui/native_type.h,2923,OH_ArkUI_SwiperIndicator_SetSelectedColor,void,"ArkUI_SwiperIndicator * indicator,uint32_t selectedColor","void OH_ArkUI_SwiperIndicator_SetSelectedColor(ArkUI_SwiperIndicator *,uint32_t)"
arkui/native_type.h,2869,OH_ArkUI_SwiperIndicator_SetSelectedItemHeight,void,"ArkUI_SwiperIndicator * indicator,float value","void OH_ArkUI_SwiperIndicator_SetSelectedItemHeight(ArkUI_SwiperIndicator *,float)"
arkui/native_type.h,2851,OH_ArkUI_SwiperIndicator_SetSelectedItemWidth,void,"ArkUI_SwiperIndicator * indicator,float value","void OH_ArkUI_SwiperIndicator_SetSelectedItemWidth(ArkUI_SwiperIndicator *,float)"
arkui/native_type.h,2743,OH_ArkUI_SwiperIndicator_SetStartPosition,void,"ArkUI_SwiperIndicator * indicator,float value","void OH_ArkUI_SwiperIndicator_SetStartPosition(ArkUI_SwiperIndicator *,float)"
arkui/native_type.h,2761,OH_ArkUI_SwiperIndicator_SetTopPosition,void,"ArkUI_SwiperIndicator * indicator,float value","void OH_ArkUI_SwiperIndicator_SetTopPosition(ArkUI_SwiperIndicator *,float)"
arkui/native_type.h,2555,OH_ArkUI_WaterFlowSectionOption_Create,ArkUI_WaterFlowSectionOption *,void,ArkUI_WaterFlowSectionOption * OH_ArkUI_WaterFlowSectionOption_Create(void)
arkui/native_type.h,2563,OH_ArkUI_WaterFlowSectionOption_Dispose,void,ArkUI_WaterFlowSectionOption * option,void OH_ArkUI_WaterFlowSectionOption_Dispose(ArkUI_WaterFlowSectionOption *)
arkui/native_type.h,2672,OH_ArkUI_WaterFlowSectionOption_GetColumnGap,float,"ArkUI_WaterFlowSectionOption * option,int32_t index","float OH_ArkUI_WaterFlowSectionOption_GetColumnGap(ArkUI_WaterFlowSectionOption *,int32_t)"
arkui/native_type.h,2651,OH_ArkUI_WaterFlowSectionOption_GetCrossCount,int32_t,"ArkUI_WaterFlowSectionOption * option,int32_t index","int32_t OH_ArkUI_WaterFlowSectionOption_GetCrossCount(ArkUI_WaterFlowSectionOption *,int32_t)"
arkui/native_type.h,2603,OH_ArkUI_WaterFlowSectionOption_GetItemCount,int32_t,"ArkUI_WaterFlowSectionOption * option,int32_t index","int32_t OH_ArkUI_WaterFlowSectionOption_GetItemCount(ArkUI_WaterFlowSectionOption *,int32_t)"
arkui/native_type.h,2717,OH_ArkUI_WaterFlowSectionOption_GetMargin,ArkUI_Margin,"ArkUI_WaterFlowSectionOption * option,int32_t index","ArkUI_Margin OH_ArkUI_WaterFlowSectionOption_GetMargin(ArkUI_WaterFlowSectionOption *,int32_t)"
arkui/native_type.h,2693,OH_ArkUI_WaterFlowSectionOption_GetRowGap,float,"ArkUI_WaterFlowSectionOption * option,int32_t index","float OH_ArkUI_WaterFlowSectionOption_GetRowGap(ArkUI_WaterFlowSectionOption *,int32_t)"
arkui/native_type.h,2582,OH_ArkUI_WaterFlowSectionOption_GetSize,int32_t,ArkUI_WaterFlowSectionOption * option,int32_t OH_ArkUI_WaterFlowSectionOption_GetSize(ArkUI_WaterFlowSectionOption *)
arkui/native_type.h,2614,OH_ArkUI_WaterFlowSectionOption_RegisterGetItemMainSizeCallbackByIndex,void,"ArkUI_WaterFlowSectionOption * option,int32_t index,float (* callback)(int32_t itemIndex)","void OH_ArkUI_WaterFlowSectionOption_RegisterGetItemMainSizeCallbackByIndex(ArkUI_WaterFlowSectionOption *,int32_t,float (* callback)(int32_t itemIndex))"
arkui/native_type.h,2627,OH_ArkUI_WaterFlowSectionOption_RegisterGetItemMainSizeCallbackByIndexWithUserData,void,"ArkUI_WaterFlowSectionOption * option,int32_t index,void * userData,float (* callback)(int32_t itemIndex,void * userData)","void OH_ArkUI_WaterFlowSectionOption_RegisterGetItemMainSizeCallbackByIndexWithUserData(ArkUI_WaterFlowSectionOption *,int32_t,void *,float (* callback)(int32_t itemIndex,void * userData))"
arkui/native_type.h,2661,OH_ArkUI_WaterFlowSectionOption_SetColumnGap,void,"ArkUI_WaterFlowSectionOption * option,int32_t index,float columnGap","void OH_ArkUI_WaterFlowSectionOption_SetColumnGap(ArkUI_WaterFlowSectionOption *,int32_t,float)"
arkui/native_type.h,2639,OH_ArkUI_WaterFlowSectionOption_SetCrossCount,void,"ArkUI_WaterFlowSectionOption * option,int32_t index,int32_t crossCount","void OH_ArkUI_WaterFlowSectionOption_SetCrossCount(ArkUI_WaterFlowSectionOption *,int32_t,int32_t)"
arkui/native_type.h,2592,OH_ArkUI_WaterFlowSectionOption_SetItemCount,void,"ArkUI_WaterFlowSectionOption * option,int32_t index,int32_t itemCount","void OH_ArkUI_WaterFlowSectionOption_SetItemCount(ArkUI_WaterFlowSectionOption *,int32_t,int32_t)"
arkui/native_type.h,2706,OH_ArkUI_WaterFlowSectionOption_SetMargin,void,"ArkUI_WaterFlowSectionOption * option,int32_t index,float marginTop,float marginRight,float marginBottom,float marginLeft","void OH_ArkUI_WaterFlowSectionOption_SetMargin(ArkUI_WaterFlowSectionOption *,int32_t,float,float,float,float)"
arkui/native_type.h,2682,OH_ArkUI_WaterFlowSectionOption_SetRowGap,void,"ArkUI_WaterFlowSectionOption * option,int32_t index,float rowGap","void OH_ArkUI_WaterFlowSectionOption_SetRowGap(ArkUI_WaterFlowSectionOption *,int32_t,float)"
arkui/native_type.h,2572,OH_ArkUI_WaterFlowSectionOption_SetSize,void,"ArkUI_WaterFlowSectionOption * option,int32_t size","void OH_ArkUI_WaterFlowSectionOption_SetSize(ArkUI_WaterFlowSectionOption *,int32_t)"
arkui/styled_string.h,146,OH_ArkUI_ConvertToHtml,const char *,ArkUI_StyledString_Descriptor * descriptor,const char * OH_ArkUI_ConvertToHtml(ArkUI_StyledString_Descriptor *)
arkui/styled_string.h,175,OH_ArkUI_MarshallStyledStringDescriptor,int32_t,"uint8_t * buffer,size_t bufferSize,ArkUI_StyledString_Descriptor * descriptor,size_t * resultSize","int32_t OH_ArkUI_MarshallStyledStringDescriptor(uint8_t *,size_t,ArkUI_StyledString_Descriptor *,size_t *)"
arkui/styled_string.h,120,OH_ArkUI_StyledString_AddPlaceholder,void,"ArkUI_StyledString * handle,OH_Drawing_PlaceholderSpan * placeholder","void OH_ArkUI_StyledString_AddPlaceholder(ArkUI_StyledString *,OH_Drawing_PlaceholderSpan *)"
arkui/styled_string.h,92,OH_ArkUI_StyledString_AddText,void,"ArkUI_StyledString * handle,const char * content","void OH_ArkUI_StyledString_AddText(ArkUI_StyledString *,const char *)"
arkui/styled_string.h,65,OH_ArkUI_StyledString_Create,ArkUI_StyledString *,"OH_Drawing_TypographyStyle * style,OH_Drawing_FontCollection * collection","ArkUI_StyledString * OH_ArkUI_StyledString_Create(OH_Drawing_TypographyStyle *,OH_Drawing_FontCollection *)"
arkui/styled_string.h,111,OH_ArkUI_StyledString_CreateTypography,OH_Drawing_Typography *,ArkUI_StyledString * handle,OH_Drawing_Typography * OH_ArkUI_StyledString_CreateTypography(ArkUI_StyledString *)
arkui/styled_string.h,128,OH_ArkUI_StyledString_Descriptor_Create,ArkUI_StyledString_Descriptor *,void,ArkUI_StyledString_Descriptor * OH_ArkUI_StyledString_Descriptor_Create(void)
arkui/styled_string.h,136,OH_ArkUI_StyledString_Descriptor_Destroy,void,ArkUI_StyledString_Descriptor * descriptor,void OH_ArkUI_StyledString_Descriptor_Destroy(ArkUI_StyledString_Descriptor *)
arkui/styled_string.h,74,OH_ArkUI_StyledString_Destroy,void,ArkUI_StyledString * handle,void OH_ArkUI_StyledString_Destroy(ArkUI_StyledString *)
arkui/styled_string.h,100,OH_ArkUI_StyledString_PopTextStyle,void,ArkUI_StyledString * handle,void OH_ArkUI_StyledString_PopTextStyle(ArkUI_StyledString *)
arkui/styled_string.h,83,OH_ArkUI_StyledString_PushTextStyle,void,"ArkUI_StyledString * handle,OH_Drawing_TextStyle * style","void OH_ArkUI_StyledString_PushTextStyle(ArkUI_StyledString *,OH_Drawing_TextStyle *)"
arkui/styled_string.h,159,OH_ArkUI_UnmarshallStyledStringDescriptor,int32_t,"uint8_t * buffer,size_t bufferSize,ArkUI_StyledString_Descriptor * descriptor","int32_t OH_ArkUI_UnmarshallStyledStringDescriptor(uint8_t *,size_t,ArkUI_StyledString_Descriptor *)"
arkui/ui_input_event.h,779,OH_ArkUI_AxisEvent_GetAxisAction,int32_t,const ArkUI_UIInputEvent * event,int32_t OH_ArkUI_AxisEvent_GetAxisAction(const ArkUI_UIInputEvent *)
arkui/ui_input_event.h,760,OH_ArkUI_AxisEvent_GetHorizontalAxisValue,double,const ArkUI_UIInputEvent * event,double OH_ArkUI_AxisEvent_GetHorizontalAxisValue(const ArkUI_UIInputEvent *)
arkui/ui_input_event.h,770,OH_ArkUI_AxisEvent_GetPinchAxisScaleValue,double,const ArkUI_UIInputEvent * event,double OH_ArkUI_AxisEvent_GetPinchAxisScaleValue(const ArkUI_UIInputEvent *)
arkui/ui_input_event.h,750,OH_ArkUI_AxisEvent_GetVerticalAxisValue,double,const ArkUI_UIInputEvent * event,double OH_ArkUI_AxisEvent_GetVerticalAxisValue(const ArkUI_UIInputEvent *)
arkui/ui_input_event.h,858,OH_ArkUI_FocusAxisEvent_GetAxisValue,double,"const ArkUI_UIInputEvent * event,int32_t axis","double OH_ArkUI_FocusAxisEvent_GetAxisValue(const ArkUI_UIInputEvent *,int32_t)"
arkui/ui_input_event.h,870,OH_ArkUI_FocusAxisEvent_SetStopPropagation,int32_t,"const ArkUI_UIInputEvent * event,bool stopPropagation","int32_t OH_ArkUI_FocusAxisEvent_SetStopPropagation(const ArkUI_UIInputEvent *,bool)"
arkui/ui_input_event.h,809,OH_ArkUI_MouseEvent_GetMouseAction,int32_t,const ArkUI_UIInputEvent * event,int32_t OH_ArkUI_MouseEvent_GetMouseAction(const ArkUI_UIInputEvent *)
arkui/ui_input_event.h,799,OH_ArkUI_MouseEvent_GetMouseButton,int32_t,const ArkUI_UIInputEvent * event,int32_t OH_ArkUI_MouseEvent_GetMouseButton(const ArkUI_UIInputEvent *)
arkui/ui_input_event.h,917,OH_ArkUI_MouseEvent_GetPressedButtons,int32_t,"const ArkUI_UIInputEvent * event,int32_t * pressedButtons,int32_t * length","int32_t OH_ArkUI_MouseEvent_GetPressedButtons(const ArkUI_UIInputEvent *,int32_t *,int32_t *)"
arkui/ui_input_event.h,891,OH_ArkUI_MouseEvent_GetRawDeltaX,float,const ArkUI_UIInputEvent * event,float OH_ArkUI_MouseEvent_GetRawDeltaX(const ArkUI_UIInputEvent *)
arkui/ui_input_event.h,902,OH_ArkUI_MouseEvent_GetRawDeltaY,float,const ArkUI_UIInputEvent * event,float OH_ArkUI_MouseEvent_GetRawDeltaY(const ArkUI_UIInputEvent *)
arkui/ui_input_event.h,939,OH_ArkUI_PointerEvent_CreateClonedEvent,int32_t,"const ArkUI_UIInputEvent * event,ArkUI_UIInputEvent ** clonedEvent","int32_t OH_ArkUI_PointerEvent_CreateClonedEvent(const ArkUI_UIInputEvent *,ArkUI_UIInputEvent **)"
arkui/ui_input_event.h,952,OH_ArkUI_PointerEvent_DestroyClonedEvent,int32_t,const ArkUI_UIInputEvent * event,int32_t OH_ArkUI_PointerEvent_DestroyClonedEvent(const ArkUI_UIInputEvent *)
arkui/ui_input_event.h,332,OH_ArkUI_PointerEvent_GetChangedPointerId,int32_t,"const ArkUI_UIInputEvent * event,uint32_t * pointerIndex","int32_t OH_ArkUI_PointerEvent_GetChangedPointerId(const ArkUI_UIInputEvent *,uint32_t *)"
arkui/ui_input_event.h,435,OH_ArkUI_PointerEvent_GetDisplayX,float,const ArkUI_UIInputEvent * event,float OH_ArkUI_PointerEvent_GetDisplayX(const ArkUI_UIInputEvent *)
arkui/ui_input_event.h,447,OH_ArkUI_PointerEvent_GetDisplayXByIndex,float,"const ArkUI_UIInputEvent * event,uint32_t pointerIndex","float OH_ArkUI_PointerEvent_GetDisplayXByIndex(const ArkUI_UIInputEvent *,uint32_t)"
arkui/ui_input_event.h,458,OH_ArkUI_PointerEvent_GetDisplayY,float,const ArkUI_UIInputEvent * event,float OH_ArkUI_PointerEvent_GetDisplayY(const ArkUI_UIInputEvent *)
arkui/ui_input_event.h,470,OH_ArkUI_PointerEvent_GetDisplayYByIndex,float,"const ArkUI_UIInputEvent * event,uint32_t pointerIndex","float OH_ArkUI_PointerEvent_GetDisplayYByIndex(const ArkUI_UIInputEvent *,uint32_t)"
arkui/ui_input_event.h,660,OH_ArkUI_PointerEvent_GetHistoryDisplayX,float,"const ArkUI_UIInputEvent * event,uint32_t pointerIndex,uint32_t historyIndex","float OH_ArkUI_PointerEvent_GetHistoryDisplayX(const ArkUI_UIInputEvent *,uint32_t,uint32_t)"
arkui/ui_input_event.h,674,OH_ArkUI_PointerEvent_GetHistoryDisplayY,float,"const ArkUI_UIInputEvent * event,uint32_t pointerIndex,uint32_t historyIndex","float OH_ArkUI_PointerEvent_GetHistoryDisplayY(const ArkUI_UIInputEvent *,uint32_t,uint32_t)"
arkui/ui_input_event.h,569,OH_ArkUI_PointerEvent_GetHistoryEventTime,int64_t,"const ArkUI_UIInputEvent * event,uint32_t historyIndex","int64_t OH_ArkUI_PointerEvent_GetHistoryEventTime(const ArkUI_UIInputEvent *,uint32_t)"
arkui/ui_input_event.h,580,OH_ArkUI_PointerEvent_GetHistoryPointerCount,uint32_t,"const ArkUI_UIInputEvent * event,uint32_t historyIndex","uint32_t OH_ArkUI_PointerEvent_GetHistoryPointerCount(const ArkUI_UIInputEvent *,uint32_t)"
arkui/ui_input_event.h,592,OH_ArkUI_PointerEvent_GetHistoryPointerId,int32_t,"const ArkUI_UIInputEvent * event,uint32_t pointerIndex,uint32_t historyIndex","int32_t OH_ArkUI_PointerEvent_GetHistoryPointerId(const ArkUI_UIInputEvent *,uint32_t,uint32_t)"
arkui/ui_input_event.h,687,OH_ArkUI_PointerEvent_GetHistoryPressure,float,"const ArkUI_UIInputEvent * event,uint32_t pointerIndex,uint32_t historyIndex","float OH_ArkUI_PointerEvent_GetHistoryPressure(const ArkUI_UIInputEvent *,uint32_t,uint32_t)"
arkui/ui_input_event.h,558,OH_ArkUI_PointerEvent_GetHistorySize,uint32_t,const ArkUI_UIInputEvent * event,uint32_t OH_ArkUI_PointerEvent_GetHistorySize(const ArkUI_UIInputEvent *)
arkui/ui_input_event.h,700,OH_ArkUI_PointerEvent_GetHistoryTiltX,float,"const ArkUI_UIInputEvent * event,uint32_t pointerIndex,uint32_t historyIndex","float OH_ArkUI_PointerEvent_GetHistoryTiltX(const ArkUI_UIInputEvent *,uint32_t,uint32_t)"
arkui/ui_input_event.h,713,OH_ArkUI_PointerEvent_GetHistoryTiltY,float,"const ArkUI_UIInputEvent * event,uint32_t pointerIndex,uint32_t historyIndex","float OH_ArkUI_PointerEvent_GetHistoryTiltY(const ArkUI_UIInputEvent *,uint32_t,uint32_t)"
arkui/ui_input_event.h,739,OH_ArkUI_PointerEvent_GetHistoryTouchAreaHeight,float,"const ArkUI_UIInputEvent * event,uint32_t pointerIndex,uint32_t historyIndex","float OH_ArkUI_PointerEvent_GetHistoryTouchAreaHeight(const ArkUI_UIInputEvent *,uint32_t,uint32_t)"
arkui/ui_input_event.h,726,OH_ArkUI_PointerEvent_GetHistoryTouchAreaWidth,float,"const ArkUI_UIInputEvent * event,uint32_t pointerIndex,uint32_t historyIndex","float OH_ArkUI_PointerEvent_GetHistoryTouchAreaWidth(const ArkUI_UIInputEvent *,uint32_t,uint32_t)"
arkui/ui_input_event.h,632,OH_ArkUI_PointerEvent_GetHistoryWindowX,float,"const ArkUI_UIInputEvent * event,uint32_t pointerIndex,uint32_t historyIndex","float OH_ArkUI_PointerEvent_GetHistoryWindowX(const ArkUI_UIInputEvent *,uint32_t,uint32_t)"
arkui/ui_input_event.h,646,OH_ArkUI_PointerEvent_GetHistoryWindowY,float,"const ArkUI_UIInputEvent * event,uint32_t pointerIndex,uint32_t historyIndex","float OH_ArkUI_PointerEvent_GetHistoryWindowY(const ArkUI_UIInputEvent *,uint32_t,uint32_t)"
arkui/ui_input_event.h,606,OH_ArkUI_PointerEvent_GetHistoryX,float,"const ArkUI_UIInputEvent * event,uint32_t pointerIndex,uint32_t historyIndex","float OH_ArkUI_PointerEvent_GetHistoryX(const ArkUI_UIInputEvent *,uint32_t,uint32_t)"
arkui/ui_input_event.h,619,OH_ArkUI_PointerEvent_GetHistoryY,float,"const ArkUI_UIInputEvent * event,uint32_t pointerIndex,uint32_t historyIndex","float OH_ArkUI_PointerEvent_GetHistoryY(const ArkUI_UIInputEvent *,uint32_t,uint32_t)"
arkui/ui_input_event.h,534,OH_ArkUI_PointerEvent_GetInteractionHand,int32_t,"const ArkUI_UIInputEvent * event,ArkUI_InteractionHand * hand","int32_t OH_ArkUI_PointerEvent_GetInteractionHand(const ArkUI_UIInputEvent *,ArkUI_InteractionHand *)"
arkui/ui_input_event.h,547,OH_ArkUI_PointerEvent_GetInteractionHandByIndex,int32_t,"const ArkUI_UIInputEvent * event,int32_t pointerIndex,ArkUI_InteractionHand * hand","int32_t OH_ArkUI_PointerEvent_GetInteractionHandByIndex(const ArkUI_UIInputEvent *,int32_t,ArkUI_InteractionHand *)"
arkui/ui_input_event.h,309,OH_ArkUI_PointerEvent_GetPointerCount,uint32_t,const ArkUI_UIInputEvent * event,uint32_t OH_ArkUI_PointerEvent_GetPointerCount(const ArkUI_UIInputEvent *)
arkui/ui_input_event.h,320,OH_ArkUI_PointerEvent_GetPointerId,int32_t,"const ArkUI_UIInputEvent * event,uint32_t pointerIndex","int32_t OH_ArkUI_PointerEvent_GetPointerId(const ArkUI_UIInputEvent *,uint32_t)"
arkui/ui_input_event.h,880,OH_ArkUI_PointerEvent_GetPressedTimeByIndex,int64_t,"const ArkUI_UIInputEvent * event,uint32_t pointerIndex","int64_t OH_ArkUI_PointerEvent_GetPressedTimeByIndex(const ArkUI_UIInputEvent *,uint32_t)"
arkui/ui_input_event.h,480,OH_ArkUI_PointerEvent_GetPressure,float,"const ArkUI_UIInputEvent * event,uint32_t pointerIndex","float OH_ArkUI_PointerEvent_GetPressure(const ArkUI_UIInputEvent *,uint32_t)"
arkui/ui_input_event.h,491,OH_ArkUI_PointerEvent_GetTiltX,float,"const ArkUI_UIInputEvent * event,uint32_t pointerIndex","float OH_ArkUI_PointerEvent_GetTiltX(const ArkUI_UIInputEvent *,uint32_t)"
arkui/ui_input_event.h,502,OH_ArkUI_PointerEvent_GetTiltY,float,"const ArkUI_UIInputEvent * event,uint32_t pointerIndex","float OH_ArkUI_PointerEvent_GetTiltY(const ArkUI_UIInputEvent *,uint32_t)"
arkui/ui_input_event.h,522,OH_ArkUI_PointerEvent_GetTouchAreaHeight,float,"const ArkUI_UIInputEvent * event,uint32_t pointerIndex","float OH_ArkUI_PointerEvent_GetTouchAreaHeight(const ArkUI_UIInputEvent *,uint32_t)"
arkui/ui_input_event.h,512,OH_ArkUI_PointerEvent_GetTouchAreaWidth,float,"const ArkUI_UIInputEvent * event,uint32_t pointerIndex","float OH_ArkUI_PointerEvent_GetTouchAreaWidth(const ArkUI_UIInputEvent *,uint32_t)"
arkui/ui_input_event.h,389,OH_ArkUI_PointerEvent_GetWindowX,float,const ArkUI_UIInputEvent * event,float OH_ArkUI_PointerEvent_GetWindowX(const ArkUI_UIInputEvent *)
arkui/ui_input_event.h,401,OH_ArkUI_PointerEvent_GetWindowXByIndex,float,"const ArkUI_UIInputEvent * event,uint32_t pointerIndex","float OH_ArkUI_PointerEvent_GetWindowXByIndex(const ArkUI_UIInputEvent *,uint32_t)"
arkui/ui_input_event.h,412,OH_ArkUI_PointerEvent_GetWindowY,float,const ArkUI_UIInputEvent * event,float OH_ArkUI_PointerEvent_GetWindowY(const ArkUI_UIInputEvent *)
arkui/ui_input_event.h,424,OH_ArkUI_PointerEvent_GetWindowYByIndex,float,"const ArkUI_UIInputEvent * event,uint32_t pointerIndex","float OH_ArkUI_PointerEvent_GetWindowYByIndex(const ArkUI_UIInputEvent *,uint32_t)"
arkui/ui_input_event.h,343,OH_ArkUI_PointerEvent_GetX,float,const ArkUI_UIInputEvent * event,float OH_ArkUI_PointerEvent_GetX(const ArkUI_UIInputEvent *)
arkui/ui_input_event.h,355,OH_ArkUI_PointerEvent_GetXByIndex,float,"const ArkUI_UIInputEvent * event,uint32_t pointerIndex","float OH_ArkUI_PointerEvent_GetXByIndex(const ArkUI_UIInputEvent *,uint32_t)"
arkui/ui_input_event.h,366,OH_ArkUI_PointerEvent_GetY,float,const ArkUI_UIInputEvent * event,float OH_ArkUI_PointerEvent_GetY(const ArkUI_UIInputEvent *)
arkui/ui_input_event.h,378,OH_ArkUI_PointerEvent_GetYByIndex,float,"const ArkUI_UIInputEvent * event,uint32_t pointerIndex","float OH_ArkUI_PointerEvent_GetYByIndex(const ArkUI_UIInputEvent *,uint32_t)"
arkui/ui_input_event.h,1047,OH_ArkUI_PointerEvent_PostClonedEvent,int32_t,"ArkUI_NodeHandle node,const ArkUI_UIInputEvent * event","int32_t OH_ArkUI_PointerEvent_PostClonedEvent(ArkUI_NodeHandle,const ArkUI_UIInputEvent *)"
arkui/ui_input_event.h,999,OH_ArkUI_PointerEvent_SetClonedEventActionType,int32_t,"const ArkUI_UIInputEvent * event,int32_t actionType","int32_t OH_ArkUI_PointerEvent_SetClonedEventActionType(const ArkUI_UIInputEvent *,int32_t)"
arkui/ui_input_event.h,1013,OH_ArkUI_PointerEvent_SetClonedEventChangedFingerId,int32_t,"const ArkUI_UIInputEvent * event,int32_t fingerId","int32_t OH_ArkUI_PointerEvent_SetClonedEventChangedFingerId(const ArkUI_UIInputEvent *,int32_t)"
arkui/ui_input_event.h,1028,OH_ArkUI_PointerEvent_SetClonedEventFingerIdByIndex,int32_t,"const ArkUI_UIInputEvent * event,int32_t fingerId,int32_t pointerIndex","int32_t OH_ArkUI_PointerEvent_SetClonedEventFingerIdByIndex(const ArkUI_UIInputEvent *,int32_t,int32_t)"
arkui/ui_input_event.h,967,OH_ArkUI_PointerEvent_SetClonedEventLocalPosition,int32_t,"const ArkUI_UIInputEvent * event,float x,float y","int32_t OH_ArkUI_PointerEvent_SetClonedEventLocalPosition(const ArkUI_UIInputEvent *,float,float)"
arkui/ui_input_event.h,984,OH_ArkUI_PointerEvent_SetClonedEventLocalPositionByIndex,int32_t,"const ArkUI_UIInputEvent * event,float x,float y,int32_t pointerIndex","int32_t OH_ArkUI_PointerEvent_SetClonedEventLocalPositionByIndex(const ArkUI_UIInputEvent *,float,float,int32_t)"
arkui/ui_input_event.h,789,OH_ArkUI_PointerEvent_SetInterceptHitTestMode,int32_t,"const ArkUI_UIInputEvent * event,HitTestMode mode","int32_t OH_ArkUI_PointerEvent_SetInterceptHitTestMode(const ArkUI_UIInputEvent *,HitTestMode)"
arkui/ui_input_event.h,821,OH_ArkUI_PointerEvent_SetStopPropagation,int32_t,"const ArkUI_UIInputEvent * event,bool stopPropagation","int32_t OH_ArkUI_PointerEvent_SetStopPropagation(const ArkUI_UIInputEvent *,bool)"
arkui/ui_input_event.h,272,OH_ArkUI_UIInputEvent_GetAction,int32_t,const ArkUI_UIInputEvent * event,int32_t OH_ArkUI_UIInputEvent_GetAction(const ArkUI_UIInputEvent *)
arkui/ui_input_event.h,830,OH_ArkUI_UIInputEvent_GetDeviceId,int32_t,const ArkUI_UIInputEvent * event,int32_t OH_ArkUI_UIInputEvent_GetDeviceId(const ArkUI_UIInputEvent *)
arkui/ui_input_event.h,299,OH_ArkUI_UIInputEvent_GetEventTime,int64_t,const ArkUI_UIInputEvent * event,int64_t OH_ArkUI_UIInputEvent_GetEventTime(const ArkUI_UIInputEvent *)
arkui/ui_input_event.h,847,OH_ArkUI_UIInputEvent_GetPressedKeys,int32_t,"const ArkUI_UIInputEvent * event,int32_t * pressedKeyCodes,int32_t * length","int32_t OH_ArkUI_UIInputEvent_GetPressedKeys(const ArkUI_UIInputEvent *,int32_t *,int32_t *)"
arkui/ui_input_event.h,281,OH_ArkUI_UIInputEvent_GetSourceType,int32_t,const ArkUI_UIInputEvent * event,int32_t OH_ArkUI_UIInputEvent_GetSourceType(const ArkUI_UIInputEvent *)
arkui/ui_input_event.h,927,OH_ArkUI_UIInputEvent_GetTargetDisplayId,int32_t,const ArkUI_UIInputEvent * event,int32_t OH_ArkUI_UIInputEvent_GetTargetDisplayId(const ArkUI_UIInputEvent *)
arkui/ui_input_event.h,290,OH_ArkUI_UIInputEvent_GetToolType,int32_t,const ArkUI_UIInputEvent * event,int32_t OH_ArkUI_UIInputEvent_GetToolType(const ArkUI_UIInputEvent *)
arkui/ui_input_event.h,263,OH_ArkUI_UIInputEvent_GetType,int32_t,const ArkUI_UIInputEvent * event,int32_t OH_ArkUI_UIInputEvent_GetType(const ArkUI_UIInputEvent *)
asset/asset_api.h,77,OH_Asset_Add,int32_t,"const Asset_Attr * attributes,uint32_t attrCnt","int32_t OH_Asset_Add(const Asset_Attr *,uint32_t)"
asset/asset_api.h,223,OH_Asset_FreeBlob,void,Asset_Blob * blob,void OH_Asset_FreeBlob(Asset_Blob *)
asset/asset_api.h,231,OH_Asset_FreeResultSet,void,Asset_ResultSet * resultSet,void OH_Asset_FreeResultSet(Asset_ResultSet *)
asset/asset_api.h,215,OH_Asset_ParseAttr,Asset_Attr *,"const Asset_Result * result,Asset_Tag tag","Asset_Attr * OH_Asset_ParseAttr(const Asset_Result *,Asset_Tag)"
asset/asset_api.h,204,OH_Asset_PostQuery,int32_t,"const Asset_Attr * handle,uint32_t handleCnt","int32_t OH_Asset_PostQuery(const Asset_Attr *,uint32_t)"
asset/asset_api.h,156,OH_Asset_PreQuery,int32_t,"const Asset_Attr * query,uint32_t queryCnt,Asset_Blob * challenge","int32_t OH_Asset_PreQuery(const Asset_Attr *,uint32_t,Asset_Blob *)"
asset/asset_api.h,183,OH_Asset_Query,int32_t,"const Asset_Attr * query,uint32_t queryCnt,Asset_ResultSet * resultSet","int32_t OH_Asset_Query(const Asset_Attr *,uint32_t,Asset_ResultSet *)"
asset/asset_api.h,100,OH_Asset_Remove,int32_t,"const Asset_Attr * query,uint32_t queryCnt","int32_t OH_Asset_Remove(const Asset_Attr *,uint32_t)"
asset/asset_api.h,128,OH_Asset_Update,int32_t,"const Asset_Attr * query,uint32_t queryCnt,const Asset_Attr * attributesToUpdate,uint32_t updateCnt","int32_t OH_Asset_Update(const Asset_Attr *,uint32_t,const Asset_Attr *,uint32_t)"
bundle/native_interface_bundle.h,119,OH_NativeBundle_GetAppId,char *,void,char * OH_NativeBundle_GetAppId(void)
bundle/native_interface_bundle.h,134,OH_NativeBundle_GetAppIdentifier,char *,void,char * OH_NativeBundle_GetAppIdentifier(void)
bundle/native_interface_bundle.h,161,OH_NativeBundle_GetCompatibleDeviceType,char *,void,char * OH_NativeBundle_GetCompatibleDeviceType(void)
bundle/native_interface_bundle.h,104,OH_NativeBundle_GetCurrentApplicationInfo,OH_NativeBundle_ApplicationInfo,void,OH_NativeBundle_ApplicationInfo OH_NativeBundle_GetCurrentApplicationInfo(void)
bundle/native_interface_bundle.h,147,OH_NativeBundle_GetMainElementName,OH_NativeBundle_ElementName,void,OH_NativeBundle_ElementName OH_NativeBundle_GetMainElementName(void)
database/data/data_asset.h,344,OH_Data_Asset_CreateMultiple,Data_Asset **,uint32_t count,Data_Asset ** OH_Data_Asset_CreateMultiple(uint32_t)
database/data/data_asset.h,322,OH_Data_Asset_CreateOne,Data_Asset *,void,Data_Asset * OH_Data_Asset_CreateOne(void)
database/data/data_asset.h,356,OH_Data_Asset_DestroyMultiple,int,"Data_Asset ** assets,uint32_t count","int OH_Data_Asset_DestroyMultiple(Data_Asset **,uint32_t)"
database/data/data_asset.h,333,OH_Data_Asset_DestroyOne,int,Data_Asset * asset,int OH_Data_Asset_DestroyOne(Data_Asset *)
database/data/data_asset.h,265,OH_Data_Asset_GetCreateTime,int,"Data_Asset * asset,int64_t * createTime","int OH_Data_Asset_GetCreateTime(Data_Asset *,int64_t *)"
database/data/data_asset.h,281,OH_Data_Asset_GetModifyTime,int,"Data_Asset * asset,int64_t * modifyTime","int OH_Data_Asset_GetModifyTime(Data_Asset *,int64_t *)"
database/data/data_asset.h,215,OH_Data_Asset_GetName,int,"Data_Asset * asset,char * name,size_t * length","int OH_Data_Asset_GetName(Data_Asset *,char *,size_t *)"
database/data/data_asset.h,249,OH_Data_Asset_GetPath,int,"Data_Asset * asset,char * path,size_t * length","int OH_Data_Asset_GetPath(Data_Asset *,char *,size_t *)"
database/data/data_asset.h,297,OH_Data_Asset_GetSize,int,"Data_Asset * asset,size_t * size","int OH_Data_Asset_GetSize(Data_Asset *,size_t *)"
database/data/data_asset.h,312,OH_Data_Asset_GetStatus,int,"Data_Asset * asset,Data_AssetStatus * status","int OH_Data_Asset_GetStatus(Data_Asset *,Data_AssetStatus *)"
database/data/data_asset.h,232,OH_Data_Asset_GetUri,int,"Data_Asset * asset,char * uri,size_t * length","int OH_Data_Asset_GetUri(Data_Asset *,char *,size_t *)"
database/data/data_asset.h,156,OH_Data_Asset_SetCreateTime,int,"Data_Asset * asset,int64_t createTime","int OH_Data_Asset_SetCreateTime(Data_Asset *,int64_t)"
database/data/data_asset.h,170,OH_Data_Asset_SetModifyTime,int,"Data_Asset * asset,int64_t modifyTime","int OH_Data_Asset_SetModifyTime(Data_Asset *,int64_t)"
database/data/data_asset.h,114,OH_Data_Asset_SetName,int,"Data_Asset * asset,const char * name","int OH_Data_Asset_SetName(Data_Asset *,const char *)"
database/data/data_asset.h,142,OH_Data_Asset_SetPath,int,"Data_Asset * asset,const char * path","int OH_Data_Asset_SetPath(Data_Asset *,const char *)"
database/data/data_asset.h,184,OH_Data_Asset_SetSize,int,"Data_Asset * asset,size_t size","int OH_Data_Asset_SetSize(Data_Asset *,size_t)"
database/data/data_asset.h,198,OH_Data_Asset_SetStatus,int,"Data_Asset * asset,Data_AssetStatus status","int OH_Data_Asset_SetStatus(Data_Asset *,Data_AssetStatus)"
database/data/data_asset.h,128,OH_Data_Asset_SetUri,int,"Data_Asset * asset,const char * uri","int OH_Data_Asset_SetUri(Data_Asset *,const char *)"
database/pasteboard/oh_pasteboard.h,151,OH_PasteboardObserver_Create,OH_PasteboardObserver *,void,OH_PasteboardObserver * OH_PasteboardObserver_Create(void)
database/pasteboard/oh_pasteboard.h,163,OH_PasteboardObserver_Destroy,int,OH_PasteboardObserver * observer,int OH_PasteboardObserver_Destroy(OH_PasteboardObserver *)
database/pasteboard/oh_pasteboard.h,179,OH_PasteboardObserver_SetData,int,"OH_PasteboardObserver * observer,void * context,const Pasteboard_Notify callback,const Pasteboard_Finalize finalize","int OH_PasteboardObserver_SetData(OH_PasteboardObserver *,void *,const Pasteboard_Notify,const Pasteboard_Finalize)"
database/pasteboard/oh_pasteboard.h,323,OH_Pasteboard_ClearData,int,OH_Pasteboard * pasteboard,int OH_Pasteboard_ClearData(OH_Pasteboard *)
database/pasteboard/oh_pasteboard.h,197,OH_Pasteboard_Create,OH_Pasteboard *,void,OH_Pasteboard * OH_Pasteboard_Create(void)
database/pasteboard/oh_pasteboard.h,206,OH_Pasteboard_Destroy,void,OH_Pasteboard * pasteboard,void OH_Pasteboard_Destroy(OH_Pasteboard *)
database/pasteboard/oh_pasteboard.h,298,OH_Pasteboard_GetData,OH_UdmfData *,"OH_Pasteboard * pasteboard,int * status","OH_UdmfData * OH_Pasteboard_GetData(OH_Pasteboard *,int *)"
database/pasteboard/oh_pasteboard.h,345,OH_Pasteboard_GetDataParams_Create,Pasteboard_GetDataParams *,void,Pasteboard_GetDataParams * OH_Pasteboard_GetDataParams_Create(void)
database/pasteboard/oh_pasteboard.h,354,OH_Pasteboard_GetDataParams_Destroy,void,Pasteboard_GetDataParams * params,void OH_Pasteboard_GetDataParams_Destroy(Pasteboard_GetDataParams *)
database/pasteboard/oh_pasteboard.h,376,OH_Pasteboard_GetDataParams_SetDestUri,void,"Pasteboard_GetDataParams * params,const char * destUri,uint32_t destUriLen","void OH_Pasteboard_GetDataParams_SetDestUri(Pasteboard_GetDataParams *,const char *,uint32_t)"
database/pasteboard/oh_pasteboard.h,386,OH_Pasteboard_GetDataParams_SetFileConflictOptions,void,"Pasteboard_GetDataParams * params,Pasteboard_FileConflictOptions option","void OH_Pasteboard_GetDataParams_SetFileConflictOptions(Pasteboard_GetDataParams *,Pasteboard_FileConflictOptions)"
database/pasteboard/oh_pasteboard.h,364,OH_Pasteboard_GetDataParams_SetProgressIndicator,void,"Pasteboard_GetDataParams * params,Pasteboard_ProgressIndicator progressIndicator","void OH_Pasteboard_GetDataParams_SetProgressIndicator(Pasteboard_GetDataParams *,Pasteboard_ProgressIndicator)"
database/pasteboard/oh_pasteboard.h,397,OH_Pasteboard_GetDataParams_SetProgressListener,void,"Pasteboard_GetDataParams * params,const OH_Pasteboard_ProgressListener listener","void OH_Pasteboard_GetDataParams_SetProgressListener(Pasteboard_GetDataParams *,const OH_Pasteboard_ProgressListener)"
database/pasteboard/oh_pasteboard.h,262,OH_Pasteboard_GetDataSource,int,"OH_Pasteboard * pasteboard,char * source,unsigned int len","int OH_Pasteboard_GetDataSource(OH_Pasteboard *,char *,unsigned int)"
database/pasteboard/oh_pasteboard.h,430,OH_Pasteboard_GetDataWithProgress,OH_UdmfData *,"OH_Pasteboard * pasteboard,Pasteboard_GetDataParams * params,int * status","OH_UdmfData * OH_Pasteboard_GetDataWithProgress(OH_Pasteboard *,Pasteboard_GetDataParams *,int *)"
database/pasteboard/oh_pasteboard.h,335,OH_Pasteboard_GetMimeTypes,char **,"OH_Pasteboard * pasteboard,unsigned int * count","char ** OH_Pasteboard_GetMimeTypes(OH_Pasteboard *,unsigned int *)"
database/pasteboard/oh_pasteboard.h,287,OH_Pasteboard_HasData,bool,OH_Pasteboard * pasteboard,bool OH_Pasteboard_HasData(OH_Pasteboard *)
database/pasteboard/oh_pasteboard.h,275,OH_Pasteboard_HasType,bool,"OH_Pasteboard * pasteboard,const char * type","bool OH_Pasteboard_HasType(OH_Pasteboard *,const char *)"
database/pasteboard/oh_pasteboard.h,248,OH_Pasteboard_IsRemoteData,bool,OH_Pasteboard * pasteboard,bool OH_Pasteboard_IsRemoteData(OH_Pasteboard *)
database/pasteboard/oh_pasteboard.h,417,OH_Pasteboard_ProgressCancel,void,Pasteboard_GetDataParams * params,void OH_Pasteboard_ProgressCancel(Pasteboard_GetDataParams *)
database/pasteboard/oh_pasteboard.h,408,OH_Pasteboard_ProgressInfo_GetProgress,int,Pasteboard_ProgressInfo * progressInfo,int OH_Pasteboard_ProgressInfo_GetProgress(Pasteboard_ProgressInfo *)
database/pasteboard/oh_pasteboard.h,311,OH_Pasteboard_SetData,int,"OH_Pasteboard * pasteboard,OH_UdmfData * data","int OH_Pasteboard_SetData(OH_Pasteboard *,OH_UdmfData *)"
database/pasteboard/oh_pasteboard.h,221,OH_Pasteboard_Subscribe,int,"OH_Pasteboard * pasteboard,int type,const OH_PasteboardObserver * observer","int OH_Pasteboard_Subscribe(OH_Pasteboard *,int,const OH_PasteboardObserver *)"
database/pasteboard/oh_pasteboard.h,236,OH_Pasteboard_Unsubscribe,int,"OH_Pasteboard * pasteboard,int type,const OH_PasteboardObserver * observer","int OH_Pasteboard_Unsubscribe(OH_Pasteboard *,int,const OH_PasteboardObserver *)"
database/preferences/oh_preferences.h,101,OH_Preferences_Close,int,OH_Preferences * preference,int OH_Preferences_Close(OH_Preferences *)
database/preferences/oh_preferences.h,226,OH_Preferences_Delete,int,"OH_Preferences * preference,const char * key","int OH_Preferences_Delete(OH_Preferences *,const char *)"
database/preferences/oh_preferences.h,163,OH_Preferences_FreeString,void,char * string,void OH_Preferences_FreeString(char *)
database/preferences/oh_preferences.h,135,OH_Preferences_GetBool,int,"OH_Preferences * preference,const char * key,bool * value","int OH_Preferences_GetBool(OH_Preferences *,const char *,bool *)"
database/preferences/oh_preferences.h,118,OH_Preferences_GetInt,int,"OH_Preferences * preference,const char * key,int * value","int OH_Preferences_GetInt(OH_Preferences *,const char *,int *)"
database/preferences/oh_preferences.h,154,OH_Preferences_GetString,int,"OH_Preferences * preference,const char * key,char ** value,uint32_t * valueLen","int OH_Preferences_GetString(OH_Preferences *,const char *,char **,uint32_t *)"
database/preferences/oh_preferences.h,86,OH_Preferences_Open,OH_Preferences *,"OH_PreferencesOption * option,int * errCode","OH_Preferences * OH_Preferences_Open(OH_PreferencesOption *,int *)"
database/preferences/oh_preferences.h,245,OH_Preferences_RegisterDataObserver,int,"OH_Preferences * preference,void * context,OH_PreferencesDataObserver observer,const char * keys[],uint32_t keyCount","int OH_Preferences_RegisterDataObserver(OH_Preferences *,void *,OH_PreferencesDataObserver,const char * keys[],uint32_t)"
database/preferences/oh_preferences.h,195,OH_Preferences_SetBool,int,"OH_Preferences * preference,const char * key,bool value","int OH_Preferences_SetBool(OH_Preferences *,const char *,bool)"
database/preferences/oh_preferences.h,179,OH_Preferences_SetInt,int,"OH_Preferences * preference,const char * key,int value","int OH_Preferences_SetInt(OH_Preferences *,const char *,int)"
database/preferences/oh_preferences.h,211,OH_Preferences_SetString,int,"OH_Preferences * preference,const char * key,const char * value","int OH_Preferences_SetString(OH_Preferences *,const char *,const char *)"
database/preferences/oh_preferences.h,264,OH_Preferences_UnregisterDataObserver,int,"OH_Preferences * preference,void * context,OH_PreferencesDataObserver observer,const char * keys[],uint32_t keyCount","int OH_Preferences_UnregisterDataObserver(OH_Preferences *,void *,OH_PreferencesDataObserver,const char * keys[],uint32_t)"
database/preferences/oh_preferences_option.h,63,OH_PreferencesOption_Create,OH_PreferencesOption *,void,OH_PreferencesOption * OH_PreferencesOption_Create(void)
database/preferences/oh_preferences_option.h,114,OH_PreferencesOption_Destroy,int,OH_PreferencesOption * option,int OH_PreferencesOption_Destroy(OH_PreferencesOption *)
database/preferences/oh_preferences_option.h,89,OH_PreferencesOption_SetBundleName,int,"OH_PreferencesOption * option,const char * bundleName","int OH_PreferencesOption_SetBundleName(OH_PreferencesOption *,const char *)"
database/preferences/oh_preferences_option.h,102,OH_PreferencesOption_SetDataGroupId,int,"OH_PreferencesOption * option,const char * dataGroupId","int OH_PreferencesOption_SetDataGroupId(OH_PreferencesOption *,const char *)"
database/preferences/oh_preferences_option.h,76,OH_PreferencesOption_SetFileName,int,"OH_PreferencesOption * option,const char * fileName","int OH_PreferencesOption_SetFileName(OH_PreferencesOption *,const char *)"
database/preferences/oh_preferences_value.h,101,OH_PreferencesPair_GetKey,const char *,"const OH_PreferencesPair * pairs,uint32_t index","const char * OH_PreferencesPair_GetKey(const OH_PreferencesPair *,uint32_t)"
database/preferences/oh_preferences_value.h,113,OH_PreferencesPair_GetPreferencesValue,const OH_PreferencesValue *,"const OH_PreferencesPair * pairs,uint32_t index","const OH_PreferencesValue * OH_PreferencesPair_GetPreferencesValue(const OH_PreferencesPair *,uint32_t)"
database/preferences/oh_preferences_value.h,154,OH_PreferencesValue_GetBool,int,"const OH_PreferencesValue * object,bool * value","int OH_PreferencesValue_GetBool(const OH_PreferencesValue *,bool *)"
database/preferences/oh_preferences_value.h,139,OH_PreferencesValue_GetInt,int,"const OH_PreferencesValue * object,int * value","int OH_PreferencesValue_GetInt(const OH_PreferencesValue *,int *)"
database/preferences/oh_preferences_value.h,171,OH_PreferencesValue_GetString,int,"const OH_PreferencesValue * object,char ** value,uint32_t * valueLen","int OH_PreferencesValue_GetString(const OH_PreferencesValue *,char **,uint32_t *)"
database/preferences/oh_preferences_value.h,124,OH_PreferencesValue_GetValueType,Preference_ValueType,const OH_PreferencesValue * object,Preference_ValueType OH_PreferencesValue_GetValueType(const OH_PreferencesValue *)
database/rdb/oh_values_bucket.h,170,OH_VBucket_PutAsset,int,"OH_VBucket * bucket,const char * field,Data_Asset * value","int OH_VBucket_PutAsset(OH_VBucket *,const char *,Data_Asset *)"
database/rdb/oh_values_bucket.h,185,OH_VBucket_PutAssets,int,"OH_VBucket * bucket,const char * field,Data_Asset ** value,uint32_t count","int OH_VBucket_PutAssets(OH_VBucket *,const char *,Data_Asset **,uint32_t)"
database/rdb/relational_store.h,620,OH_Rdb_Backup,int,"OH_Rdb_Store * store,const char * databasePath","int OH_Rdb_Backup(OH_Rdb_Store *,const char *)"
database/rdb/relational_store.h,579,OH_Rdb_BeginTransWithTrxId,int,"OH_Rdb_Store * store,int64_t * trxId","int OH_Rdb_BeginTransWithTrxId(OH_Rdb_Store *,int64_t *)"
database/rdb/relational_store.h,541,OH_Rdb_BeginTransaction,int,OH_Rdb_Store * store,int OH_Rdb_BeginTransaction(OH_Rdb_Store *)
database/rdb/relational_store.h,400,OH_Rdb_CloseStore,int,OH_Rdb_Store * store,int OH_Rdb_CloseStore(OH_Rdb_Store *)
database/rdb/relational_store.h,1173,OH_Rdb_CloudSync,int,"OH_Rdb_Store * store,Rdb_SyncMode mode,const char * tables[],uint32_t count,const Rdb_ProgressObserver * observer","int OH_Rdb_CloudSync(OH_Rdb_Store *,Rdb_SyncMode,const char * tables[],uint32_t,const Rdb_ProgressObserver *)"
database/rdb/relational_store.h,565,OH_Rdb_Commit,int,OH_Rdb_Store * store,int OH_Rdb_Commit(OH_Rdb_Store *)
database/rdb/relational_store.h,607,OH_Rdb_CommitByTrxId,int,"OH_Rdb_Store * store,int64_t trxId","int OH_Rdb_CommitByTrxId(OH_Rdb_Store *,int64_t)"
database/rdb/relational_store.h,197,OH_Rdb_CreateConfig,OH_Rdb_ConfigV2 *,void,OH_Rdb_ConfigV2 * OH_Rdb_CreateConfig(void)
database/rdb/relational_store.h,387,OH_Rdb_CreateOrOpen,OH_Rdb_Store *,"const OH_Rdb_ConfigV2 * config,int * errCode","OH_Rdb_Store * OH_Rdb_CreateOrOpen(const OH_Rdb_ConfigV2 *,int *)"
database/rdb/relational_store.h,351,OH_Rdb_CreatePredicates,OH_Predicates *,const char * table,OH_Predicates * OH_Rdb_CreatePredicates(const char *)
database/rdb/relational_store.h,330,OH_Rdb_CreateValueObject,OH_VObject *,void,OH_VObject * OH_Rdb_CreateValueObject(void)
database/rdb/relational_store.h,340,OH_Rdb_CreateValuesBucket,OH_VBucket *,void,OH_VBucket * OH_Rdb_CreateValuesBucket(void)
database/rdb/relational_store.h,474,OH_Rdb_Delete,int,"OH_Rdb_Store * store,OH_Predicates * predicates","int OH_Rdb_Delete(OH_Rdb_Store *,OH_Predicates *)"
database/rdb/relational_store.h,414,OH_Rdb_DeleteStore,int,const OH_Rdb_Config * config,int OH_Rdb_DeleteStore(const OH_Rdb_Config *)
database/rdb/relational_store.h,428,OH_Rdb_DeleteStoreV2,int,const OH_Rdb_ConfigV2 * config,int OH_Rdb_DeleteStoreV2(const OH_Rdb_ConfigV2 *)
database/rdb/relational_store.h,209,OH_Rdb_DestroyConfig,int,OH_Rdb_ConfigV2 * config,int OH_Rdb_DestroyConfig(OH_Rdb_ConfigV2 *)
database/rdb/relational_store.h,502,OH_Rdb_Execute,int,"OH_Rdb_Store * store,const char * sql","int OH_Rdb_Execute(OH_Rdb_Store *,const char *)"
database/rdb/relational_store.h,517,OH_Rdb_ExecuteByTrxId,int,"OH_Rdb_Store * store,int64_t trxId,const char * sql","int OH_Rdb_ExecuteByTrxId(OH_Rdb_Store *,int64_t,const char *)"
database/rdb/relational_store.h,529,OH_Rdb_ExecuteQuery,OH_Cursor *,"OH_Rdb_Store * store,const char * sql","OH_Cursor * OH_Rdb_ExecuteQuery(OH_Rdb_Store *,const char *)"
database/rdb/relational_store.h,730,OH_Rdb_FindModifyTime,OH_Cursor *,"OH_Rdb_Store * store,const char * tableName,const char * columnName,OH_VObject * values","OH_Cursor * OH_Rdb_FindModifyTime(OH_Rdb_Store *,const char *,const char *,OH_VObject *)"
database/rdb/relational_store.h,369,OH_Rdb_GetOrOpen,OH_Rdb_Store *,"const OH_Rdb_Config * config,int * errCode","OH_Rdb_Store * OH_Rdb_GetOrOpen(const OH_Rdb_Config *,int *)"
database/rdb/relational_store.h,320,OH_Rdb_GetSupportedDbType,const int *,int * typeCount,const int * OH_Rdb_GetSupportedDbType(int *)
database/rdb/relational_store.h,1121,OH_Rdb_GetTableDetails,Rdb_TableDetails *,"Rdb_ProgressDetails * progress,int32_t version","Rdb_TableDetails * OH_Rdb_GetTableDetails(Rdb_ProgressDetails *,int32_t)"
database/rdb/relational_store.h,646,OH_Rdb_GetVersion,int,"OH_Rdb_Store * store,int * version","int OH_Rdb_GetVersion(OH_Rdb_Store *,int *)"
database/rdb/relational_store.h,443,OH_Rdb_Insert,int,"OH_Rdb_Store * store,const char * table,OH_VBucket * valuesBucket","int OH_Rdb_Insert(OH_Rdb_Store *,const char *,OH_VBucket *)"
database/rdb/relational_store.h,1219,OH_Rdb_LockRow,int,"OH_Rdb_Store * store,OH_Predicates * predicates","int OH_Rdb_LockRow(OH_Rdb_Store *,OH_Predicates *)"
database/rdb/relational_store.h,489,OH_Rdb_Query,OH_Cursor *,"OH_Rdb_Store * store,OH_Predicates * predicates,const char * const * columnNames,int length","OH_Cursor * OH_Rdb_Query(OH_Rdb_Store *,OH_Predicates *,const char * const *,int)"
database/rdb/relational_store.h,1248,OH_Rdb_QueryLockedRow,OH_Cursor *,"OH_Rdb_Store * store,OH_Predicates * predicates,const char * const * columnNames,int length","OH_Cursor * OH_Rdb_QueryLockedRow(OH_Rdb_Store *,OH_Predicates *,const char * const *,int)"
database/rdb/relational_store.h,633,OH_Rdb_Restore,int,"OH_Rdb_Store * store,const char * databasePath","int OH_Rdb_Restore(OH_Rdb_Store *,const char *)"
database/rdb/relational_store.h,553,OH_Rdb_RollBack,int,OH_Rdb_Store * store,int OH_Rdb_RollBack(OH_Rdb_Store *)
database/rdb/relational_store.h,593,OH_Rdb_RollBackByTrxId,int,"OH_Rdb_Store * store,int64_t trxId","int OH_Rdb_RollBackByTrxId(OH_Rdb_Store *,int64_t)"
database/rdb/relational_store.h,300,OH_Rdb_SetArea,int,"OH_Rdb_ConfigV2 * config,int area","int OH_Rdb_SetArea(OH_Rdb_ConfigV2 *,int)"
database/rdb/relational_store.h,248,OH_Rdb_SetBundleName,int,"OH_Rdb_ConfigV2 * config,const char * bundleName","int OH_Rdb_SetBundleName(OH_Rdb_ConfigV2 *,const char *)"
database/rdb/relational_store.h,222,OH_Rdb_SetDatabaseDir,int,"OH_Rdb_ConfigV2 * config,const char * databaseDir","int OH_Rdb_SetDatabaseDir(OH_Rdb_ConfigV2 *,const char *)"
database/rdb/relational_store.h,312,OH_Rdb_SetDbType,int,"OH_Rdb_ConfigV2 * config,int dbType","int OH_Rdb_SetDbType(OH_Rdb_ConfigV2 *,int)"
database/rdb/relational_store.h,710,OH_Rdb_SetDistributedTables,int,"OH_Rdb_Store * store,const char * tables[],uint32_t count,Rdb_DistributedType type,const Rdb_DistributedConfig * config","int OH_Rdb_SetDistributedTables(OH_Rdb_Store *,const char * tables[],uint32_t,Rdb_DistributedType,const Rdb_DistributedConfig *)"
database/rdb/relational_store.h,274,OH_Rdb_SetEncrypted,int,"OH_Rdb_ConfigV2 * config,bool isEncrypted","int OH_Rdb_SetEncrypted(OH_Rdb_ConfigV2 *,bool)"
database/rdb/relational_store.h,261,OH_Rdb_SetModuleName,int,"OH_Rdb_ConfigV2 * config,const char * moduleName","int OH_Rdb_SetModuleName(OH_Rdb_ConfigV2 *,const char *)"
database/rdb/relational_store.h,287,OH_Rdb_SetSecurityLevel,int,"OH_Rdb_ConfigV2 * config,int securityLevel","int OH_Rdb_SetSecurityLevel(OH_Rdb_ConfigV2 *,int)"
database/rdb/relational_store.h,235,OH_Rdb_SetStoreName,int,"OH_Rdb_ConfigV2 * config,const char * storeName","int OH_Rdb_SetStoreName(OH_Rdb_ConfigV2 *,const char *)"
database/rdb/relational_store.h,659,OH_Rdb_SetVersion,int,"OH_Rdb_Store * store,int version","int OH_Rdb_SetVersion(OH_Rdb_Store *,int)"
database/rdb/relational_store.h,924,OH_Rdb_Subscribe,int,"OH_Rdb_Store * store,Rdb_SubscribeType type,const Rdb_DataObserver * observer","int OH_Rdb_Subscribe(OH_Rdb_Store *,Rdb_SubscribeType,const Rdb_DataObserver *)"
database/rdb/relational_store.h,1190,OH_Rdb_SubscribeAutoSyncProgress,int,"OH_Rdb_Store * store,const Rdb_ProgressObserver * observer","int OH_Rdb_SubscribeAutoSyncProgress(OH_Rdb_Store *,const Rdb_ProgressObserver *)"
database/rdb/relational_store.h,1233,OH_Rdb_UnlockRow,int,"OH_Rdb_Store * store,OH_Predicates * predicates","int OH_Rdb_UnlockRow(OH_Rdb_Store *,OH_Predicates *)"
database/rdb/relational_store.h,940,OH_Rdb_Unsubscribe,int,"OH_Rdb_Store * store,Rdb_SubscribeType type,const Rdb_DataObserver * observer","int OH_Rdb_Unsubscribe(OH_Rdb_Store *,Rdb_SubscribeType,const Rdb_DataObserver *)"
database/rdb/relational_store.h,1205,OH_Rdb_UnsubscribeAutoSyncProgress,int,"OH_Rdb_Store * store,const Rdb_ProgressObserver * observer","int OH_Rdb_UnsubscribeAutoSyncProgress(OH_Rdb_Store *,const Rdb_ProgressObserver *)"
database/rdb/relational_store.h,459,OH_Rdb_Update,int,"OH_Rdb_Store * store,OH_VBucket * valuesBucket,OH_Predicates * predicates","int OH_Rdb_Update(OH_Rdb_Store *,OH_VBucket *,OH_Predicates *)"
database/udmf/udmf.h,206,OH_UdmfData_AddRecord,int,"OH_UdmfData * pThis,OH_UdmfRecord * record","int OH_UdmfData_AddRecord(OH_UdmfData *,OH_UdmfRecord *)"
database/udmf/udmf.h,184,OH_UdmfData_Create,OH_UdmfData *,void,OH_UdmfData * OH_UdmfData_Create(void)
database/udmf/udmf.h,193,OH_UdmfData_Destroy,void,OH_UdmfData * pThis,void OH_UdmfData_Destroy(OH_UdmfData *)
database/udmf/udmf.h,617,OH_UdmfData_GetPrimaryHtml,int,"OH_UdmfData * data,OH_UdsHtml * html","int OH_UdmfData_GetPrimaryHtml(OH_UdmfData *,OH_UdsHtml *)"
database/udmf/udmf.h,604,OH_UdmfData_GetPrimaryPlainText,int,"OH_UdmfData * data,OH_UdsPlainText * plainText","int OH_UdmfData_GetPrimaryPlainText(OH_UdmfData *,OH_UdsPlainText *)"
database/udmf/udmf.h,638,OH_UdmfData_GetRecord,OH_UdmfRecord *,"OH_UdmfData * data,unsigned int index","OH_UdmfRecord * OH_UdmfData_GetRecord(OH_UdmfData *,unsigned int)"
database/udmf/udmf.h,627,OH_UdmfData_GetRecordCount,int,OH_UdmfData * data,int OH_UdmfData_GetRecordCount(OH_UdmfData *)
database/udmf/udmf.h,242,OH_UdmfData_GetRecords,OH_UdmfRecord **,"OH_UdmfData * pThis,unsigned int * count","OH_UdmfRecord ** OH_UdmfData_GetRecords(OH_UdmfData *,unsigned int *)"
database/udmf/udmf.h,231,OH_UdmfData_GetTypes,char **,"OH_UdmfData * pThis,unsigned int * count","char ** OH_UdmfData_GetTypes(OH_UdmfData *,unsigned int *)"
database/udmf/udmf.h,219,OH_UdmfData_HasType,bool,"OH_UdmfData * pThis,const char * type","bool OH_UdmfData_HasType(OH_UdmfData *,const char *)"
database/udmf/udmf.h,650,OH_UdmfData_IsLocal,bool,OH_UdmfData * data,bool OH_UdmfData_IsLocal(OH_UdmfData *)
database/udmf/udmf.h,843,OH_UdmfGetDataParams_Create,OH_UdmfGetDataParams *,void,OH_UdmfGetDataParams * OH_UdmfGetDataParams_Create(void)
database/udmf/udmf.h,852,OH_UdmfGetDataParams_Destroy,void,OH_UdmfGetDataParams * pThis,void OH_UdmfGetDataParams_Destroy(OH_UdmfGetDataParams *)
database/udmf/udmf.h,893,OH_UdmfGetDataParams_SetDataProgressListener,void,"OH_UdmfGetDataParams * params,const OH_Udmf_DataProgressListener dataProgressListener","void OH_UdmfGetDataParams_SetDataProgressListener(OH_UdmfGetDataParams *,const OH_Udmf_DataProgressListener)"
database/udmf/udmf.h,862,OH_UdmfGetDataParams_SetDestUri,void,"OH_UdmfGetDataParams * params,const char * destUri","void OH_UdmfGetDataParams_SetDestUri(OH_UdmfGetDataParams *,const char *)"
database/udmf/udmf.h,872,OH_UdmfGetDataParams_SetFileConflictOptions,void,"OH_UdmfGetDataParams * params,const Udmf_FileConflictOptions options","void OH_UdmfGetDataParams_SetFileConflictOptions(OH_UdmfGetDataParams *,const Udmf_FileConflictOptions)"
database/udmf/udmf.h,882,OH_UdmfGetDataParams_SetProgressIndicator,void,"OH_UdmfGetDataParams * params,const Udmf_ProgressIndicator progressIndicator","void OH_UdmfGetDataParams_SetProgressIndicator(OH_UdmfGetDataParams *,const Udmf_ProgressIndicator)"
database/udmf/udmf.h,823,OH_UdmfProgressInfo_GetProgress,int,OH_Udmf_ProgressInfo * progressInfo,int OH_UdmfProgressInfo_GetProgress(OH_Udmf_ProgressInfo *)
database/udmf/udmf.h,833,OH_UdmfProgressInfo_GetStatus,int,OH_Udmf_ProgressInfo * progressInfo,int OH_UdmfProgressInfo_GetStatus(OH_Udmf_ProgressInfo *)
database/udmf/udmf.h,662,OH_UdmfProperty_Create,OH_UdmfProperty *,OH_UdmfData * unifiedData,OH_UdmfProperty * OH_UdmfProperty_Create(OH_UdmfData *)
database/udmf/udmf.h,671,OH_UdmfProperty_Destroy,void,OH_UdmfProperty * pThis,void OH_UdmfProperty_Destroy(OH_UdmfProperty *)
database/udmf/udmf.h,713,OH_UdmfProperty_GetExtrasIntParam,int,"OH_UdmfProperty * pThis,const char * key,int defaultValue","int OH_UdmfProperty_GetExtrasIntParam(OH_UdmfProperty *,const char *,int)"
database/udmf/udmf.h,725,OH_UdmfProperty_GetExtrasStringParam,const char *,"OH_UdmfProperty * pThis,const char * key","const char * OH_UdmfProperty_GetExtrasStringParam(OH_UdmfProperty *,const char *)"
database/udmf/udmf.h,701,OH_UdmfProperty_GetShareOption,Udmf_ShareOption,OH_UdmfProperty * pThis,Udmf_ShareOption OH_UdmfProperty_GetShareOption(OH_UdmfProperty *)
database/udmf/udmf.h,681,OH_UdmfProperty_GetTag,const char *,OH_UdmfProperty * pThis,const char * OH_UdmfProperty_GetTag(OH_UdmfProperty *)
database/udmf/udmf.h,691,OH_UdmfProperty_GetTimestamp,int64_t,OH_UdmfProperty * pThis,int64_t OH_UdmfProperty_GetTimestamp(OH_UdmfProperty *)
database/udmf/udmf.h,765,OH_UdmfProperty_SetExtrasIntParam,int,"OH_UdmfProperty * pThis,const char * key,int param","int OH_UdmfProperty_SetExtrasIntParam(OH_UdmfProperty *,const char *,int)"
database/udmf/udmf.h,779,OH_UdmfProperty_SetExtrasStringParam,int,"OH_UdmfProperty * pThis,const char * key,const char * param","int OH_UdmfProperty_SetExtrasStringParam(OH_UdmfProperty *,const char *,const char *)"
database/udmf/udmf.h,751,OH_UdmfProperty_SetShareOption,int,"OH_UdmfProperty * pThis,Udmf_ShareOption option","int OH_UdmfProperty_SetShareOption(OH_UdmfProperty *,Udmf_ShareOption)"
database/udmf/udmf.h,738,OH_UdmfProperty_SetTag,int,"OH_UdmfProperty * pThis,const char * tag","int OH_UdmfProperty_SetTag(OH_UdmfProperty *,const char *)"
database/udmf/udmf.h,259,OH_UdmfRecordProvider_Create,OH_UdmfRecordProvider *,void,OH_UdmfRecordProvider * OH_UdmfRecordProvider_Create(void)
database/udmf/udmf.h,271,OH_UdmfRecordProvider_Destroy,int,OH_UdmfRecordProvider * provider,int OH_UdmfRecordProvider_Destroy(OH_UdmfRecordProvider *)
database/udmf/udmf.h,297,OH_UdmfRecordProvider_SetData,int,"OH_UdmfRecordProvider * provider,void * context,const OH_UdmfRecordProvider_GetData callback,const UdmfData_Finalize finalize","int OH_UdmfRecordProvider_SetData(OH_UdmfRecordProvider *,void *,const OH_UdmfRecordProvider_GetData,const UdmfData_Finalize)"
database/udmf/udmf.h,384,OH_UdmfRecord_AddAppItem,int,"OH_UdmfRecord * pThis,OH_UdsAppItem * appItem","int OH_UdmfRecord_AddAppItem(OH_UdmfRecord *,OH_UdsAppItem *)"
database/udmf/udmf.h,424,OH_UdmfRecord_AddArrayBuffer,int,"OH_UdmfRecord * record,const char * type,OH_UdsArrayBuffer * buffer","int OH_UdmfRecord_AddArrayBuffer(OH_UdmfRecord *,const char *,OH_UdsArrayBuffer *)"
database/udmf/udmf.h,437,OH_UdmfRecord_AddContentForm,int,"OH_UdmfRecord * pThis,OH_UdsContentForm * contentForm","int OH_UdmfRecord_AddContentForm(OH_UdmfRecord *,OH_UdsContentForm *)"
database/udmf/udmf.h,397,OH_UdmfRecord_AddFileUri,int,"OH_UdmfRecord * pThis,OH_UdsFileUri * fileUri","int OH_UdmfRecord_AddFileUri(OH_UdmfRecord *,OH_UdsFileUri *)"
database/udmf/udmf.h,332,OH_UdmfRecord_AddGeneralEntry,int,"OH_UdmfRecord * pThis,const char * typeId,unsigned char * entry,unsigned int count","int OH_UdmfRecord_AddGeneralEntry(OH_UdmfRecord *,const char *,unsigned char *,unsigned int)"
database/udmf/udmf.h,371,OH_UdmfRecord_AddHtml,int,"OH_UdmfRecord * pThis,OH_UdsHtml * html","int OH_UdmfRecord_AddHtml(OH_UdmfRecord *,OH_UdsHtml *)"
database/udmf/udmf.h,358,OH_UdmfRecord_AddHyperlink,int,"OH_UdmfRecord * pThis,OH_UdsHyperlink * hyperlink","int OH_UdmfRecord_AddHyperlink(OH_UdmfRecord *,OH_UdsHyperlink *)"
database/udmf/udmf.h,410,OH_UdmfRecord_AddPixelMap,int,"OH_UdmfRecord * pThis,OH_UdsPixelMap * pixelMap","int OH_UdmfRecord_AddPixelMap(OH_UdmfRecord *,OH_UdsPixelMap *)"
database/udmf/udmf.h,345,OH_UdmfRecord_AddPlainText,int,"OH_UdmfRecord * pThis,OH_UdsPlainText * plainText","int OH_UdmfRecord_AddPlainText(OH_UdmfRecord *,OH_UdsPlainText *)"
database/udmf/udmf.h,308,OH_UdmfRecord_Create,OH_UdmfRecord *,void,OH_UdmfRecord * OH_UdmfRecord_Create(void)
database/udmf/udmf.h,317,OH_UdmfRecord_Destroy,void,OH_UdmfRecord * pThis,void OH_UdmfRecord_Destroy(OH_UdmfRecord *)
database/udmf/udmf.h,522,OH_UdmfRecord_GetAppItem,int,"OH_UdmfRecord * pThis,OH_UdsAppItem * appItem","int OH_UdmfRecord_GetAppItem(OH_UdmfRecord *,OH_UdsAppItem *)"
database/udmf/udmf.h,578,OH_UdmfRecord_GetArrayBuffer,int,"OH_UdmfRecord * record,const char * type,OH_UdsArrayBuffer * buffer","int OH_UdmfRecord_GetArrayBuffer(OH_UdmfRecord *,const char *,OH_UdsArrayBuffer *)"
database/udmf/udmf.h,591,OH_UdmfRecord_GetContentForm,int,"OH_UdmfRecord * pThis,OH_UdsContentForm * contentForm","int OH_UdmfRecord_GetContentForm(OH_UdmfRecord *,OH_UdsContentForm *)"
database/udmf/udmf.h,535,OH_UdmfRecord_GetFileUri,int,"OH_UdmfRecord * pThis,OH_UdsFileUri * fileUri","int OH_UdmfRecord_GetFileUri(OH_UdmfRecord *,OH_UdsFileUri *)"
database/udmf/udmf.h,465,OH_UdmfRecord_GetGeneralEntry,int,"OH_UdmfRecord * pThis,const char * typeId,unsigned char ** entry,unsigned int * count","int OH_UdmfRecord_GetGeneralEntry(OH_UdmfRecord *,const char *,unsigned char **,unsigned int *)"
database/udmf/udmf.h,508,OH_UdmfRecord_GetHtml,int,"OH_UdmfRecord * pThis,OH_UdsHtml * html","int OH_UdmfRecord_GetHtml(OH_UdmfRecord *,OH_UdsHtml *)"
database/udmf/udmf.h,494,OH_UdmfRecord_GetHyperlink,int,"OH_UdmfRecord * pThis,OH_UdsHyperlink * hyperlink","int OH_UdmfRecord_GetHyperlink(OH_UdmfRecord *,OH_UdsHyperlink *)"
database/udmf/udmf.h,548,OH_UdmfRecord_GetPixelMap,int,"OH_UdmfRecord * pThis,OH_UdsPixelMap * pixelMap","int OH_UdmfRecord_GetPixelMap(OH_UdmfRecord *,OH_UdsPixelMap *)"
database/udmf/udmf.h,480,OH_UdmfRecord_GetPlainText,int,"OH_UdmfRecord * pThis,OH_UdsPlainText * plainText","int OH_UdmfRecord_GetPlainText(OH_UdmfRecord *,OH_UdsPlainText *)"
database/udmf/udmf.h,449,OH_UdmfRecord_GetTypes,char **,"OH_UdmfRecord * pThis,unsigned int * count","char ** OH_UdmfRecord_GetTypes(OH_UdmfRecord *,unsigned int *)"
database/udmf/udmf.h,563,OH_UdmfRecord_SetProvider,int,"OH_UdmfRecord * pThis,const char * const * types,unsigned int count,OH_UdmfRecordProvider * provider","int OH_UdmfRecord_SetProvider(OH_UdmfRecord *,const char * const *,unsigned int,OH_UdmfRecordProvider *)"
database/udmf/udmf.h,795,OH_Udmf_GetUnifiedData,int,"const char * key,Udmf_Intention intention,OH_UdmfData * unifiedData","int OH_Udmf_GetUnifiedData(const char *,Udmf_Intention,OH_UdmfData *)"
database/udmf/udmf.h,812,OH_Udmf_SetUnifiedData,int,"Udmf_Intention intention,OH_UdmfData * unifiedData,char * key,unsigned int keyLen","int OH_Udmf_SetUnifiedData(Udmf_Intention,OH_UdmfData *,char *,unsigned int)"
database/udmf/uds.h,339,OH_UdsAppItem_Create,OH_UdsAppItem *,void,OH_UdsAppItem * OH_UdsAppItem_Create(void)
database/udmf/uds.h,348,OH_UdsAppItem_Destroy,void,OH_UdsAppItem * pThis,void OH_UdsAppItem_Destroy(OH_UdsAppItem *)
database/udmf/uds.h,418,OH_UdsAppItem_GetAbilityName,const char *,OH_UdsAppItem * pThis,const char * OH_UdsAppItem_GetAbilityName(OH_UdsAppItem *)
database/udmf/uds.h,408,OH_UdsAppItem_GetBundleName,const char *,OH_UdsAppItem * pThis,const char * OH_UdsAppItem_GetBundleName(OH_UdsAppItem *)
database/udmf/uds.h,388,OH_UdsAppItem_GetIconId,const char *,OH_UdsAppItem * pThis,const char * OH_UdsAppItem_GetIconId(OH_UdsAppItem *)
database/udmf/uds.h,368,OH_UdsAppItem_GetId,const char *,OH_UdsAppItem * pThis,const char * OH_UdsAppItem_GetId(OH_UdsAppItem *)
database/udmf/uds.h,398,OH_UdsAppItem_GetLabelId,const char *,OH_UdsAppItem * pThis,const char * OH_UdsAppItem_GetLabelId(OH_UdsAppItem *)
database/udmf/uds.h,378,OH_UdsAppItem_GetName,const char *,OH_UdsAppItem * pThis,const char * OH_UdsAppItem_GetName(OH_UdsAppItem *)
database/udmf/uds.h,358,OH_UdsAppItem_GetType,const char *,OH_UdsAppItem * pThis,const char * OH_UdsAppItem_GetType(OH_UdsAppItem *)
database/udmf/uds.h,496,OH_UdsAppItem_SetAbilityName,int,"OH_UdsAppItem * pThis,const char * abilityName","int OH_UdsAppItem_SetAbilityName(OH_UdsAppItem *,const char *)"
database/udmf/uds.h,483,OH_UdsAppItem_SetBundleName,int,"OH_UdsAppItem * pThis,const char * bundleName","int OH_UdsAppItem_SetBundleName(OH_UdsAppItem *,const char *)"
database/udmf/uds.h,457,OH_UdsAppItem_SetIconId,int,"OH_UdsAppItem * pThis,const char * appIconId","int OH_UdsAppItem_SetIconId(OH_UdsAppItem *,const char *)"
database/udmf/uds.h,431,OH_UdsAppItem_SetId,int,"OH_UdsAppItem * pThis,const char * appId","int OH_UdsAppItem_SetId(OH_UdsAppItem *,const char *)"
database/udmf/uds.h,470,OH_UdsAppItem_SetLabelId,int,"OH_UdsAppItem * pThis,const char * appLabelId","int OH_UdsAppItem_SetLabelId(OH_UdsAppItem *,const char *)"
database/udmf/uds.h,444,OH_UdsAppItem_SetName,int,"OH_UdsAppItem * pThis,const char * appName","int OH_UdsAppItem_SetName(OH_UdsAppItem *,const char *)"
database/udmf/uds.h,633,OH_UdsArrayBuffer_Create,OH_UdsArrayBuffer *,void,OH_UdsArrayBuffer * OH_UdsArrayBuffer_Create(void)
database/udmf/uds.h,645,OH_UdsArrayBuffer_Destroy,int,OH_UdsArrayBuffer * buffer,int OH_UdsArrayBuffer_Destroy(OH_UdsArrayBuffer *)
database/udmf/uds.h,673,OH_UdsArrayBuffer_GetData,int,"OH_UdsArrayBuffer * buffer,unsigned char ** data,unsigned int * len","int OH_UdsArrayBuffer_GetData(OH_UdsArrayBuffer *,unsigned char **,unsigned int *)"
database/udmf/uds.h,659,OH_UdsArrayBuffer_SetData,int,"OH_UdsArrayBuffer * buffer,unsigned char * data,unsigned int len","int OH_UdsArrayBuffer_SetData(OH_UdsArrayBuffer *,unsigned char *,unsigned int)"
database/udmf/uds.h,683,OH_UdsContentForm_Create,OH_UdsContentForm *,void,OH_UdsContentForm * OH_UdsContentForm_Create(void)
database/udmf/uds.h,692,OH_UdsContentForm_Destroy,void,OH_UdsContentForm * pThis,void OH_UdsContentForm_Destroy(OH_UdsContentForm *)
database/udmf/uds.h,752,OH_UdsContentForm_GetAppIcon,int,"OH_UdsContentForm * pThis,unsigned char ** appIcon,unsigned int * len","int OH_UdsContentForm_GetAppIcon(OH_UdsContentForm *,unsigned char **,unsigned int *)"
database/udmf/uds.h,762,OH_UdsContentForm_GetAppName,const char *,OH_UdsContentForm * pThis,const char * OH_UdsContentForm_GetAppName(OH_UdsContentForm *)
database/udmf/uds.h,727,OH_UdsContentForm_GetDescription,const char *,OH_UdsContentForm * pThis,const char * OH_UdsContentForm_GetDescription(OH_UdsContentForm *)
database/udmf/uds.h,772,OH_UdsContentForm_GetLinkUri,const char *,OH_UdsContentForm * pThis,const char * OH_UdsContentForm_GetLinkUri(OH_UdsContentForm *)
database/udmf/uds.h,717,OH_UdsContentForm_GetThumbData,int,"OH_UdsContentForm * pThis,unsigned char ** thumbData,unsigned int * len","int OH_UdsContentForm_GetThumbData(OH_UdsContentForm *,unsigned char **,unsigned int *)"
database/udmf/uds.h,737,OH_UdsContentForm_GetTitle,const char *,OH_UdsContentForm * pThis,const char * OH_UdsContentForm_GetTitle(OH_UdsContentForm *)
database/udmf/uds.h,702,OH_UdsContentForm_GetType,const char *,OH_UdsContentForm * pThis,const char * OH_UdsContentForm_GetType(OH_UdsContentForm *)
database/udmf/uds.h,826,OH_UdsContentForm_SetAppIcon,int,"OH_UdsContentForm * pThis,const unsigned char * appIcon,unsigned int len","int OH_UdsContentForm_SetAppIcon(OH_UdsContentForm *,const unsigned char *,unsigned int)"
database/udmf/uds.h,839,OH_UdsContentForm_SetAppName,int,"OH_UdsContentForm * pThis,const char * appName","int OH_UdsContentForm_SetAppName(OH_UdsContentForm *,const char *)"
database/udmf/uds.h,799,OH_UdsContentForm_SetDescription,int,"OH_UdsContentForm * pThis,const char * description","int OH_UdsContentForm_SetDescription(OH_UdsContentForm *,const char *)"
database/udmf/uds.h,852,OH_UdsContentForm_SetLinkUri,int,"OH_UdsContentForm * pThis,const char * linkUri","int OH_UdsContentForm_SetLinkUri(OH_UdsContentForm *,const char *)"
database/udmf/uds.h,786,OH_UdsContentForm_SetThumbData,int,"OH_UdsContentForm * pThis,const unsigned char * thumbData,unsigned int len","int OH_UdsContentForm_SetThumbData(OH_UdsContentForm *,const unsigned char *,unsigned int)"
database/udmf/uds.h,812,OH_UdsContentForm_SetTitle,int,"OH_UdsContentForm * pThis,const char * title","int OH_UdsContentForm_SetTitle(OH_UdsContentForm *,const char *)"
database/udmf/uds.h,506,OH_UdsFileUri_Create,OH_UdsFileUri *,void,OH_UdsFileUri * OH_UdsFileUri_Create(void)
database/udmf/uds.h,515,OH_UdsFileUri_Destroy,void,OH_UdsFileUri * pThis,void OH_UdsFileUri_Destroy(OH_UdsFileUri *)
database/udmf/uds.h,545,OH_UdsFileUri_GetFileType,const char *,OH_UdsFileUri * pThis,const char * OH_UdsFileUri_GetFileType(OH_UdsFileUri *)
database/udmf/uds.h,535,OH_UdsFileUri_GetFileUri,const char *,OH_UdsFileUri * pThis,const char * OH_UdsFileUri_GetFileUri(OH_UdsFileUri *)
database/udmf/uds.h,525,OH_UdsFileUri_GetType,const char *,OH_UdsFileUri * pThis,const char * OH_UdsFileUri_GetType(OH_UdsFileUri *)
database/udmf/uds.h,571,OH_UdsFileUri_SetFileType,int,"OH_UdsFileUri * pThis,const char * fileType","int OH_UdsFileUri_SetFileType(OH_UdsFileUri *,const char *)"
database/udmf/uds.h,558,OH_UdsFileUri_SetFileUri,int,"OH_UdsFileUri * pThis,const char * fileUri","int OH_UdsFileUri_SetFileUri(OH_UdsFileUri *,const char *)"
database/udmf/uds.h,264,OH_UdsHtml_Create,OH_UdsHtml *,void,OH_UdsHtml * OH_UdsHtml_Create(void)
database/udmf/uds.h,273,OH_UdsHtml_Destroy,void,OH_UdsHtml * pThis,void OH_UdsHtml_Destroy(OH_UdsHtml *)
database/udmf/uds.h,293,OH_UdsHtml_GetContent,const char *,OH_UdsHtml * pThis,const char * OH_UdsHtml_GetContent(OH_UdsHtml *)
database/udmf/uds.h,303,OH_UdsHtml_GetPlainContent,const char *,OH_UdsHtml * pThis,const char * OH_UdsHtml_GetPlainContent(OH_UdsHtml *)
database/udmf/uds.h,283,OH_UdsHtml_GetType,const char *,OH_UdsHtml * pThis,const char * OH_UdsHtml_GetType(OH_UdsHtml *)
database/udmf/uds.h,316,OH_UdsHtml_SetContent,int,"OH_UdsHtml * pThis,const char * content","int OH_UdsHtml_SetContent(OH_UdsHtml *,const char *)"
database/udmf/uds.h,329,OH_UdsHtml_SetPlainContent,int,"OH_UdsHtml * pThis,const char * plainContent","int OH_UdsHtml_SetPlainContent(OH_UdsHtml *,const char *)"
database/udmf/uds.h,189,OH_UdsHyperlink_Create,OH_UdsHyperlink *,void,OH_UdsHyperlink * OH_UdsHyperlink_Create(void)
database/udmf/uds.h,198,OH_UdsHyperlink_Destroy,void,OH_UdsHyperlink * pThis,void OH_UdsHyperlink_Destroy(OH_UdsHyperlink *)
database/udmf/uds.h,228,OH_UdsHyperlink_GetDescription,const char *,OH_UdsHyperlink * pThis,const char * OH_UdsHyperlink_GetDescription(OH_UdsHyperlink *)
database/udmf/uds.h,208,OH_UdsHyperlink_GetType,const char *,OH_UdsHyperlink * pThis,const char * OH_UdsHyperlink_GetType(OH_UdsHyperlink *)
database/udmf/uds.h,218,OH_UdsHyperlink_GetUrl,const char *,OH_UdsHyperlink * pThis,const char * OH_UdsHyperlink_GetUrl(OH_UdsHyperlink *)
database/udmf/uds.h,254,OH_UdsHyperlink_SetDescription,int,"OH_UdsHyperlink * pThis,const char * description","int OH_UdsHyperlink_SetDescription(OH_UdsHyperlink *,const char *)"
database/udmf/uds.h,241,OH_UdsHyperlink_SetUrl,int,"OH_UdsHyperlink * pThis,const char * url","int OH_UdsHyperlink_SetUrl(OH_UdsHyperlink *,const char *)"
database/udmf/uds.h,581,OH_UdsPixelMap_Create,OH_UdsPixelMap *,void,OH_UdsPixelMap * OH_UdsPixelMap_Create(void)
database/udmf/uds.h,590,OH_UdsPixelMap_Destroy,void,OH_UdsPixelMap * pThis,void OH_UdsPixelMap_Destroy(OH_UdsPixelMap *)
database/udmf/uds.h,610,OH_UdsPixelMap_GetPixelMap,void,"OH_UdsPixelMap * pThis,OH_PixelmapNative * pixelmapNative","void OH_UdsPixelMap_GetPixelMap(OH_UdsPixelMap *,OH_PixelmapNative *)"
database/udmf/uds.h,600,OH_UdsPixelMap_GetType,const char *,OH_UdsPixelMap * pThis,const char * OH_UdsPixelMap_GetType(OH_UdsPixelMap *)
database/udmf/uds.h,623,OH_UdsPixelMap_SetPixelMap,int,"OH_UdsPixelMap * pThis,OH_PixelmapNative * pixelmapNative","int OH_UdsPixelMap_SetPixelMap(OH_UdsPixelMap *,OH_PixelmapNative *)"
database/udmf/uds.h,114,OH_UdsPlainText_Create,OH_UdsPlainText *,void,OH_UdsPlainText * OH_UdsPlainText_Create(void)
database/udmf/uds.h,123,OH_UdsPlainText_Destroy,void,OH_UdsPlainText * pThis,void OH_UdsPlainText_Destroy(OH_UdsPlainText *)
database/udmf/uds.h,153,OH_UdsPlainText_GetAbstract,const char *,OH_UdsPlainText * pThis,const char * OH_UdsPlainText_GetAbstract(OH_UdsPlainText *)
database/udmf/uds.h,143,OH_UdsPlainText_GetContent,const char *,OH_UdsPlainText * pThis,const char * OH_UdsPlainText_GetContent(OH_UdsPlainText *)
database/udmf/uds.h,133,OH_UdsPlainText_GetType,const char *,OH_UdsPlainText * pThis,const char * OH_UdsPlainText_GetType(OH_UdsPlainText *)
database/udmf/uds.h,179,OH_UdsPlainText_SetAbstract,int,"OH_UdsPlainText * pThis,const char * abstract","int OH_UdsPlainText_SetAbstract(OH_UdsPlainText *,const char *)"
database/udmf/uds.h,166,OH_UdsPlainText_SetContent,int,"OH_UdsPlainText * pThis,const char * content","int OH_UdsPlainText_SetContent(OH_UdsPlainText *,const char *)"
database/udmf/utd.h,179,OH_Utd_BelongsTo,bool,"const char * srcTypeId,const char * destTypeId","bool OH_Utd_BelongsTo(const char *,const char *)"
database/udmf/utd.h,65,OH_Utd_Create,OH_Utd *,const char * typeId,OH_Utd * OH_Utd_Create(const char *)
database/udmf/utd.h,74,OH_Utd_Destroy,void,OH_Utd * pThis,void OH_Utd_Destroy(OH_Utd *)
database/udmf/utd.h,224,OH_Utd_DestroyStringList,void,"const char ** list,unsigned int count","void OH_Utd_DestroyStringList(const char **,unsigned int)"
database/udmf/utd.h,215,OH_Utd_Equals,bool,"OH_Utd * utd1,OH_Utd * utd2","bool OH_Utd_Equals(OH_Utd *,OH_Utd *)"
database/udmf/utd.h,125,OH_Utd_GetBelongingToTypes,const char **,"OH_Utd * pThis,unsigned int * count","const char ** OH_Utd_GetBelongingToTypes(OH_Utd *,unsigned int *)"
database/udmf/utd.h,94,OH_Utd_GetDescription,const char *,OH_Utd * pThis,const char * OH_Utd_GetDescription(OH_Utd *)
database/udmf/utd.h,136,OH_Utd_GetFilenameExtensions,const char **,"OH_Utd * pThis,unsigned int * count","const char ** OH_Utd_GetFilenameExtensions(OH_Utd *,unsigned int *)"
database/udmf/utd.h,114,OH_Utd_GetIconFile,const char *,OH_Utd * pThis,const char * OH_Utd_GetIconFile(OH_Utd *)
database/udmf/utd.h,147,OH_Utd_GetMimeTypes,const char **,"OH_Utd * pThis,unsigned int * count","const char ** OH_Utd_GetMimeTypes(OH_Utd *,unsigned int *)"
database/udmf/utd.h,104,OH_Utd_GetReferenceUrl,const char *,OH_Utd * pThis,const char * OH_Utd_GetReferenceUrl(OH_Utd *)
database/udmf/utd.h,84,OH_Utd_GetTypeId,const char *,OH_Utd * pThis,const char * OH_Utd_GetTypeId(OH_Utd *)
database/udmf/utd.h,157,OH_Utd_GetTypesByFilenameExtension,const char **,"const char * extension,unsigned int * count","const char ** OH_Utd_GetTypesByFilenameExtension(const char *,unsigned int *)"
database/udmf/utd.h,167,OH_Utd_GetTypesByMimeType,const char **,"const char * mimeType,unsigned int * count","const char ** OH_Utd_GetTypesByMimeType(const char *,unsigned int *)"
database/udmf/utd.h,203,OH_Utd_IsHigher,bool,"const char * srcTypeId,const char * destTypeId","bool OH_Utd_IsHigher(const char *,const char *)"
database/udmf/utd.h,191,OH_Utd_IsLower,bool,"const char * srcTypeId,const char * destTypeId","bool OH_Utd_IsLower(const char *,const char *)"
ddk/ddk_api.h,59,OH_DDK_CreateAshmem,DDK_RetCode,"const uint8_t * name,uint32_t size,DDK_Ashmem ** ashmem","DDK_RetCode OH_DDK_CreateAshmem(const uint8_t *,uint32_t,DDK_Ashmem **)"
ddk/ddk_api.h,95,OH_DDK_DestroyAshmem,DDK_RetCode,DDK_Ashmem * ashmem,DDK_RetCode OH_DDK_DestroyAshmem(DDK_Ashmem *)
ddk/ddk_api.h,73,OH_DDK_MapAshmem,DDK_RetCode,"DDK_Ashmem * ashmem,const uint8_t ashmemMapType","DDK_RetCode OH_DDK_MapAshmem(DDK_Ashmem *,const uint8_t)"
ddk/ddk_api.h,84,OH_DDK_UnmapAshmem,DDK_RetCode,DDK_Ashmem * ashmem,DDK_RetCode OH_DDK_UnmapAshmem(DDK_Ashmem *)
ffrt/condition_variable.h,78,ffrt_cond_broadcast,FFRT_C_API int,ffrt_cond_t * cond,FFRT_C_API int ffrt_cond_broadcast(ffrt_cond_t *)
ffrt/condition_variable.h,118,ffrt_cond_destroy,FFRT_C_API int,ffrt_cond_t * cond,FFRT_C_API int ffrt_cond_destroy(ffrt_cond_t *)
ffrt/condition_variable.h,54,ffrt_cond_init,FFRT_C_API int,"ffrt_cond_t * cond,const ffrt_condattr_t * attr","FFRT_C_API int ffrt_cond_init(ffrt_cond_t *,const ffrt_condattr_t *)"
ffrt/condition_variable.h,66,ffrt_cond_signal,FFRT_C_API int,ffrt_cond_t * cond,FFRT_C_API int ffrt_cond_signal(ffrt_cond_t *)
ffrt/condition_variable.h,107,ffrt_cond_timedwait,FFRT_C_API int,"ffrt_cond_t * cond,ffrt_mutex_t * mutex,const struct timespec * time_point","FFRT_C_API int ffrt_cond_timedwait(ffrt_cond_t *,ffrt_mutex_t *,const struct timespec *)"
ffrt/condition_variable.h,91,ffrt_cond_wait,FFRT_C_API int,"ffrt_cond_t * cond,ffrt_mutex_t * mutex","FFRT_C_API int ffrt_cond_wait(ffrt_cond_t *,ffrt_mutex_t *)"
ffrt/loop.h,60,ffrt_loop_create,FFRT_C_API ffrt_loop_t,ffrt_queue_t queue,FFRT_C_API ffrt_loop_t ffrt_loop_create(ffrt_queue_t)
ffrt/loop.h,71,ffrt_loop_destroy,FFRT_C_API int,ffrt_loop_t loop,FFRT_C_API int ffrt_loop_destroy(ffrt_loop_t)
ffrt/loop.h,107,ffrt_loop_epoll_ctl,FFRT_C_API int,"ffrt_loop_t loop,int op,int fd,uint32_t events,void * data,ffrt_poller_cb cb","FFRT_C_API int ffrt_loop_epoll_ctl(ffrt_loop_t,int,int,uint32_t,void *,ffrt_poller_cb)"
ffrt/loop.h,82,ffrt_loop_run,FFRT_C_API int,ffrt_loop_t loop,FFRT_C_API int ffrt_loop_run(ffrt_loop_t)
ffrt/loop.h,91,ffrt_loop_stop,FFRT_C_API void,ffrt_loop_t loop,FFRT_C_API void ffrt_loop_stop(ffrt_loop_t)
ffrt/loop.h,121,ffrt_loop_timer_start,FFRT_C_API ffrt_timer_t,"ffrt_loop_t loop,uint64_t timeout,void * data,ffrt_timer_cb cb,bool repeat","FFRT_C_API ffrt_timer_t ffrt_loop_timer_start(ffrt_loop_t,uint64_t,void *,ffrt_timer_cb,bool)"
ffrt/loop.h,134,ffrt_loop_timer_stop,FFRT_C_API int,"ffrt_loop_t loop,ffrt_timer_t handle","FFRT_C_API int ffrt_loop_timer_stop(ffrt_loop_t,ffrt_timer_t)"
ffrt/mutex.h,142,ffrt_mutex_destroy,FFRT_C_API int,ffrt_mutex_t * mutex,FFRT_C_API int ffrt_mutex_destroy(ffrt_mutex_t *)
ffrt/mutex.h,98,ffrt_mutex_init,FFRT_C_API int,"ffrt_mutex_t * mutex,const ffrt_mutexattr_t * attr","FFRT_C_API int ffrt_mutex_init(ffrt_mutex_t *,const ffrt_mutexattr_t *)"
ffrt/mutex.h,109,ffrt_mutex_lock,FFRT_C_API int,ffrt_mutex_t * mutex,FFRT_C_API int ffrt_mutex_lock(ffrt_mutex_t *)
ffrt/mutex.h,131,ffrt_mutex_trylock,FFRT_C_API int,ffrt_mutex_t * mutex,FFRT_C_API int ffrt_mutex_trylock(ffrt_mutex_t *)
ffrt/mutex.h,120,ffrt_mutex_unlock,FFRT_C_API int,ffrt_mutex_t * mutex,FFRT_C_API int ffrt_mutex_unlock(ffrt_mutex_t *)
ffrt/mutex.h,86,ffrt_mutexattr_destroy,FFRT_C_API int,ffrt_mutexattr_t * attr,FFRT_C_API int ffrt_mutexattr_destroy(ffrt_mutexattr_t *)
ffrt/mutex.h,75,ffrt_mutexattr_gettype,FFRT_C_API int,"ffrt_mutexattr_t * attr,int * type","FFRT_C_API int ffrt_mutexattr_gettype(ffrt_mutexattr_t *,int *)"
ffrt/mutex.h,51,ffrt_mutexattr_init,FFRT_C_API int,ffrt_mutexattr_t * attr,FFRT_C_API int ffrt_mutexattr_init(ffrt_mutexattr_t *)
ffrt/mutex.h,63,ffrt_mutexattr_settype,FFRT_C_API int,"ffrt_mutexattr_t * attr,int type","FFRT_C_API int ffrt_mutexattr_settype(ffrt_mutexattr_t *,int)"
ffrt/queue.h,234,ffrt_get_current_queue,FFRT_C_API ffrt_queue_t,void,FFRT_C_API ffrt_queue_t ffrt_get_current_queue(void)
ffrt/queue.h,225,ffrt_get_main_queue,FFRT_C_API ffrt_queue_t,void,FFRT_C_API ffrt_queue_t ffrt_get_main_queue(void)
ffrt/queue.h,69,ffrt_queue_attr_destroy,FFRT_C_API void,ffrt_queue_attr_t * attr,FFRT_C_API void ffrt_queue_attr_destroy(ffrt_queue_attr_t *)
ffrt/queue.h,129,ffrt_queue_attr_get_callback,FFRT_C_API ffrt_function_header_t *,const ffrt_queue_attr_t * attr,FFRT_C_API ffrt_function_header_t * ffrt_queue_attr_get_callback(const ffrt_queue_attr_t *)
ffrt/queue.h,149,ffrt_queue_attr_get_max_concurrency,FFRT_C_API int,const ffrt_queue_attr_t * attr,FFRT_C_API int ffrt_queue_attr_get_max_concurrency(const ffrt_queue_attr_t *)
ffrt/queue.h,89,ffrt_queue_attr_get_qos,FFRT_C_API ffrt_qos_t,const ffrt_queue_attr_t * attr,FFRT_C_API ffrt_qos_t ffrt_queue_attr_get_qos(const ffrt_queue_attr_t *)
ffrt/queue.h,109,ffrt_queue_attr_get_timeout,FFRT_C_API uint64_t,const ffrt_queue_attr_t * attr,FFRT_C_API uint64_t ffrt_queue_attr_get_timeout(const ffrt_queue_attr_t *)
ffrt/queue.h,60,ffrt_queue_attr_init,FFRT_C_API int,ffrt_queue_attr_t * attr,FFRT_C_API int ffrt_queue_attr_init(ffrt_queue_attr_t *)
ffrt/queue.h,119,ffrt_queue_attr_set_callback,FFRT_C_API void,"ffrt_queue_attr_t * attr,ffrt_function_header_t * f","FFRT_C_API void ffrt_queue_attr_set_callback(ffrt_queue_attr_t *,ffrt_function_header_t *)"
ffrt/queue.h,139,ffrt_queue_attr_set_max_concurrency,FFRT_C_API void,"ffrt_queue_attr_t * attr,const int max_concurrency","FFRT_C_API void ffrt_queue_attr_set_max_concurrency(ffrt_queue_attr_t *,const int)"
ffrt/queue.h,79,ffrt_queue_attr_set_qos,FFRT_C_API void,"ffrt_queue_attr_t * attr,ffrt_qos_t qos","FFRT_C_API void ffrt_queue_attr_set_qos(ffrt_queue_attr_t *,ffrt_qos_t)"
ffrt/queue.h,99,ffrt_queue_attr_set_timeout,FFRT_C_API void,"ffrt_queue_attr_t * attr,uint64_t timeout_us","FFRT_C_API void ffrt_queue_attr_set_timeout(ffrt_queue_attr_t *,uint64_t)"
ffrt/queue.h,216,ffrt_queue_cancel,FFRT_C_API int,ffrt_task_handle_t handle,FFRT_C_API int ffrt_queue_cancel(ffrt_task_handle_t)
ffrt/queue.h,162,ffrt_queue_create,FFRT_C_API ffrt_queue_t,"ffrt_queue_type_t type,const char * name,const ffrt_queue_attr_t * attr","FFRT_C_API ffrt_queue_t ffrt_queue_create(ffrt_queue_type_t,const char *,const ffrt_queue_attr_t *)"
ffrt/queue.h,171,ffrt_queue_destroy,FFRT_C_API void,ffrt_queue_t queue,FFRT_C_API void ffrt_queue_destroy(ffrt_queue_t)
ffrt/queue.h,182,ffrt_queue_submit,FFRT_C_API void,"ffrt_queue_t queue,ffrt_function_header_t * f,const ffrt_task_attr_t * attr","FFRT_C_API void ffrt_queue_submit(ffrt_queue_t,ffrt_function_header_t *,const ffrt_task_attr_t *)"
ffrt/queue.h,195,ffrt_queue_submit_h,FFRT_C_API ffrt_task_handle_t,"ffrt_queue_t queue,ffrt_function_header_t * f,const ffrt_task_attr_t * attr","FFRT_C_API ffrt_task_handle_t ffrt_queue_submit_h(ffrt_queue_t,ffrt_function_header_t *,const ffrt_task_attr_t *)"
ffrt/queue.h,205,ffrt_queue_wait,FFRT_C_API void,ffrt_task_handle_t handle,FFRT_C_API void ffrt_queue_wait(ffrt_task_handle_t)
ffrt/sleep.h,52,ffrt_usleep,FFRT_C_API int,uint64_t usec,FFRT_C_API int ffrt_usleep(uint64_t)
ffrt/sleep.h,60,ffrt_yield,FFRT_C_API void,void,FFRT_C_API void ffrt_yield(void)
ffrt/task.h,202,ffrt_alloc_auto_managed_function_storage_base,FFRT_C_API void *,ffrt_function_kind_t kind,FFRT_C_API void * ffrt_alloc_auto_managed_function_storage_base(ffrt_function_kind_t)
ffrt/task.h,214,ffrt_submit_base,FFRT_C_API void,"ffrt_function_header_t * f,const ffrt_deps_t * in_deps,const ffrt_deps_t * out_deps,const ffrt_task_attr_t * attr","FFRT_C_API void ffrt_submit_base(ffrt_function_header_t *,const ffrt_deps_t *,const ffrt_deps_t *,const ffrt_task_attr_t *)"
ffrt/task.h,229,ffrt_submit_h_base,FFRT_C_API ffrt_task_handle_t,"ffrt_function_header_t * f,const ffrt_deps_t * in_deps,const ffrt_deps_t * out_deps,const ffrt_task_attr_t * attr","FFRT_C_API ffrt_task_handle_t ffrt_submit_h_base(ffrt_function_header_t *,const ffrt_deps_t *,const ffrt_deps_t *,const ffrt_task_attr_t *)"
ffrt/task.h,82,ffrt_task_attr_destroy,FFRT_C_API void,ffrt_task_attr_t * attr,FFRT_C_API void ffrt_task_attr_destroy(ffrt_task_attr_t *)
ffrt/task.h,122,ffrt_task_attr_get_delay,FFRT_C_API uint64_t,const ffrt_task_attr_t * attr,FFRT_C_API uint64_t ffrt_task_attr_get_delay(const ffrt_task_attr_t *)
ffrt/task.h,73,ffrt_task_attr_get_name,FFRT_C_API const char *,const ffrt_task_attr_t * attr,FFRT_C_API const char * ffrt_task_attr_get_name(const ffrt_task_attr_t *)
ffrt/task.h,102,ffrt_task_attr_get_qos,FFRT_C_API ffrt_qos_t,const ffrt_task_attr_t * attr,FFRT_C_API ffrt_qos_t ffrt_task_attr_get_qos(const ffrt_task_attr_t *)
ffrt/task.h,142,ffrt_task_attr_get_queue_priority,FFRT_C_API ffrt_queue_priority_t,const ffrt_task_attr_t * attr,FFRT_C_API ffrt_queue_priority_t ffrt_task_attr_get_queue_priority(const ffrt_task_attr_t *)
ffrt/task.h,162,ffrt_task_attr_get_stack_size,FFRT_C_API uint64_t,const ffrt_task_attr_t * attr,FFRT_C_API uint64_t ffrt_task_attr_get_stack_size(const ffrt_task_attr_t *)
ffrt/task.h,52,ffrt_task_attr_init,FFRT_C_API int,ffrt_task_attr_t * attr,FFRT_C_API int ffrt_task_attr_init(ffrt_task_attr_t *)
ffrt/task.h,112,ffrt_task_attr_set_delay,FFRT_C_API void,"ffrt_task_attr_t * attr,uint64_t delay_us","FFRT_C_API void ffrt_task_attr_set_delay(ffrt_task_attr_t *,uint64_t)"
ffrt/task.h,62,ffrt_task_attr_set_name,FFRT_C_API void,"ffrt_task_attr_t * attr,const char * name","FFRT_C_API void ffrt_task_attr_set_name(ffrt_task_attr_t *,const char *)"
ffrt/task.h,92,ffrt_task_attr_set_qos,FFRT_C_API void,"ffrt_task_attr_t * attr,ffrt_qos_t qos","FFRT_C_API void ffrt_task_attr_set_qos(ffrt_task_attr_t *,ffrt_qos_t)"
ffrt/task.h,132,ffrt_task_attr_set_queue_priority,FFRT_C_API void,"ffrt_task_attr_t * attr,ffrt_queue_priority_t priority","FFRT_C_API void ffrt_task_attr_set_queue_priority(ffrt_task_attr_t *,ffrt_queue_priority_t)"
ffrt/task.h,152,ffrt_task_attr_set_stack_size,FFRT_C_API void,"ffrt_task_attr_t * attr,uint64_t size","FFRT_C_API void ffrt_task_attr_set_stack_size(ffrt_task_attr_t *,uint64_t)"
ffrt/task.h,250,ffrt_task_handle_dec_ref,FFRT_C_API uint32_t,ffrt_task_handle_t handle,FFRT_C_API uint32_t ffrt_task_handle_dec_ref(ffrt_task_handle_t)
ffrt/task.h,259,ffrt_task_handle_destroy,FFRT_C_API void,ffrt_task_handle_t handle,FFRT_C_API void ffrt_task_handle_destroy(ffrt_task_handle_t)
ffrt/task.h,240,ffrt_task_handle_inc_ref,FFRT_C_API uint32_t,ffrt_task_handle_t handle,FFRT_C_API uint32_t ffrt_task_handle_inc_ref(ffrt_task_handle_t)
ffrt/task.h,191,ffrt_this_task_get_id,FFRT_C_API uint64_t,void,FFRT_C_API uint64_t ffrt_this_task_get_id(void)
ffrt/task.h,182,ffrt_this_task_get_qos,FFRT_C_API ffrt_qos_t,void,FFRT_C_API ffrt_qos_t ffrt_this_task_get_qos(void)
ffrt/task.h,173,ffrt_this_task_update_qos,FFRT_C_API int,ffrt_qos_t qos,FFRT_C_API int ffrt_this_task_update_qos(ffrt_qos_t)
ffrt/task.h,276,ffrt_wait,FFRT_C_API void,void,FFRT_C_API void ffrt_wait(void)
ffrt/task.h,268,ffrt_wait_deps,FFRT_C_API void,const ffrt_deps_t * deps,FFRT_C_API void ffrt_wait_deps(const ffrt_deps_t *)
ffrt/timer.h,56,ffrt_timer_start,FFRT_C_API ffrt_timer_t,"ffrt_qos_t qos,uint64_t timeout,void * data,ffrt_timer_cb cb,bool repeat","FFRT_C_API ffrt_timer_t ffrt_timer_start(ffrt_qos_t,uint64_t,void *,ffrt_timer_cb,bool)"
ffrt/timer.h,68,ffrt_timer_stop,FFRT_C_API int,"ffrt_qos_t qos,ffrt_timer_t handle","FFRT_C_API int ffrt_timer_stop(ffrt_qos_t,ffrt_timer_t)"
filemanagement/environment/oh_environment.h,64,OH_Environment_GetUserDesktopDir,FileManagement_ErrCode,char ** result,FileManagement_ErrCode OH_Environment_GetUserDesktopDir(char **)
filemanagement/environment/oh_environment.h,76,OH_Environment_GetUserDocumentDir,FileManagement_ErrCode,char ** result,FileManagement_ErrCode OH_Environment_GetUserDocumentDir(char **)
filemanagement/environment/oh_environment.h,52,OH_Environment_GetUserDownloadDir,FileManagement_ErrCode,char ** result,FileManagement_ErrCode OH_Environment_GetUserDownloadDir(char **)
filemanagement/file_uri/oh_file_uri.h,125,OH_FileUri_GetFileName,FileManagement_ErrCode,"const char * uri,unsigned int length,char ** result","FileManagement_ErrCode OH_FileUri_GetFileName(const char *,unsigned int,char **)"
filemanagement/file_uri/oh_file_uri.h,98,OH_FileUri_GetFullDirectoryUri,FileManagement_ErrCode,"const char * uri,unsigned int length,char ** result","FileManagement_ErrCode OH_FileUri_GetFullDirectoryUri(const char *,unsigned int,char **)"
filemanagement/file_uri/oh_file_uri.h,81,OH_FileUri_GetPathFromUri,FileManagement_ErrCode,"const char * uri,unsigned int length,char ** result","FileManagement_ErrCode OH_FileUri_GetPathFromUri(const char *,unsigned int,char **)"
filemanagement/file_uri/oh_file_uri.h,65,OH_FileUri_GetUriFromPath,FileManagement_ErrCode,"const char * path,unsigned int length,char ** result","FileManagement_ErrCode OH_FileUri_GetUriFromPath(const char *,unsigned int,char **)"
filemanagement/file_uri/oh_file_uri.h,109,OH_FileUri_IsValidUri,bool,"const char * uri,unsigned int length","bool OH_FileUri_IsValidUri(const char *,unsigned int)"
filemanagement/fileio/oh_fileio.h,73,OH_FileIO_GetFileLocation,FileManagement_ErrCode,"char * uri,int uriLength,FileIO_FileLocation * location","FileManagement_ErrCode OH_FileIO_GetFileLocation(char *,int,FileIO_FileLocation *)"
filemanagement/fileshare/oh_file_share.h,203,OH_FileShare_ActivatePermission,FileManagement_ErrCode,"const FileShare_PolicyInfo * policies,unsigned int policyNum,FileShare_PolicyErrorResult ** result,unsigned int * resultNum","FileManagement_ErrCode OH_FileShare_ActivatePermission(const FileShare_PolicyInfo *,unsigned int,FileShare_PolicyErrorResult **,unsigned int *)"
filemanagement/fileshare/oh_file_share.h,248,OH_FileShare_CheckPersistentPermission,FileManagement_ErrCode,"const FileShare_PolicyInfo * policies,unsigned int policyNum,bool ** result,unsigned int * resultNum","FileManagement_ErrCode OH_FileShare_CheckPersistentPermission(const FileShare_PolicyInfo *,unsigned int,bool **,unsigned int *)"
filemanagement/fileshare/oh_file_share.h,226,OH_FileShare_DeactivatePermission,FileManagement_ErrCode,"const FileShare_PolicyInfo * policies,unsigned int policyNum,FileShare_PolicyErrorResult ** result,unsigned int * resultNum","FileManagement_ErrCode OH_FileShare_DeactivatePermission(const FileShare_PolicyInfo *,unsigned int,FileShare_PolicyErrorResult **,unsigned int *)"
filemanagement/fileshare/oh_file_share.h,157,OH_FileShare_PersistPermission,FileManagement_ErrCode,"const FileShare_PolicyInfo * policies,unsigned int policyNum,FileShare_PolicyErrorResult ** result,unsigned int * resultNum","FileManagement_ErrCode OH_FileShare_PersistPermission(const FileShare_PolicyInfo *,unsigned int,FileShare_PolicyErrorResult **,unsigned int *)"
filemanagement/fileshare/oh_file_share.h,260,OH_FileShare_ReleasePolicyErrorResult,void,"FileShare_PolicyErrorResult * errorResult,unsigned int resultNum","void OH_FileShare_ReleasePolicyErrorResult(FileShare_PolicyErrorResult *,unsigned int)"
filemanagement/fileshare/oh_file_share.h,180,OH_FileShare_RevokePermission,FileManagement_ErrCode,"const FileShare_PolicyInfo * policies,unsigned int policyNum,FileShare_PolicyErrorResult ** result,unsigned int * resultNum","FileManagement_ErrCode OH_FileShare_RevokePermission(const FileShare_PolicyInfo *,unsigned int,FileShare_PolicyErrorResult **,unsigned int *)"
hiappevent/hiappevent.h,265,OH_HiAppEvent_AddBoolArrayParam,ParamList,"ParamList list,const char * name,const bool * booleans,int arrSize","ParamList OH_HiAppEvent_AddBoolArrayParam(ParamList,const char *,const bool *,int)"
hiappevent/hiappevent.h,252,OH_HiAppEvent_AddBoolParam,ParamList,"ParamList list,const char * name,bool boolean","ParamList OH_HiAppEvent_AddBoolParam(ParamList,const char *,bool)"
hiappevent/hiappevent.h,415,OH_HiAppEvent_AddDoubleArrayParam,ParamList,"ParamList list,const char * name,const double * nums,int arrSize","ParamList OH_HiAppEvent_AddDoubleArrayParam(ParamList,const char *,const double *,int)"
hiappevent/hiappevent.h,402,OH_HiAppEvent_AddDoubleParam,ParamList,"ParamList list,const char * name,double num","ParamList OH_HiAppEvent_AddDoubleParam(ParamList,const char *,double)"
hiappevent/hiappevent.h,390,OH_HiAppEvent_AddFloatArrayParam,ParamList,"ParamList list,const char * name,const float * nums,int arrSize","ParamList OH_HiAppEvent_AddFloatArrayParam(ParamList,const char *,const float *,int)"
hiappevent/hiappevent.h,377,OH_HiAppEvent_AddFloatParam,ParamList,"ParamList list,const char * name,float num","ParamList OH_HiAppEvent_AddFloatParam(ParamList,const char *,float)"
hiappevent/hiappevent.h,315,OH_HiAppEvent_AddInt16ArrayParam,ParamList,"ParamList list,const char * name,const int16_t * nums,int arrSize","ParamList OH_HiAppEvent_AddInt16ArrayParam(ParamList,const char *,const int16_t *,int)"
hiappevent/hiappevent.h,302,OH_HiAppEvent_AddInt16Param,ParamList,"ParamList list,const char * name,int16_t num","ParamList OH_HiAppEvent_AddInt16Param(ParamList,const char *,int16_t)"
hiappevent/hiappevent.h,340,OH_HiAppEvent_AddInt32ArrayParam,ParamList,"ParamList list,const char * name,const int32_t * nums,int arrSize","ParamList OH_HiAppEvent_AddInt32ArrayParam(ParamList,const char *,const int32_t *,int)"
hiappevent/hiappevent.h,327,OH_HiAppEvent_AddInt32Param,ParamList,"ParamList list,const char * name,int32_t num","ParamList OH_HiAppEvent_AddInt32Param(ParamList,const char *,int32_t)"
hiappevent/hiappevent.h,365,OH_HiAppEvent_AddInt64ArrayParam,ParamList,"ParamList list,const char * name,const int64_t * nums,int arrSize","ParamList OH_HiAppEvent_AddInt64ArrayParam(ParamList,const char *,const int64_t *,int)"
hiappevent/hiappevent.h,352,OH_HiAppEvent_AddInt64Param,ParamList,"ParamList list,const char * name,int64_t num","ParamList OH_HiAppEvent_AddInt64Param(ParamList,const char *,int64_t)"
hiappevent/hiappevent.h,290,OH_HiAppEvent_AddInt8ArrayParam,ParamList,"ParamList list,const char * name,const int8_t * nums,int arrSize","ParamList OH_HiAppEvent_AddInt8ArrayParam(ParamList,const char *,const int8_t *,int)"
hiappevent/hiappevent.h,277,OH_HiAppEvent_AddInt8Param,ParamList,"ParamList list,const char * name,int8_t num","ParamList OH_HiAppEvent_AddInt8Param(ParamList,const char *,int8_t)"
hiappevent/hiappevent.h,440,OH_HiAppEvent_AddStringArrayParam,ParamList,"ParamList list,const char * name,const char * const * strs,int arrSize","ParamList OH_HiAppEvent_AddStringArrayParam(ParamList,const char *,const char * const *,int)"
hiappevent/hiappevent.h,427,OH_HiAppEvent_AddStringParam,ParamList,"ParamList list,const char * name,const char * str","ParamList OH_HiAppEvent_AddStringParam(ParamList,const char *,const char *)"
hiappevent/hiappevent.h,609,OH_HiAppEvent_AddWatcher,int,HiAppEvent_Watcher * watcher,int OH_HiAppEvent_AddWatcher(HiAppEvent_Watcher *)
hiappevent/hiappevent.h,633,OH_HiAppEvent_ClearData,void,void,void OH_HiAppEvent_ClearData(void)
hiappevent/hiappevent.h,483,OH_HiAppEvent_Configure,bool,"const char * name,const char * value","bool OH_HiAppEvent_Configure(const char *,const char *)"
hiappevent/hiappevent.h,641,OH_HiAppEvent_CreateConfig,HiAppEvent_Config *,void,HiAppEvent_Config * OH_HiAppEvent_CreateConfig(void)
hiappevent/hiappevent.h,231,OH_HiAppEvent_CreateParamList,ParamList,void,ParamList OH_HiAppEvent_CreateParamList(void)
hiappevent/hiappevent.h,494,OH_HiAppEvent_CreateWatcher,HiAppEvent_Watcher *,const char * name,HiAppEvent_Watcher * OH_HiAppEvent_CreateWatcher(const char *)
hiappevent/hiappevent.h,649,OH_HiAppEvent_DestroyConfig,void,HiAppEvent_Config * config,void OH_HiAppEvent_DestroyConfig(HiAppEvent_Config *)
hiappevent/hiappevent.h,240,OH_HiAppEvent_DestroyParamList,void,ParamList list,void OH_HiAppEvent_DestroyParamList(ParamList)
hiappevent/hiappevent.h,504,OH_HiAppEvent_DestroyWatcher,void,HiAppEvent_Watcher * watcher,void OH_HiAppEvent_DestroyWatcher(HiAppEvent_Watcher *)
hiappevent/hiappevent.h,624,OH_HiAppEvent_RemoveWatcher,int,HiAppEvent_Watcher * watcher,int OH_HiAppEvent_RemoveWatcher(HiAppEvent_Watcher *)
hiappevent/hiappevent.h,544,OH_HiAppEvent_SetAppEventFilter,int,"HiAppEvent_Watcher * watcher,const char * domain,uint8_t eventTypes,const char * const * names,int namesLen","int OH_HiAppEvent_SetAppEventFilter(HiAppEvent_Watcher *,const char *,uint8_t,const char * const *,int)"
hiappevent/hiappevent.h,663,OH_HiAppEvent_SetConfigItem,int,"HiAppEvent_Config * config,const char * itemName,const char * itemValue","int OH_HiAppEvent_SetConfigItem(HiAppEvent_Config *,const char *,const char *)"
hiappevent/hiappevent.h,675,OH_HiAppEvent_SetEventConfig,int,"const char * name,HiAppEvent_Config * config","int OH_HiAppEvent_SetEventConfig(const char *,HiAppEvent_Config *)"
hiappevent/hiappevent.h,523,OH_HiAppEvent_SetTriggerCondition,int,"HiAppEvent_Watcher * watcher,int row,int size,int timeOut","int OH_HiAppEvent_SetTriggerCondition(HiAppEvent_Watcher *,int,int,int)"
hiappevent/hiappevent.h,578,OH_HiAppEvent_SetWatcherOnReceive,int,"HiAppEvent_Watcher * watcher,OH_HiAppEvent_OnReceive onReceive","int OH_HiAppEvent_SetWatcherOnReceive(HiAppEvent_Watcher *,OH_HiAppEvent_OnReceive)"
hiappevent/hiappevent.h,562,OH_HiAppEvent_SetWatcherOnTrigger,int,"HiAppEvent_Watcher * watcher,OH_HiAppEvent_OnTrigger onTrigger","int OH_HiAppEvent_SetWatcherOnTrigger(HiAppEvent_Watcher *,OH_HiAppEvent_OnTrigger)"
hiappevent/hiappevent.h,595,OH_HiAppEvent_TakeWatcherData,int,"HiAppEvent_Watcher * watcher,uint32_t eventNum,OH_HiAppEvent_OnTake onTake","int OH_HiAppEvent_TakeWatcherData(HiAppEvent_Watcher *,uint32_t,OH_HiAppEvent_OnTake)"
hiappevent/hiappevent.h,469,OH_HiAppEvent_Write,int,"const char * domain,const char * name,enum EventType type,const ParamList list","int OH_HiAppEvent_Write(const char *,const char *,enum EventType,const ParamList)"
hicollie/hicollie.h,139,OH_HiCollie_Init_JankDetection,HiCollie_ErrorCode,"OH_HiCollie_BeginFunc * beginFunc,OH_HiCollie_EndFunc * endFunc,HiCollie_DetectionParam param","HiCollie_ErrorCode OH_HiCollie_Init_JankDetection(OH_HiCollie_BeginFunc *,OH_HiCollie_EndFunc *,HiCollie_DetectionParam)"
hicollie/hicollie.h,124,OH_HiCollie_Init_StuckDetection,HiCollie_ErrorCode,OH_HiCollie_Task task,HiCollie_ErrorCode OH_HiCollie_Init_StuckDetection(OH_HiCollie_Task)
hicollie/hicollie.h,155,OH_HiCollie_Report,HiCollie_ErrorCode,bool * isSixSecond,HiCollie_ErrorCode OH_HiCollie_Report(bool *)
hid/hid_ddk_api.h,69,OH_Hid_CreateDevice,int32_t,"Hid_Device * hidDevice,Hid_EventProperties * hidEventProperties","int32_t OH_Hid_CreateDevice(Hid_Device *,Hid_EventProperties *)"
hid/hid_ddk_api.h,105,OH_Hid_DestroyDevice,int32_t,int32_t deviceId,int32_t OH_Hid_DestroyDevice(int32_t)
hid/hid_ddk_api.h,91,OH_Hid_EmitEvent,int32_t,"int32_t deviceId,const Hid_EmitItem items[],uint16_t length","int32_t OH_Hid_EmitEvent(int32_t,const Hid_EmitItem items[],uint16_t)"
hidebug/hidebug.h,84,OH_HiDebug_FreeThreadCpuUsage,void,HiDebug_ThreadCpuUsagePtr * threadCpuUsage,void OH_HiDebug_FreeThreadCpuUsage(HiDebug_ThreadCpuUsagePtr *)
hidebug/hidebug.h,65,OH_HiDebug_GetAppCpuUsage,double,void,double OH_HiDebug_GetAppCpuUsage(void)
hidebug/hidebug.h,111,OH_HiDebug_GetAppMemoryLimit,void,HiDebug_MemoryLimit * memoryLimit,void OH_HiDebug_GetAppMemoryLimit(HiDebug_MemoryLimit *)
hidebug/hidebug.h,102,OH_HiDebug_GetAppNativeMemInfo,void,HiDebug_NativeMemInfo * nativeMemInfo,void OH_HiDebug_GetAppNativeMemInfo(HiDebug_NativeMemInfo *)
hidebug/hidebug.h,75,OH_HiDebug_GetAppThreadCpuUsage,HiDebug_ThreadCpuUsagePtr,void,HiDebug_ThreadCpuUsagePtr OH_HiDebug_GetAppThreadCpuUsage(void)
hidebug/hidebug.h,152,OH_HiDebug_GetGraphicsMemory,HiDebug_ErrorCode,uint32_t * value,HiDebug_ErrorCode OH_HiDebug_GetGraphicsMemory(uint32_t *)
hidebug/hidebug.h,55,OH_HiDebug_GetSystemCpuUsage,double,void,double OH_HiDebug_GetSystemCpuUsage(void)
hidebug/hidebug.h,93,OH_HiDebug_GetSystemMemInfo,void,HiDebug_SystemMemInfo * systemMemInfo,void OH_HiDebug_GetSystemMemInfo(HiDebug_SystemMemInfo *)
hidebug/hidebug.h,129,OH_HiDebug_StartAppTraceCapture,HiDebug_ErrorCode,"HiDebug_TraceFlag flag,uint64_t tags,uint32_t limitSize,char * fileName,uint32_t length","HiDebug_ErrorCode OH_HiDebug_StartAppTraceCapture(HiDebug_TraceFlag,uint64_t,uint32_t,char *,uint32_t)"
hidebug/hidebug.h,140,OH_HiDebug_StopAppTraceCapture,HiDebug_ErrorCode,void,HiDebug_ErrorCode OH_HiDebug_StopAppTraceCapture(void)
hilog/log.h,163,OH_LOG_IsLoggable,bool,"unsigned int domain,const char * tag,LogLevel level","bool OH_LOG_IsLoggable(unsigned int,const char *,LogLevel)"
hilog/log.h,151,OH_LOG_Print,int,"LogType type,LogLevel level,unsigned int domain,const char * tag,const char * fmt,...","int OH_LOG_Print(LogType,LogLevel,unsigned int,const char *,const char *,...)"
hilog/log.h,276,OH_LOG_SetCallback,void,LogCallback callback,void OH_LOG_SetCallback(LogCallback)
hilog/log.h,284,OH_LOG_SetMinLogLevel,void,LogLevel level,void OH_LOG_SetMinLogLevel(LogLevel)
hitrace/trace.h,351,OH_HiTrace_BeginChain,HiTraceId,"const char * name,int flags","HiTraceId OH_HiTrace_BeginChain(const char *,int)"
hitrace/trace.h,398,OH_HiTrace_ClearId,void,void,void OH_HiTrace_ClearId(void)
hitrace/trace.h,685,OH_HiTrace_CountTrace,void,"const char * name,int64_t count","void OH_HiTrace_CountTrace(const char *,int64_t)"
hitrace/trace.h,412,OH_HiTrace_CreateSpan,HiTraceId,void,HiTraceId OH_HiTrace_CreateSpan(void)
hitrace/trace.h,493,OH_HiTrace_EnableFlag,void,"const HiTraceId * id,HiTrace_Flag flag","void OH_HiTrace_EnableFlag(const HiTraceId *,HiTrace_Flag)"
hitrace/trace.h,361,OH_HiTrace_EndChain,void,void,void OH_HiTrace_EndChain(void)
hitrace/trace.h,671,OH_HiTrace_FinishAsyncTrace,void,"const char * name,int32_t taskId","void OH_HiTrace_FinishAsyncTrace(const char *,int32_t)"
hitrace/trace.h,632,OH_HiTrace_FinishTrace,void,void,void OH_HiTrace_FinishTrace(void)
hitrace/trace.h,531,OH_HiTrace_GetChainId,uint64_t,const HiTraceId * id,uint64_t OH_HiTrace_GetChainId(const HiTraceId *)
hitrace/trace.h,506,OH_HiTrace_GetFlags,int,const HiTraceId * id,int OH_HiTrace_GetFlags(const HiTraceId *)
hitrace/trace.h,374,OH_HiTrace_GetId,HiTraceId,void,HiTraceId OH_HiTrace_GetId(void)
hitrace/trace.h,581,OH_HiTrace_GetParentSpanId,uint64_t,const HiTraceId * id,uint64_t OH_HiTrace_GetParentSpanId(const HiTraceId *)
hitrace/trace.h,556,OH_HiTrace_GetSpanId,uint64_t,const HiTraceId * id,uint64_t OH_HiTrace_GetSpanId(const HiTraceId *)
hitrace/trace.h,453,OH_HiTrace_IdFromBytes,void,"HiTraceId * id,const uint8_t * pIdArray,int len","void OH_HiTrace_IdFromBytes(HiTraceId *,const uint8_t *,int)"
hitrace/trace.h,608,OH_HiTrace_IdToBytes,int,"const HiTraceId * id,uint8_t * pIdArray,int len","int OH_HiTrace_IdToBytes(const HiTraceId *,uint8_t *,int)"
hitrace/trace.h,440,OH_HiTrace_InitId,void,HiTraceId * id,void OH_HiTrace_InitId(HiTraceId *)
hitrace/trace.h,480,OH_HiTrace_IsFlagEnabled,bool,"const HiTraceId * id,HiTrace_Flag flag","bool OH_HiTrace_IsFlagEnabled(const HiTraceId *,HiTrace_Flag)"
hitrace/trace.h,466,OH_HiTrace_IsIdValid,bool,const HiTraceId * id,bool OH_HiTrace_IsIdValid(const HiTraceId *)
hitrace/trace.h,543,OH_HiTrace_SetChainId,void,"HiTraceId * id,uint64_t chainId","void OH_HiTrace_SetChainId(HiTraceId *,uint64_t)"
hitrace/trace.h,518,OH_HiTrace_SetFlags,void,"HiTraceId * id,int flags","void OH_HiTrace_SetFlags(HiTraceId *,int)"
hitrace/trace.h,387,OH_HiTrace_SetId,void,const HiTraceId * id,void OH_HiTrace_SetId(const HiTraceId *)
hitrace/trace.h,593,OH_HiTrace_SetParentSpanId,void,"HiTraceId * id,uint64_t parentSpanId","void OH_HiTrace_SetParentSpanId(HiTraceId *,uint64_t)"
hitrace/trace.h,568,OH_HiTrace_SetSpanId,void,"HiTraceId * id,uint64_t spanId","void OH_HiTrace_SetSpanId(HiTraceId *,uint64_t)"
hitrace/trace.h,654,OH_HiTrace_StartAsyncTrace,void,"const char * name,int32_t taskId","void OH_HiTrace_StartAsyncTrace(const char *,int32_t)"
hitrace/trace.h,621,OH_HiTrace_StartTrace,void,const char * name,void OH_HiTrace_StartTrace(const char *)
hitrace/trace.h,428,OH_HiTrace_Tracepoint,void,"HiTrace_Communication_Mode mode,HiTrace_Tracepoint_Type type,const HiTraceId * id,const char * fmt,...","void OH_HiTrace_Tracepoint(HiTrace_Communication_Mode,HiTrace_Tracepoint_Type,const HiTraceId *,const char *,...)"
huks/native_huks_api.h,437,OH_Huks_AbortSession,unknown,"const struct OH_Huks_Blob * handle,const struct OH_Huks_ParamSet * paramSet","unknown OH_Huks_AbortSession(const struct OH_Huks_Blob *,const struct OH_Huks_ParamSet *)"
huks/native_huks_api.h,302,OH_Huks_AnonAttestKeyItem,unknown,"const struct OH_Huks_Blob * keyAlias,const struct OH_Huks_ParamSet * paramSet,struct OH_Huks_CertChain * certChain","unknown OH_Huks_AnonAttestKeyItem(const struct OH_Huks_Blob *,const struct OH_Huks_ParamSet *,struct OH_Huks_CertChain *)"
huks/native_huks_api.h,274,OH_Huks_AttestKeyItem,unknown,"const struct OH_Huks_Blob * keyAlias,const struct OH_Huks_ParamSet * paramSet,struct OH_Huks_CertChain * certChain","unknown OH_Huks_AttestKeyItem(const struct OH_Huks_Blob *,const struct OH_Huks_ParamSet *,struct OH_Huks_CertChain *)"
huks/native_huks_api.h,199,OH_Huks_DeleteKeyItem,unknown,"const struct OH_Huks_Blob * keyAlias,const struct OH_Huks_ParamSet * paramSet","unknown OH_Huks_DeleteKeyItem(const struct OH_Huks_Blob *,const struct OH_Huks_ParamSet *)"
huks/native_huks_api.h,176,OH_Huks_ExportPublicKeyItem,unknown,"const struct OH_Huks_Blob * keyAlias,const struct OH_Huks_ParamSet * paramSet,struct OH_Huks_Blob * key","unknown OH_Huks_ExportPublicKeyItem(const struct OH_Huks_Blob *,const struct OH_Huks_ParamSet *,struct OH_Huks_Blob *)"
huks/native_huks_api.h,410,OH_Huks_FinishSession,unknown,"const struct OH_Huks_Blob * handle,const struct OH_Huks_ParamSet * paramSet,const struct OH_Huks_Blob * inData,struct OH_Huks_Blob * outData","unknown OH_Huks_FinishSession(const struct OH_Huks_Blob *,const struct OH_Huks_ParamSet *,const struct OH_Huks_Blob *,struct OH_Huks_Blob *)"
huks/native_huks_api.h,93,OH_Huks_GenerateKeyItem,unknown,"const struct OH_Huks_Blob * keyAlias,const struct OH_Huks_ParamSet * paramSetIn,struct OH_Huks_ParamSet * paramSetOut","unknown OH_Huks_GenerateKeyItem(const struct OH_Huks_Blob *,const struct OH_Huks_ParamSet *,struct OH_Huks_ParamSet *)"
huks/native_huks_api.h,224,OH_Huks_GetKeyItemParamSet,unknown,"const struct OH_Huks_Blob * keyAlias,const struct OH_Huks_ParamSet * paramSetIn,struct OH_Huks_ParamSet * paramSetOut","unknown OH_Huks_GetKeyItemParamSet(const struct OH_Huks_Blob *,const struct OH_Huks_ParamSet *,struct OH_Huks_ParamSet *)"
huks/native_huks_api.h,62,OH_Huks_GetSdkVersion,unknown,struct OH_Huks_Blob * sdkVersion,unknown OH_Huks_GetSdkVersion(struct OH_Huks_Blob *)
huks/native_huks_api.h,120,OH_Huks_ImportKeyItem,unknown,"const struct OH_Huks_Blob * keyAlias,const struct OH_Huks_ParamSet * paramSet,const struct OH_Huks_Blob * key","unknown OH_Huks_ImportKeyItem(const struct OH_Huks_Blob *,const struct OH_Huks_ParamSet *,const struct OH_Huks_Blob *)"
huks/native_huks_api.h,151,OH_Huks_ImportWrappedKeyItem,unknown,"const struct OH_Huks_Blob * keyAlias,const struct OH_Huks_Blob * wrappingKeyAlias,const struct OH_Huks_ParamSet * paramSet,const struct OH_Huks_Blob * wrappedKeyData","unknown OH_Huks_ImportWrappedKeyItem(const struct OH_Huks_Blob *,const struct OH_Huks_Blob *,const struct OH_Huks_ParamSet *,const struct OH_Huks_Blob *)"
huks/native_huks_api.h,334,OH_Huks_InitSession,unknown,"const struct OH_Huks_Blob * keyAlias,const struct OH_Huks_ParamSet * paramSet,struct OH_Huks_Blob * handle,struct OH_Huks_Blob * token","unknown OH_Huks_InitSession(const struct OH_Huks_Blob *,const struct OH_Huks_ParamSet *,struct OH_Huks_Blob *,struct OH_Huks_Blob *)"
huks/native_huks_api.h,246,OH_Huks_IsKeyItemExist,unknown,"const struct OH_Huks_Blob * keyAlias,const struct OH_Huks_ParamSet * paramSet","unknown OH_Huks_IsKeyItemExist(const struct OH_Huks_Blob *,const struct OH_Huks_ParamSet *)"
huks/native_huks_api.h,373,OH_Huks_UpdateSession,unknown,"const struct OH_Huks_Blob * handle,const struct OH_Huks_ParamSet * paramSet,const struct OH_Huks_Blob * inData,struct OH_Huks_Blob * outData","unknown OH_Huks_UpdateSession(const struct OH_Huks_Blob *,const struct OH_Huks_ParamSet *,const struct OH_Huks_Blob *,struct OH_Huks_Blob *)"
huks/native_huks_param.h,77,OH_Huks_AddParams,unknown,"struct OH_Huks_ParamSet * paramSet,const struct OH_Huks_Param * params,uint32_t paramCnt","unknown OH_Huks_AddParams(struct OH_Huks_ParamSet *,const struct OH_Huks_Param *,uint32_t)"
huks/native_huks_param.h,90,OH_Huks_BuildParamSet,unknown,struct OH_Huks_ParamSet ** paramSet,unknown OH_Huks_BuildParamSet(struct OH_Huks_ParamSet **)
huks/native_huks_param.h,182,OH_Huks_CheckParamMatch,unknown,"const struct OH_Huks_Param * baseParam,const struct OH_Huks_Param * param","unknown OH_Huks_CheckParamMatch(const struct OH_Huks_Param *,const struct OH_Huks_Param *)"
huks/native_huks_param.h,114,OH_Huks_CopyParamSet,unknown,"const struct OH_Huks_ParamSet * fromParamSet,uint32_t fromParamSetSize,struct OH_Huks_ParamSet ** paramSet","unknown OH_Huks_CopyParamSet(const struct OH_Huks_ParamSet *,uint32_t,struct OH_Huks_ParamSet **)"
huks/native_huks_param.h,99,OH_Huks_FreeParamSet,void,struct OH_Huks_ParamSet ** paramSet,void OH_Huks_FreeParamSet(struct OH_Huks_ParamSet **)
huks/native_huks_param.h,145,OH_Huks_FreshParamSet,unknown,"struct OH_Huks_ParamSet * paramSet,bool isCopy","unknown OH_Huks_FreshParamSet(struct OH_Huks_ParamSet *,bool)"
huks/native_huks_param.h,129,OH_Huks_GetParam,unknown,"const struct OH_Huks_ParamSet * paramSet,uint32_t tag,struct OH_Huks_Param ** param","unknown OH_Huks_GetParam(const struct OH_Huks_ParamSet *,uint32_t,struct OH_Huks_Param **)"
huks/native_huks_param.h,64,OH_Huks_InitParamSet,unknown,struct OH_Huks_ParamSet ** paramSet,unknown OH_Huks_InitParamSet(struct OH_Huks_ParamSet **)
huks/native_huks_param.h,157,OH_Huks_IsParamSetTagValid,unknown,const struct OH_Huks_ParamSet * paramSet,unknown OH_Huks_IsParamSetTagValid(const struct OH_Huks_ParamSet *)
huks/native_huks_param.h,169,OH_Huks_IsParamSetValid,unknown,"const struct OH_Huks_ParamSet * paramSet,uint32_t size","unknown OH_Huks_IsParamSetValid(const struct OH_Huks_ParamSet *,uint32_t)"
inputmethod/inputmethod_attach_options_capi.h,58,OH_AttachOptions_Create,InputMethod_AttachOptions *,bool showKeyboard,InputMethod_AttachOptions * OH_AttachOptions_Create(bool)
inputmethod/inputmethod_attach_options_capi.h,68,OH_AttachOptions_CreateWithRequestKeyboardReason,InputMethod_AttachOptions *,"bool showKeyboard,InputMethod_RequestKeyboardReason requestKeyboardReason","InputMethod_AttachOptions * OH_AttachOptions_CreateWithRequestKeyboardReason(bool,InputMethod_RequestKeyboardReason)"
inputmethod/inputmethod_attach_options_capi.h,76,OH_AttachOptions_Destroy,void,InputMethod_AttachOptions * options,void OH_AttachOptions_Destroy(InputMethod_AttachOptions *)
inputmethod/inputmethod_attach_options_capi.h,103,OH_AttachOptions_GetRequestKeyboardReason,InputMethod_ErrorCode,"InputMethod_AttachOptions * options,int * requestKeyboardReason","InputMethod_ErrorCode OH_AttachOptions_GetRequestKeyboardReason(InputMethod_AttachOptions *,int *)"
inputmethod/inputmethod_attach_options_capi.h,90,OH_AttachOptions_IsShowKeyboard,InputMethod_ErrorCode,"InputMethod_AttachOptions * options,bool * showKeyboard","InputMethod_ErrorCode OH_AttachOptions_IsShowKeyboard(InputMethod_AttachOptions *,bool *)"
inputmethod/inputmethod_controller_capi.h,65,OH_InputMethodController_Attach,InputMethod_ErrorCode,"InputMethod_TextEditorProxy * textEditorProxy,InputMethod_AttachOptions * options,InputMethod_InputMethodProxy ** inputMethodProxy","InputMethod_ErrorCode OH_InputMethodController_Attach(InputMethod_TextEditorProxy *,InputMethod_AttachOptions *,InputMethod_InputMethodProxy **)"
inputmethod/inputmethod_controller_capi.h,81,OH_InputMethodController_Detach,InputMethod_ErrorCode,InputMethod_InputMethodProxy * inputMethodProxy,InputMethod_ErrorCode OH_InputMethodController_Detach(InputMethod_InputMethodProxy *)
inputmethod/inputmethod_cursor_info_capi.h,61,OH_CursorInfo_Create,InputMethod_CursorInfo *,"double left,double top,double width,double height","InputMethod_CursorInfo * OH_CursorInfo_Create(double,double,double,double)"
inputmethod/inputmethod_cursor_info_capi.h,69,OH_CursorInfo_Destroy,void,InputMethod_CursorInfo * cursorInfo,void OH_CursorInfo_Destroy(InputMethod_CursorInfo *)
inputmethod/inputmethod_cursor_info_capi.h,102,OH_CursorInfo_GetRect,InputMethod_ErrorCode,"InputMethod_CursorInfo * cursorInfo,double * left,double * top,double * width,double * height","InputMethod_ErrorCode OH_CursorInfo_GetRect(InputMethod_CursorInfo *,double *,double *,double *,double *)"
inputmethod/inputmethod_cursor_info_capi.h,85,OH_CursorInfo_SetRect,InputMethod_ErrorCode,"InputMethod_CursorInfo * cursorInfo,double left,double top,double width,double height","InputMethod_ErrorCode OH_CursorInfo_SetRect(InputMethod_CursorInfo *,double,double,double,double)"
inputmethod/inputmethod_inputmethod_proxy_capi.h,103,OH_InputMethodProxy_HideKeyboard,InputMethod_ErrorCode,InputMethod_InputMethodProxy * inputMethodProxy,InputMethod_ErrorCode OH_InputMethodProxy_HideKeyboard(InputMethod_InputMethodProxy *)
inputmethod/inputmethod_inputmethod_proxy_capi.h,146,OH_InputMethodProxy_NotifyConfigurationChange,InputMethod_ErrorCode,"InputMethod_InputMethodProxy * inputMethodProxy,InputMethod_EnterKeyType enterKey,InputMethod_TextInputType textType","InputMethod_ErrorCode OH_InputMethodProxy_NotifyConfigurationChange(InputMethod_InputMethodProxy *,InputMethod_EnterKeyType,InputMethod_TextInputType)"
inputmethod/inputmethod_inputmethod_proxy_capi.h,166,OH_InputMethodProxy_NotifyCursorUpdate,InputMethod_ErrorCode,"InputMethod_InputMethodProxy * inputMethodProxy,InputMethod_CursorInfo * cursorInfo","InputMethod_ErrorCode OH_InputMethodProxy_NotifyCursorUpdate(InputMethod_InputMethodProxy *,InputMethod_CursorInfo *)"
inputmethod/inputmethod_inputmethod_proxy_capi.h,126,OH_InputMethodProxy_NotifySelectionChange,InputMethod_ErrorCode,"InputMethod_InputMethodProxy * inputMethodProxy,char16_t text[],size_t length,int start,int end","InputMethod_ErrorCode OH_InputMethodProxy_NotifySelectionChange(InputMethod_InputMethodProxy *,char16_t text[],size_t,int,int)"
inputmethod/inputmethod_inputmethod_proxy_capi.h,186,OH_InputMethodProxy_SendPrivateCommand,InputMethod_ErrorCode,"InputMethod_InputMethodProxy * inputMethodProxy,InputMethod_PrivateCommand * privateCommand[],size_t size","InputMethod_ErrorCode OH_InputMethodProxy_SendPrivateCommand(InputMethod_InputMethodProxy *,InputMethod_PrivateCommand * privateCommand[],size_t)"
inputmethod/inputmethod_inputmethod_proxy_capi.h,69,OH_InputMethodProxy_ShowKeyboard,InputMethod_ErrorCode,InputMethod_InputMethodProxy * inputMethodProxy,InputMethod_ErrorCode OH_InputMethodProxy_ShowKeyboard(InputMethod_InputMethodProxy *)
inputmethod/inputmethod_inputmethod_proxy_capi.h,87,OH_InputMethodProxy_ShowTextInput,InputMethod_ErrorCode,"InputMethod_InputMethodProxy * inputMethodProxy,InputMethod_AttachOptions * options","InputMethod_ErrorCode OH_InputMethodProxy_ShowTextInput(InputMethod_InputMethodProxy *,InputMethod_AttachOptions *)"
inputmethod/inputmethod_private_command_capi.h,62,OH_PrivateCommand_Create,InputMethod_PrivateCommand *,"char key[],size_t keyLength","InputMethod_PrivateCommand * OH_PrivateCommand_Create(char key[],size_t)"
inputmethod/inputmethod_private_command_capi.h,69,OH_PrivateCommand_Destroy,void,InputMethod_PrivateCommand * command,void OH_PrivateCommand_Destroy(InputMethod_PrivateCommand *)
inputmethod/inputmethod_private_command_capi.h,162,OH_PrivateCommand_GetBoolValue,InputMethod_ErrorCode,"InputMethod_PrivateCommand * command,bool * value","InputMethod_ErrorCode OH_PrivateCommand_GetBoolValue(InputMethod_PrivateCommand *,bool *)"
inputmethod/inputmethod_private_command_capi.h,175,OH_PrivateCommand_GetIntValue,InputMethod_ErrorCode,"InputMethod_PrivateCommand * command,int32_t * value","InputMethod_ErrorCode OH_PrivateCommand_GetIntValue(InputMethod_PrivateCommand *,int32_t *)"
inputmethod/inputmethod_private_command_capi.h,134,OH_PrivateCommand_GetKey,InputMethod_ErrorCode,"InputMethod_PrivateCommand * command,const char ** key,size_t * keyLength","InputMethod_ErrorCode OH_PrivateCommand_GetKey(InputMethod_PrivateCommand *,const char **,size_t *)"
inputmethod/inputmethod_private_command_capi.h,189,OH_PrivateCommand_GetStrValue,InputMethod_ErrorCode,"InputMethod_PrivateCommand * command,const char ** value,size_t * valueLength","InputMethod_ErrorCode OH_PrivateCommand_GetStrValue(InputMethod_PrivateCommand *,const char **,size_t *)"
inputmethod/inputmethod_private_command_capi.h,148,OH_PrivateCommand_GetValueType,InputMethod_ErrorCode,"InputMethod_PrivateCommand * command,InputMethod_CommandValueType * type","InputMethod_ErrorCode OH_PrivateCommand_GetValueType(InputMethod_PrivateCommand *,InputMethod_CommandValueType *)"
inputmethod/inputmethod_private_command_capi.h,94,OH_PrivateCommand_SetBoolValue,InputMethod_ErrorCode,"InputMethod_PrivateCommand * command,bool value","InputMethod_ErrorCode OH_PrivateCommand_SetBoolValue(InputMethod_PrivateCommand *,bool)"
inputmethod/inputmethod_private_command_capi.h,106,OH_PrivateCommand_SetIntValue,InputMethod_ErrorCode,"InputMethod_PrivateCommand * command,int32_t value","InputMethod_ErrorCode OH_PrivateCommand_SetIntValue(InputMethod_PrivateCommand *,int32_t)"
inputmethod/inputmethod_private_command_capi.h,82,OH_PrivateCommand_SetKey,InputMethod_ErrorCode,"InputMethod_PrivateCommand * command,char key[],size_t keyLength","InputMethod_ErrorCode OH_PrivateCommand_SetKey(InputMethod_PrivateCommand *,char key[],size_t)"
inputmethod/inputmethod_private_command_capi.h,119,OH_PrivateCommand_SetStrValue,InputMethod_ErrorCode,"InputMethod_PrivateCommand * command,char value[],size_t valueLength","InputMethod_ErrorCode OH_PrivateCommand_SetStrValue(InputMethod_PrivateCommand *,char value[],size_t)"
inputmethod/inputmethod_text_avoid_info_capi.h,60,OH_TextAvoidInfo_Create,InputMethod_TextAvoidInfo *,"double positionY,double height","InputMethod_TextAvoidInfo * OH_TextAvoidInfo_Create(double,double)"
inputmethod/inputmethod_text_avoid_info_capi.h,67,OH_TextAvoidInfo_Destroy,void,InputMethod_TextAvoidInfo * info,void OH_TextAvoidInfo_Destroy(InputMethod_TextAvoidInfo *)
inputmethod/inputmethod_text_avoid_info_capi.h,115,OH_TextAvoidInfo_GetHeight,InputMethod_ErrorCode,"InputMethod_TextAvoidInfo * info,double * height","InputMethod_ErrorCode OH_TextAvoidInfo_GetHeight(InputMethod_TextAvoidInfo *,double *)"
inputmethod/inputmethod_text_avoid_info_capi.h,103,OH_TextAvoidInfo_GetPositionY,InputMethod_ErrorCode,"InputMethod_TextAvoidInfo * info,double * positionY","InputMethod_ErrorCode OH_TextAvoidInfo_GetPositionY(InputMethod_TextAvoidInfo *,double *)"
inputmethod/inputmethod_text_avoid_info_capi.h,91,OH_TextAvoidInfo_SetHeight,InputMethod_ErrorCode,"InputMethod_TextAvoidInfo * info,double height","InputMethod_ErrorCode OH_TextAvoidInfo_SetHeight(InputMethod_TextAvoidInfo *,double)"
inputmethod/inputmethod_text_avoid_info_capi.h,79,OH_TextAvoidInfo_SetPositionY,InputMethod_ErrorCode,"InputMethod_TextAvoidInfo * info,double positionY","InputMethod_ErrorCode OH_TextAvoidInfo_SetPositionY(InputMethod_TextAvoidInfo *,double)"
inputmethod/inputmethod_text_config_capi.h,62,OH_TextConfig_Create,InputMethod_TextConfig *,void,InputMethod_TextConfig * OH_TextConfig_Create(void)
inputmethod/inputmethod_text_config_capi.h,69,OH_TextConfig_Destroy,void,InputMethod_TextConfig * config,void OH_TextConfig_Destroy(InputMethod_TextConfig *)
inputmethod/inputmethod_text_config_capi.h,184,OH_TextConfig_GetCursorInfo,InputMethod_ErrorCode,"InputMethod_TextConfig * config,InputMethod_CursorInfo ** cursorInfo","InputMethod_ErrorCode OH_TextConfig_GetCursorInfo(InputMethod_TextConfig *,InputMethod_CursorInfo **)"
inputmethod/inputmethod_text_config_capi.h,159,OH_TextConfig_GetEnterKeyType,InputMethod_ErrorCode,"InputMethod_TextConfig * config,InputMethod_EnterKeyType * enterKeyType","InputMethod_ErrorCode OH_TextConfig_GetEnterKeyType(InputMethod_TextConfig *,InputMethod_EnterKeyType *)"
inputmethod/inputmethod_text_config_capi.h,146,OH_TextConfig_GetInputType,InputMethod_ErrorCode,"InputMethod_TextConfig * config,InputMethod_TextInputType * inputType","InputMethod_ErrorCode OH_TextConfig_GetInputType(InputMethod_TextConfig *,InputMethod_TextInputType *)"
inputmethod/inputmethod_text_config_capi.h,212,OH_TextConfig_GetSelection,InputMethod_ErrorCode,"InputMethod_TextConfig * config,int32_t * start,int32_t * end","InputMethod_ErrorCode OH_TextConfig_GetSelection(InputMethod_TextConfig *,int32_t *,int32_t *)"
inputmethod/inputmethod_text_config_capi.h,197,OH_TextConfig_GetTextAvoidInfo,InputMethod_ErrorCode,"InputMethod_TextConfig * config,InputMethod_TextAvoidInfo ** avoidInfo","InputMethod_ErrorCode OH_TextConfig_GetTextAvoidInfo(InputMethod_TextConfig *,InputMethod_TextAvoidInfo **)"
inputmethod/inputmethod_text_config_capi.h,224,OH_TextConfig_GetWindowId,InputMethod_ErrorCode,"InputMethod_TextConfig * config,int32_t * windowId","InputMethod_ErrorCode OH_TextConfig_GetWindowId(InputMethod_TextConfig *,int32_t *)"
inputmethod/inputmethod_text_config_capi.h,172,OH_TextConfig_IsPreviewTextSupported,InputMethod_ErrorCode,"InputMethod_TextConfig * config,bool * supported","InputMethod_ErrorCode OH_TextConfig_IsPreviewTextSupported(InputMethod_TextConfig *,bool *)"
inputmethod/inputmethod_text_config_capi.h,94,OH_TextConfig_SetEnterKeyType,InputMethod_ErrorCode,"InputMethod_TextConfig * config,InputMethod_EnterKeyType enterKeyType","InputMethod_ErrorCode OH_TextConfig_SetEnterKeyType(InputMethod_TextConfig *,InputMethod_EnterKeyType)"
inputmethod/inputmethod_text_config_capi.h,82,OH_TextConfig_SetInputType,InputMethod_ErrorCode,"InputMethod_TextConfig * config,InputMethod_TextInputType inputType","InputMethod_ErrorCode OH_TextConfig_SetInputType(InputMethod_TextConfig *,InputMethod_TextInputType)"
inputmethod/inputmethod_text_config_capi.h,107,OH_TextConfig_SetPreviewTextSupport,InputMethod_ErrorCode,"InputMethod_TextConfig * config,bool supported","InputMethod_ErrorCode OH_TextConfig_SetPreviewTextSupport(InputMethod_TextConfig *,bool)"
inputmethod/inputmethod_text_config_capi.h,120,OH_TextConfig_SetSelection,InputMethod_ErrorCode,"InputMethod_TextConfig * config,int32_t start,int32_t end","InputMethod_ErrorCode OH_TextConfig_SetSelection(InputMethod_TextConfig *,int32_t,int32_t)"
inputmethod/inputmethod_text_config_capi.h,132,OH_TextConfig_SetWindowId,InputMethod_ErrorCode,"InputMethod_TextConfig * config,int32_t windowId","InputMethod_ErrorCode OH_TextConfig_SetWindowId(InputMethod_TextConfig *,int32_t)"
inputmethod/inputmethod_text_editor_proxy_capi.h,268,OH_TextEditorProxy_Create,InputMethod_TextEditorProxy *,void,InputMethod_TextEditorProxy * OH_TextEditorProxy_Create(void)
inputmethod/inputmethod_text_editor_proxy_capi.h,275,OH_TextEditorProxy_Destroy,void,InputMethod_TextEditorProxy * proxy,void OH_TextEditorProxy_Destroy(InputMethod_TextEditorProxy *)
inputmethod/inputmethod_text_editor_proxy_capi.h,534,OH_TextEditorProxy_GetDeleteBackwardFunc,InputMethod_ErrorCode,"InputMethod_TextEditorProxy * proxy,OH_TextEditorProxy_DeleteBackwardFunc * deleteBackwardFunc","InputMethod_ErrorCode OH_TextEditorProxy_GetDeleteBackwardFunc(InputMethod_TextEditorProxy *,OH_TextEditorProxy_DeleteBackwardFunc *)"
inputmethod/inputmethod_text_editor_proxy_capi.h,520,OH_TextEditorProxy_GetDeleteForwardFunc,InputMethod_ErrorCode,"InputMethod_TextEditorProxy * proxy,OH_TextEditorProxy_DeleteForwardFunc * deleteForwardFunc","InputMethod_ErrorCode OH_TextEditorProxy_GetDeleteForwardFunc(InputMethod_TextEditorProxy *,OH_TextEditorProxy_DeleteForwardFunc *)"
inputmethod/inputmethod_text_editor_proxy_capi.h,696,OH_TextEditorProxy_GetFinishTextPreviewFunc,InputMethod_ErrorCode,"InputMethod_TextEditorProxy * proxy,OH_TextEditorProxy_FinishTextPreviewFunc * finishTextPreviewFunc","InputMethod_ErrorCode OH_TextEditorProxy_GetFinishTextPreviewFunc(InputMethod_TextEditorProxy *,OH_TextEditorProxy_FinishTextPreviewFunc *)"
inputmethod/inputmethod_text_editor_proxy_capi.h,622,OH_TextEditorProxy_GetGetLeftTextOfCursorFunc,InputMethod_ErrorCode,"InputMethod_TextEditorProxy * proxy,OH_TextEditorProxy_GetLeftTextOfCursorFunc * getLeftTextOfCursorFunc","InputMethod_ErrorCode OH_TextEditorProxy_GetGetLeftTextOfCursorFunc(InputMethod_TextEditorProxy *,OH_TextEditorProxy_GetLeftTextOfCursorFunc *)"
inputmethod/inputmethod_text_editor_proxy_capi.h,637,OH_TextEditorProxy_GetGetRightTextOfCursorFunc,InputMethod_ErrorCode,"InputMethod_TextEditorProxy * proxy,OH_TextEditorProxy_GetRightTextOfCursorFunc * getRightTextOfCursorFunc","InputMethod_ErrorCode OH_TextEditorProxy_GetGetRightTextOfCursorFunc(InputMethod_TextEditorProxy *,OH_TextEditorProxy_GetRightTextOfCursorFunc *)"
inputmethod/inputmethod_text_editor_proxy_capi.h,492,OH_TextEditorProxy_GetGetTextConfigFunc,InputMethod_ErrorCode,"InputMethod_TextEditorProxy * proxy,OH_TextEditorProxy_GetTextConfigFunc * getTextConfigFunc","InputMethod_ErrorCode OH_TextEditorProxy_GetGetTextConfigFunc(InputMethod_TextEditorProxy *,OH_TextEditorProxy_GetTextConfigFunc *)"
inputmethod/inputmethod_text_editor_proxy_capi.h,652,OH_TextEditorProxy_GetGetTextIndexAtCursorFunc,InputMethod_ErrorCode,"InputMethod_TextEditorProxy * proxy,OH_TextEditorProxy_GetTextIndexAtCursorFunc * getTextIndexAtCursorFunc","InputMethod_ErrorCode OH_TextEditorProxy_GetGetTextIndexAtCursorFunc(InputMethod_TextEditorProxy *,OH_TextEditorProxy_GetTextIndexAtCursorFunc *)"
inputmethod/inputmethod_text_editor_proxy_capi.h,607,OH_TextEditorProxy_GetHandleExtendActionFunc,InputMethod_ErrorCode,"InputMethod_TextEditorProxy * proxy,OH_TextEditorProxy_HandleExtendActionFunc * handleExtendActionFunc","InputMethod_ErrorCode OH_TextEditorProxy_GetHandleExtendActionFunc(InputMethod_TextEditorProxy *,OH_TextEditorProxy_HandleExtendActionFunc *)"
inputmethod/inputmethod_text_editor_proxy_capi.h,592,OH_TextEditorProxy_GetHandleSetSelectionFunc,InputMethod_ErrorCode,"InputMethod_TextEditorProxy * proxy,OH_TextEditorProxy_HandleSetSelectionFunc * handleSetSelectionFunc","InputMethod_ErrorCode OH_TextEditorProxy_GetHandleSetSelectionFunc(InputMethod_TextEditorProxy *,OH_TextEditorProxy_HandleSetSelectionFunc *)"
inputmethod/inputmethod_text_editor_proxy_capi.h,506,OH_TextEditorProxy_GetInsertTextFunc,InputMethod_ErrorCode,"InputMethod_TextEditorProxy * proxy,OH_TextEditorProxy_InsertTextFunc * insertTextFunc","InputMethod_ErrorCode OH_TextEditorProxy_GetInsertTextFunc(InputMethod_TextEditorProxy *,OH_TextEditorProxy_InsertTextFunc *)"
inputmethod/inputmethod_text_editor_proxy_capi.h,577,OH_TextEditorProxy_GetMoveCursorFunc,InputMethod_ErrorCode,"InputMethod_TextEditorProxy * proxy,OH_TextEditorProxy_MoveCursorFunc * moveCursorFunc","InputMethod_ErrorCode OH_TextEditorProxy_GetMoveCursorFunc(InputMethod_TextEditorProxy *,OH_TextEditorProxy_MoveCursorFunc *)"
inputmethod/inputmethod_text_editor_proxy_capi.h,667,OH_TextEditorProxy_GetReceivePrivateCommandFunc,InputMethod_ErrorCode,"InputMethod_TextEditorProxy * proxy,OH_TextEditorProxy_ReceivePrivateCommandFunc * receivePrivateCommandFunc","InputMethod_ErrorCode OH_TextEditorProxy_GetReceivePrivateCommandFunc(InputMethod_TextEditorProxy *,OH_TextEditorProxy_ReceivePrivateCommandFunc *)"
inputmethod/inputmethod_text_editor_proxy_capi.h,563,OH_TextEditorProxy_GetSendEnterKeyFunc,InputMethod_ErrorCode,"InputMethod_TextEditorProxy * proxy,OH_TextEditorProxy_SendEnterKeyFunc * sendEnterKeyFunc","InputMethod_ErrorCode OH_TextEditorProxy_GetSendEnterKeyFunc(InputMethod_TextEditorProxy *,OH_TextEditorProxy_SendEnterKeyFunc *)"
inputmethod/inputmethod_text_editor_proxy_capi.h,549,OH_TextEditorProxy_GetSendKeyboardStatusFunc,InputMethod_ErrorCode,"InputMethod_TextEditorProxy * proxy,OH_TextEditorProxy_SendKeyboardStatusFunc * sendKeyboardStatusFunc","InputMethod_ErrorCode OH_TextEditorProxy_GetSendKeyboardStatusFunc(InputMethod_TextEditorProxy *,OH_TextEditorProxy_SendKeyboardStatusFunc *)"
inputmethod/inputmethod_text_editor_proxy_capi.h,681,OH_TextEditorProxy_GetSetPreviewTextFunc,InputMethod_ErrorCode,"InputMethod_TextEditorProxy * proxy,OH_TextEditorProxy_SetPreviewTextFunc * setPreviewTextFunc","InputMethod_ErrorCode OH_TextEditorProxy_GetSetPreviewTextFunc(InputMethod_TextEditorProxy *,OH_TextEditorProxy_SetPreviewTextFunc *)"
inputmethod/inputmethod_text_editor_proxy_capi.h,326,OH_TextEditorProxy_SetDeleteBackwardFunc,InputMethod_ErrorCode,"InputMethod_TextEditorProxy * proxy,OH_TextEditorProxy_DeleteBackwardFunc deleteBackwardFunc","InputMethod_ErrorCode OH_TextEditorProxy_SetDeleteBackwardFunc(InputMethod_TextEditorProxy *,OH_TextEditorProxy_DeleteBackwardFunc)"
inputmethod/inputmethod_text_editor_proxy_capi.h,313,OH_TextEditorProxy_SetDeleteForwardFunc,InputMethod_ErrorCode,"InputMethod_TextEditorProxy * proxy,OH_TextEditorProxy_DeleteForwardFunc deleteForwardFunc","InputMethod_ErrorCode OH_TextEditorProxy_SetDeleteForwardFunc(InputMethod_TextEditorProxy *,OH_TextEditorProxy_DeleteForwardFunc)"
inputmethod/inputmethod_text_editor_proxy_capi.h,477,OH_TextEditorProxy_SetFinishTextPreviewFunc,InputMethod_ErrorCode,"InputMethod_TextEditorProxy * proxy,OH_TextEditorProxy_FinishTextPreviewFunc finishTextPreviewFunc","InputMethod_ErrorCode OH_TextEditorProxy_SetFinishTextPreviewFunc(InputMethod_TextEditorProxy *,OH_TextEditorProxy_FinishTextPreviewFunc)"
inputmethod/inputmethod_text_editor_proxy_capi.h,408,OH_TextEditorProxy_SetGetLeftTextOfCursorFunc,InputMethod_ErrorCode,"InputMethod_TextEditorProxy * proxy,OH_TextEditorProxy_GetLeftTextOfCursorFunc getLeftTextOfCursorFunc","InputMethod_ErrorCode OH_TextEditorProxy_SetGetLeftTextOfCursorFunc(InputMethod_TextEditorProxy *,OH_TextEditorProxy_GetLeftTextOfCursorFunc)"
inputmethod/inputmethod_text_editor_proxy_capi.h,422,OH_TextEditorProxy_SetGetRightTextOfCursorFunc,InputMethod_ErrorCode,"InputMethod_TextEditorProxy * proxy,OH_TextEditorProxy_GetRightTextOfCursorFunc getRightTextOfCursorFunc","InputMethod_ErrorCode OH_TextEditorProxy_SetGetRightTextOfCursorFunc(InputMethod_TextEditorProxy *,OH_TextEditorProxy_GetRightTextOfCursorFunc)"
inputmethod/inputmethod_text_editor_proxy_capi.h,287,OH_TextEditorProxy_SetGetTextConfigFunc,InputMethod_ErrorCode,"InputMethod_TextEditorProxy * proxy,OH_TextEditorProxy_GetTextConfigFunc getTextConfigFunc","InputMethod_ErrorCode OH_TextEditorProxy_SetGetTextConfigFunc(InputMethod_TextEditorProxy *,OH_TextEditorProxy_GetTextConfigFunc)"
inputmethod/inputmethod_text_editor_proxy_capi.h,436,OH_TextEditorProxy_SetGetTextIndexAtCursorFunc,InputMethod_ErrorCode,"InputMethod_TextEditorProxy * proxy,OH_TextEditorProxy_GetTextIndexAtCursorFunc getTextIndexAtCursorFunc","InputMethod_ErrorCode OH_TextEditorProxy_SetGetTextIndexAtCursorFunc(InputMethod_TextEditorProxy *,OH_TextEditorProxy_GetTextIndexAtCursorFunc)"
inputmethod/inputmethod_text_editor_proxy_capi.h,394,OH_TextEditorProxy_SetHandleExtendActionFunc,InputMethod_ErrorCode,"InputMethod_TextEditorProxy * proxy,OH_TextEditorProxy_HandleExtendActionFunc handleExtendActionFunc","InputMethod_ErrorCode OH_TextEditorProxy_SetHandleExtendActionFunc(InputMethod_TextEditorProxy *,OH_TextEditorProxy_HandleExtendActionFunc)"
inputmethod/inputmethod_text_editor_proxy_capi.h,380,OH_TextEditorProxy_SetHandleSetSelectionFunc,InputMethod_ErrorCode,"InputMethod_TextEditorProxy * proxy,OH_TextEditorProxy_HandleSetSelectionFunc handleSetSelectionFunc","InputMethod_ErrorCode OH_TextEditorProxy_SetHandleSetSelectionFunc(InputMethod_TextEditorProxy *,OH_TextEditorProxy_HandleSetSelectionFunc)"
inputmethod/inputmethod_text_editor_proxy_capi.h,300,OH_TextEditorProxy_SetInsertTextFunc,InputMethod_ErrorCode,"InputMethod_TextEditorProxy * proxy,OH_TextEditorProxy_InsertTextFunc insertTextFunc","InputMethod_ErrorCode OH_TextEditorProxy_SetInsertTextFunc(InputMethod_TextEditorProxy *,OH_TextEditorProxy_InsertTextFunc)"
inputmethod/inputmethod_text_editor_proxy_capi.h,366,OH_TextEditorProxy_SetMoveCursorFunc,InputMethod_ErrorCode,"InputMethod_TextEditorProxy * proxy,OH_TextEditorProxy_MoveCursorFunc moveCursorFunc","InputMethod_ErrorCode OH_TextEditorProxy_SetMoveCursorFunc(InputMethod_TextEditorProxy *,OH_TextEditorProxy_MoveCursorFunc)"
inputmethod/inputmethod_text_editor_proxy_capi.h,450,OH_TextEditorProxy_SetReceivePrivateCommandFunc,InputMethod_ErrorCode,"InputMethod_TextEditorProxy * proxy,OH_TextEditorProxy_ReceivePrivateCommandFunc receivePrivateCommandFunc","InputMethod_ErrorCode OH_TextEditorProxy_SetReceivePrivateCommandFunc(InputMethod_TextEditorProxy *,OH_TextEditorProxy_ReceivePrivateCommandFunc)"
inputmethod/inputmethod_text_editor_proxy_capi.h,353,OH_TextEditorProxy_SetSendEnterKeyFunc,InputMethod_ErrorCode,"InputMethod_TextEditorProxy * proxy,OH_TextEditorProxy_SendEnterKeyFunc sendEnterKeyFunc","InputMethod_ErrorCode OH_TextEditorProxy_SetSendEnterKeyFunc(InputMethod_TextEditorProxy *,OH_TextEditorProxy_SendEnterKeyFunc)"
inputmethod/inputmethod_text_editor_proxy_capi.h,340,OH_TextEditorProxy_SetSendKeyboardStatusFunc,InputMethod_ErrorCode,"InputMethod_TextEditorProxy * proxy,OH_TextEditorProxy_SendKeyboardStatusFunc sendKeyboardStatusFunc","InputMethod_ErrorCode OH_TextEditorProxy_SetSendKeyboardStatusFunc(InputMethod_TextEditorProxy *,OH_TextEditorProxy_SendKeyboardStatusFunc)"
inputmethod/inputmethod_text_editor_proxy_capi.h,463,OH_TextEditorProxy_SetSetPreviewTextFunc,InputMethod_ErrorCode,"InputMethod_TextEditorProxy * proxy,OH_TextEditorProxy_SetPreviewTextFunc setPreviewTextFunc","InputMethod_ErrorCode OH_TextEditorProxy_SetSetPreviewTextFunc(InputMethod_TextEditorProxy *,OH_TextEditorProxy_SetPreviewTextFunc)"
mindspore/context.h,142,OH_AI_ContextAddDeviceInfo,OH_AI_API void,"OH_AI_ContextHandle context,OH_AI_DeviceInfoHandle device_info","OH_AI_API void OH_AI_ContextAddDeviceInfo(OH_AI_ContextHandle,OH_AI_DeviceInfoHandle)"
mindspore/context.h,56,OH_AI_ContextCreate,OH_AI_API OH_AI_ContextHandle,void,OH_AI_API OH_AI_ContextHandle OH_AI_ContextCreate(void)
mindspore/context.h,63,OH_AI_ContextDestroy,OH_AI_API void,OH_AI_ContextHandle * context,OH_AI_API void OH_AI_ContextDestroy(OH_AI_ContextHandle *)
mindspore/context.h,134,OH_AI_ContextGetEnableParallel,OH_AI_API bool,const OH_AI_ContextHandle context,OH_AI_API bool OH_AI_ContextGetEnableParallel(const OH_AI_ContextHandle)
mindspore/context.h,118,OH_AI_ContextGetThreadAffinityCoreList,OH_AI_API const int32_t *,"const OH_AI_ContextHandle context,size_t * core_num","OH_AI_API const int32_t * OH_AI_ContextGetThreadAffinityCoreList(const OH_AI_ContextHandle,size_t *)"
mindspore/context.h,95,OH_AI_ContextGetThreadAffinityMode,OH_AI_API int,const OH_AI_ContextHandle context,OH_AI_API int OH_AI_ContextGetThreadAffinityMode(const OH_AI_ContextHandle)
mindspore/context.h,79,OH_AI_ContextGetThreadNum,OH_AI_API int32_t,const OH_AI_ContextHandle context,OH_AI_API int32_t OH_AI_ContextGetThreadNum(const OH_AI_ContextHandle)
mindspore/context.h,126,OH_AI_ContextSetEnableParallel,OH_AI_API void,"OH_AI_ContextHandle context,bool is_parallel","OH_AI_API void OH_AI_ContextSetEnableParallel(OH_AI_ContextHandle,bool)"
mindspore/context.h,108,OH_AI_ContextSetThreadAffinityCoreList,OH_AI_API void,"OH_AI_ContextHandle context,const int32_t * core_list,size_t core_num","OH_AI_API void OH_AI_ContextSetThreadAffinityCoreList(OH_AI_ContextHandle,const int32_t *,size_t)"
mindspore/context.h,87,OH_AI_ContextSetThreadAffinityMode,OH_AI_API void,"OH_AI_ContextHandle context,int mode","OH_AI_API void OH_AI_ContextSetThreadAffinityMode(OH_AI_ContextHandle,int)"
mindspore/context.h,71,OH_AI_ContextSetThreadNum,OH_AI_API void,"OH_AI_ContextHandle context,int32_t thread_num","OH_AI_API void OH_AI_ContextSetThreadNum(OH_AI_ContextHandle,int32_t)"
mindspore/context.h,286,OH_AI_CreateNNRTDeviceInfoByName,OH_AI_API OH_AI_DeviceInfoHandle,const char * name,OH_AI_API OH_AI_DeviceInfoHandle OH_AI_CreateNNRTDeviceInfoByName(const char *)
mindspore/context.h,294,OH_AI_CreateNNRTDeviceInfoByType,OH_AI_API OH_AI_DeviceInfoHandle,OH_AI_NNRTDeviceType type,OH_AI_API OH_AI_DeviceInfoHandle OH_AI_CreateNNRTDeviceInfoByType(OH_AI_NNRTDeviceType)
mindspore/context.h,254,OH_AI_DestroyAllNNRTDeviceDescs,OH_AI_API void,NNRTDeviceDesc ** desc,OH_AI_API void OH_AI_DestroyAllNNRTDeviceDescs(NNRTDeviceDesc **)
mindspore/context.h,353,OH_AI_DeviceInfoAddExtension,OH_AI_API OH_AI_Status,"OH_AI_DeviceInfoHandle device_info,const char * name,const char * value,size_t value_size","OH_AI_API OH_AI_Status OH_AI_DeviceInfoAddExtension(OH_AI_DeviceInfoHandle,const char *,const char *,size_t)"
mindspore/context.h,150,OH_AI_DeviceInfoCreate,OH_AI_API OH_AI_DeviceInfoHandle,OH_AI_DeviceType device_type,OH_AI_API OH_AI_DeviceInfoHandle OH_AI_DeviceInfoCreate(OH_AI_DeviceType)
mindspore/context.h,157,OH_AI_DeviceInfoDestroy,OH_AI_API void,OH_AI_DeviceInfoHandle * device_info,OH_AI_API void OH_AI_DeviceInfoDestroy(OH_AI_DeviceInfoHandle *)
mindspore/context.h,310,OH_AI_DeviceInfoGetDeviceId,OH_AI_API size_t,const OH_AI_DeviceInfoHandle device_info,OH_AI_API size_t OH_AI_DeviceInfoGetDeviceId(const OH_AI_DeviceInfoHandle)
mindspore/context.h,197,OH_AI_DeviceInfoGetDeviceType,OH_AI_API OH_AI_DeviceType,const OH_AI_DeviceInfoHandle device_info,OH_AI_API OH_AI_DeviceType OH_AI_DeviceInfoGetDeviceType(const OH_AI_DeviceInfoHandle)
mindspore/context.h,213,OH_AI_DeviceInfoGetEnableFP16,OH_AI_API bool,const OH_AI_DeviceInfoHandle device_info,OH_AI_API bool OH_AI_DeviceInfoGetEnableFP16(const OH_AI_DeviceInfoHandle)
mindspore/context.h,230,OH_AI_DeviceInfoGetFrequency,OH_AI_API int,const OH_AI_DeviceInfoHandle device_info,OH_AI_API int OH_AI_DeviceInfoGetFrequency(const OH_AI_DeviceInfoHandle)
mindspore/context.h,326,OH_AI_DeviceInfoGetPerformanceMode,OH_AI_API OH_AI_PerformanceMode,const OH_AI_DeviceInfoHandle device_info,OH_AI_API OH_AI_PerformanceMode OH_AI_DeviceInfoGetPerformanceMode(const OH_AI_DeviceInfoHandle)
mindspore/context.h,342,OH_AI_DeviceInfoGetPriority,OH_AI_API OH_AI_Priority,const OH_AI_DeviceInfoHandle device_info,OH_AI_API OH_AI_Priority OH_AI_DeviceInfoGetPriority(const OH_AI_DeviceInfoHandle)
mindspore/context.h,173,OH_AI_DeviceInfoGetProvider,OH_AI_API const char *,const OH_AI_DeviceInfoHandle device_info,OH_AI_API const char * OH_AI_DeviceInfoGetProvider(const OH_AI_DeviceInfoHandle)
mindspore/context.h,189,OH_AI_DeviceInfoGetProviderDevice,OH_AI_API const char *,const OH_AI_DeviceInfoHandle device_info,OH_AI_API const char * OH_AI_DeviceInfoGetProviderDevice(const OH_AI_DeviceInfoHandle)
mindspore/context.h,302,OH_AI_DeviceInfoSetDeviceId,OH_AI_API void,"OH_AI_DeviceInfoHandle device_info,size_t device_id","OH_AI_API void OH_AI_DeviceInfoSetDeviceId(OH_AI_DeviceInfoHandle,size_t)"
mindspore/context.h,205,OH_AI_DeviceInfoSetEnableFP16,OH_AI_API void,"OH_AI_DeviceInfoHandle device_info,bool is_fp16","OH_AI_API void OH_AI_DeviceInfoSetEnableFP16(OH_AI_DeviceInfoHandle,bool)"
mindspore/context.h,222,OH_AI_DeviceInfoSetFrequency,OH_AI_API void,"OH_AI_DeviceInfoHandle device_info,int frequency","OH_AI_API void OH_AI_DeviceInfoSetFrequency(OH_AI_DeviceInfoHandle,int)"
mindspore/context.h,318,OH_AI_DeviceInfoSetPerformanceMode,OH_AI_API void,"OH_AI_DeviceInfoHandle device_info,OH_AI_PerformanceMode mode","OH_AI_API void OH_AI_DeviceInfoSetPerformanceMode(OH_AI_DeviceInfoHandle,OH_AI_PerformanceMode)"
mindspore/context.h,334,OH_AI_DeviceInfoSetPriority,OH_AI_API void,"OH_AI_DeviceInfoHandle device_info,OH_AI_Priority priority","OH_AI_API void OH_AI_DeviceInfoSetPriority(OH_AI_DeviceInfoHandle,OH_AI_Priority)"
mindspore/context.h,165,OH_AI_DeviceInfoSetProvider,OH_AI_API void,"OH_AI_DeviceInfoHandle device_info,const char * provider","OH_AI_API void OH_AI_DeviceInfoSetProvider(OH_AI_DeviceInfoHandle,const char *)"
mindspore/context.h,181,OH_AI_DeviceInfoSetProviderDevice,OH_AI_API void,"OH_AI_DeviceInfoHandle device_info,const char * device","OH_AI_API void OH_AI_DeviceInfoSetProviderDevice(OH_AI_DeviceInfoHandle,const char *)"
mindspore/context.h,238,OH_AI_GetAllNNRTDeviceDescs,OH_AI_API NNRTDeviceDesc *,size_t * num,OH_AI_API NNRTDeviceDesc * OH_AI_GetAllNNRTDeviceDescs(size_t *)
mindspore/context.h,262,OH_AI_GetDeviceIdFromNNRTDeviceDesc,OH_AI_API size_t,const NNRTDeviceDesc * desc,OH_AI_API size_t OH_AI_GetDeviceIdFromNNRTDeviceDesc(const NNRTDeviceDesc *)
mindspore/context.h,247,OH_AI_GetElementOfNNRTDeviceDescs,OH_AI_API NNRTDeviceDesc *,"NNRTDeviceDesc * descs,size_t index","OH_AI_API NNRTDeviceDesc * OH_AI_GetElementOfNNRTDeviceDescs(NNRTDeviceDesc *,size_t)"
mindspore/context.h,270,OH_AI_GetNameFromNNRTDeviceDesc,OH_AI_API const char *,const NNRTDeviceDesc * desc,OH_AI_API const char * OH_AI_GetNameFromNNRTDeviceDesc(const NNRTDeviceDesc *)
mindspore/context.h,278,OH_AI_GetTypeFromNNRTDeviceDesc,OH_AI_API OH_AI_NNRTDeviceType,const NNRTDeviceDesc * desc,OH_AI_API OH_AI_NNRTDeviceType OH_AI_GetTypeFromNNRTDeviceDesc(const NNRTDeviceDesc *)
mindspore/model.h,358,OH_AI_ExportModel,OH_AI_API OH_AI_Status,"OH_AI_ModelHandle model,OH_AI_ModelType model_type,const char * model_file,OH_AI_QuantizationType quantization_type,bool export_inference_only,char ** output_tensor_name,size_t num","OH_AI_API OH_AI_Status OH_AI_ExportModel(OH_AI_ModelHandle,OH_AI_ModelType,const char *,OH_AI_QuantizationType,bool,char **,size_t)"
mindspore/model.h,377,OH_AI_ExportModelBuffer,OH_AI_API OH_AI_Status,"OH_AI_ModelHandle model,OH_AI_ModelType model_type,void * model_data,size_t * data_size,OH_AI_QuantizationType quantization_type,bool export_inference_only,char ** output_tensor_name,size_t num","OH_AI_API OH_AI_Status OH_AI_ExportModelBuffer(OH_AI_ModelHandle,OH_AI_ModelType,void *,size_t *,OH_AI_QuantizationType,bool,char **,size_t)"
mindspore/model.h,394,OH_AI_ExportWeightsCollaborateWithMicro,OH_AI_API OH_AI_Status,"OH_AI_ModelHandle model,OH_AI_ModelType model_type,const char * weight_file,bool is_inference,bool enable_fp16,char ** changeable_weights_name,size_t num","OH_AI_API OH_AI_Status OH_AI_ExportWeightsCollaborateWithMicro(OH_AI_ModelHandle,OH_AI_ModelType,const char *,bool,bool,char **,size_t)"
mindspore/model.h,96,OH_AI_ModelBuild,OH_AI_API OH_AI_Status,"OH_AI_ModelHandle model,const void * model_data,size_t data_size,OH_AI_ModelType model_type,const OH_AI_ContextHandle model_context","OH_AI_API OH_AI_Status OH_AI_ModelBuild(OH_AI_ModelHandle,const void *,size_t,OH_AI_ModelType,const OH_AI_ContextHandle)"
mindspore/model.h,109,OH_AI_ModelBuildFromFile,OH_AI_API OH_AI_Status,"OH_AI_ModelHandle model,const char * model_path,OH_AI_ModelType model_type,const OH_AI_ContextHandle model_context","OH_AI_API OH_AI_Status OH_AI_ModelBuildFromFile(OH_AI_ModelHandle,const char *,OH_AI_ModelType,const OH_AI_ContextHandle)"
mindspore/model.h,75,OH_AI_ModelCreate,OH_AI_API OH_AI_ModelHandle,void,OH_AI_API OH_AI_ModelHandle OH_AI_ModelCreate(void)
mindspore/model.h,83,OH_AI_ModelDestroy,OH_AI_API void,OH_AI_ModelHandle * model,OH_AI_API void OH_AI_ModelDestroy(OH_AI_ModelHandle *)
mindspore/model.h,166,OH_AI_ModelGetInputByTensorName,OH_AI_API OH_AI_TensorHandle,"const OH_AI_ModelHandle model,const char * tensor_name","OH_AI_API OH_AI_TensorHandle OH_AI_ModelGetInputByTensorName(const OH_AI_ModelHandle,const char *)"
mindspore/model.h,147,OH_AI_ModelGetInputs,OH_AI_API OH_AI_TensorHandleArray,const OH_AI_ModelHandle model,OH_AI_API OH_AI_TensorHandleArray OH_AI_ModelGetInputs(const OH_AI_ModelHandle)
mindspore/model.h,292,OH_AI_ModelGetLearningRate,OH_AI_API float,OH_AI_ModelHandle model,OH_AI_API float OH_AI_ModelGetLearningRate(OH_AI_ModelHandle)
mindspore/model.h,176,OH_AI_ModelGetOutputByTensorName,OH_AI_API OH_AI_TensorHandle,"const OH_AI_ModelHandle model,const char * tensor_name","OH_AI_API OH_AI_TensorHandle OH_AI_ModelGetOutputByTensorName(const OH_AI_ModelHandle,const char *)"
mindspore/model.h,156,OH_AI_ModelGetOutputs,OH_AI_API OH_AI_TensorHandleArray,const OH_AI_ModelHandle model,OH_AI_API OH_AI_TensorHandleArray OH_AI_ModelGetOutputs(const OH_AI_ModelHandle)
mindspore/model.h,319,OH_AI_ModelGetTrainMode,OH_AI_API bool,OH_AI_ModelHandle model,OH_AI_API bool OH_AI_ModelGetTrainMode(OH_AI_ModelHandle)
mindspore/model.h,301,OH_AI_ModelGetWeights,OH_AI_API OH_AI_TensorHandleArray,OH_AI_ModelHandle model,OH_AI_API OH_AI_TensorHandleArray OH_AI_ModelGetWeights(OH_AI_ModelHandle)
mindspore/model.h,136,OH_AI_ModelPredict,OH_AI_API OH_AI_Status,"OH_AI_ModelHandle model,const OH_AI_TensorHandleArray inputs,OH_AI_TensorHandleArray * outputs,const OH_AI_KernelCallBack before,const OH_AI_KernelCallBack after","OH_AI_API OH_AI_Status OH_AI_ModelPredict(OH_AI_ModelHandle,const OH_AI_TensorHandleArray,OH_AI_TensorHandleArray *,const OH_AI_KernelCallBack,const OH_AI_KernelCallBack)"
mindspore/model.h,122,OH_AI_ModelResize,OH_AI_API OH_AI_Status,"OH_AI_ModelHandle model,const OH_AI_TensorHandleArray inputs,OH_AI_ShapeInfo * shape_infos,size_t shape_info_num","OH_AI_API OH_AI_Status OH_AI_ModelResize(OH_AI_ModelHandle,const OH_AI_TensorHandleArray,OH_AI_ShapeInfo *,size_t)"
mindspore/model.h,283,OH_AI_ModelSetLearningRate,OH_AI_API OH_AI_Status,"OH_AI_ModelHandle model,float learning_rate","OH_AI_API OH_AI_Status OH_AI_ModelSetLearningRate(OH_AI_ModelHandle,float)"
mindspore/model.h,329,OH_AI_ModelSetTrainMode,OH_AI_API OH_AI_Status,"OH_AI_ModelHandle model,bool train","OH_AI_API OH_AI_Status OH_AI_ModelSetTrainMode(OH_AI_ModelHandle,bool)"
mindspore/model.h,341,OH_AI_ModelSetupVirtualBatch,OH_AI_API OH_AI_Status,"OH_AI_ModelHandle model,int virtual_batch_multiplier,float lr,float momentum","OH_AI_API OH_AI_Status OH_AI_ModelSetupVirtualBatch(OH_AI_ModelHandle,int,float,float)"
mindspore/model.h,310,OH_AI_ModelUpdateWeights,OH_AI_API OH_AI_Status,"OH_AI_ModelHandle model,const OH_AI_TensorHandleArray new_weights","OH_AI_API OH_AI_Status OH_AI_ModelUpdateWeights(OH_AI_ModelHandle,const OH_AI_TensorHandleArray)"
mindspore/model.h,273,OH_AI_RunStep,OH_AI_API OH_AI_Status,"OH_AI_ModelHandle model,const OH_AI_KernelCallBack before,const OH_AI_KernelCallBack after","OH_AI_API OH_AI_Status OH_AI_RunStep(OH_AI_ModelHandle,const OH_AI_KernelCallBack,const OH_AI_KernelCallBack)"
mindspore/model.h,184,OH_AI_TrainCfgCreate,OH_AI_API OH_AI_TrainCfgHandle,void,OH_AI_API OH_AI_TrainCfgHandle OH_AI_TrainCfgCreate(void)
mindspore/model.h,192,OH_AI_TrainCfgDestroy,OH_AI_API void,OH_AI_TrainCfgHandle * train_cfg,OH_AI_API void OH_AI_TrainCfgDestroy(OH_AI_TrainCfgHandle *)
mindspore/model.h,202,OH_AI_TrainCfgGetLossName,OH_AI_API char **,"OH_AI_TrainCfgHandle train_cfg,size_t * num","OH_AI_API char ** OH_AI_TrainCfgGetLossName(OH_AI_TrainCfgHandle,size_t *)"
mindspore/model.h,221,OH_AI_TrainCfgGetOptimizationLevel,OH_AI_API OH_AI_OptimizationLevel,OH_AI_TrainCfgHandle train_cfg,OH_AI_API OH_AI_OptimizationLevel OH_AI_TrainCfgGetOptimizationLevel(OH_AI_TrainCfgHandle)
mindspore/model.h,212,OH_AI_TrainCfgSetLossName,OH_AI_API void,"OH_AI_TrainCfgHandle train_cfg,const char ** loss_name,size_t num","OH_AI_API void OH_AI_TrainCfgSetLossName(OH_AI_TrainCfgHandle,const char **,size_t)"
mindspore/model.h,230,OH_AI_TrainCfgSetOptimizationLevel,OH_AI_API void,"OH_AI_TrainCfgHandle train_cfg,OH_AI_OptimizationLevel level","OH_AI_API void OH_AI_TrainCfgSetOptimizationLevel(OH_AI_TrainCfgHandle,OH_AI_OptimizationLevel)"
mindspore/model.h,244,OH_AI_TrainModelBuild,OH_AI_API OH_AI_Status,"OH_AI_ModelHandle model,const void * model_data,size_t data_size,OH_AI_ModelType model_type,const OH_AI_ContextHandle model_context,const OH_AI_TrainCfgHandle train_cfg","OH_AI_API OH_AI_Status OH_AI_TrainModelBuild(OH_AI_ModelHandle,const void *,size_t,OH_AI_ModelType,const OH_AI_ContextHandle,const OH_AI_TrainCfgHandle)"
mindspore/model.h,259,OH_AI_TrainModelBuildFromFile,OH_AI_API OH_AI_Status,"OH_AI_ModelHandle model,const char * model_path,OH_AI_ModelType model_type,const OH_AI_ContextHandle model_context,const OH_AI_TrainCfgHandle train_cfg","OH_AI_API OH_AI_Status OH_AI_TrainModelBuildFromFile(OH_AI_ModelHandle,const char *,OH_AI_ModelType,const OH_AI_ContextHandle,const OH_AI_TrainCfgHandle)"
mindspore/tensor.h,84,OH_AI_TensorClone,OH_AI_API OH_AI_TensorHandle,OH_AI_TensorHandle tensor,OH_AI_API OH_AI_TensorHandle OH_AI_TensorClone(OH_AI_TensorHandle)
mindspore/tensor.h,68,OH_AI_TensorCreate,OH_AI_API OH_AI_TensorHandle,"const char * name,OH_AI_DataType type,const int64_t * shape,size_t shape_num,const void * data,size_t data_len","OH_AI_API OH_AI_TensorHandle OH_AI_TensorCreate(const char *,OH_AI_DataType,const int64_t *,size_t,const void *,size_t)"
mindspore/tensor.h,76,OH_AI_TensorDestroy,OH_AI_API void,OH_AI_TensorHandle * tensor,OH_AI_API void OH_AI_TensorDestroy(OH_AI_TensorHandle *)
mindspore/tensor.h,217,OH_AI_TensorGetAllocator,OH_AI_API OH_AI_AllocatorHandle,OH_AI_TensorHandle tensor,OH_AI_API OH_AI_AllocatorHandle OH_AI_TensorGetAllocator(OH_AI_TensorHandle)
mindspore/tensor.h,166,OH_AI_TensorGetData,OH_AI_API const void *,const OH_AI_TensorHandle tensor,OH_AI_API const void * OH_AI_TensorGetData(const OH_AI_TensorHandle)
mindspore/tensor.h,190,OH_AI_TensorGetDataSize,OH_AI_API size_t,const OH_AI_TensorHandle tensor,OH_AI_API size_t OH_AI_TensorGetDataSize(const OH_AI_TensorHandle)
mindspore/tensor.h,116,OH_AI_TensorGetDataType,OH_AI_API OH_AI_DataType,const OH_AI_TensorHandle tensor,OH_AI_API OH_AI_DataType OH_AI_TensorGetDataType(const OH_AI_TensorHandle)
mindspore/tensor.h,182,OH_AI_TensorGetElementNum,OH_AI_API int64_t,const OH_AI_TensorHandle tensor,OH_AI_API int64_t OH_AI_TensorGetElementNum(const OH_AI_TensorHandle)
mindspore/tensor.h,150,OH_AI_TensorGetFormat,OH_AI_API OH_AI_Format,const OH_AI_TensorHandle tensor,OH_AI_API OH_AI_Format OH_AI_TensorGetFormat(const OH_AI_TensorHandle)
mindspore/tensor.h,174,OH_AI_TensorGetMutableData,OH_AI_API void *,const OH_AI_TensorHandle tensor,OH_AI_API void * OH_AI_TensorGetMutableData(const OH_AI_TensorHandle)
mindspore/tensor.h,100,OH_AI_TensorGetName,OH_AI_API const char *,const OH_AI_TensorHandle tensor,OH_AI_API const char * OH_AI_TensorGetName(const OH_AI_TensorHandle)
mindspore/tensor.h,134,OH_AI_TensorGetShape,OH_AI_API const int64_t *,"const OH_AI_TensorHandle tensor,size_t * shape_num","OH_AI_API const int64_t * OH_AI_TensorGetShape(const OH_AI_TensorHandle,size_t *)"
mindspore/tensor.h,230,OH_AI_TensorSetAllocator,OH_AI_API OH_AI_Status,"OH_AI_TensorHandle tensor,OH_AI_AllocatorHandle allocator","OH_AI_API OH_AI_Status OH_AI_TensorSetAllocator(OH_AI_TensorHandle,OH_AI_AllocatorHandle)"
mindspore/tensor.h,158,OH_AI_TensorSetData,OH_AI_API void,"OH_AI_TensorHandle tensor,void * data","OH_AI_API void OH_AI_TensorSetData(OH_AI_TensorHandle,void *)"
mindspore/tensor.h,108,OH_AI_TensorSetDataType,OH_AI_API void,"OH_AI_TensorHandle tensor,OH_AI_DataType type","OH_AI_API void OH_AI_TensorSetDataType(OH_AI_TensorHandle,OH_AI_DataType)"
mindspore/tensor.h,142,OH_AI_TensorSetFormat,OH_AI_API void,"OH_AI_TensorHandle tensor,OH_AI_Format format","OH_AI_API void OH_AI_TensorSetFormat(OH_AI_TensorHandle,OH_AI_Format)"
mindspore/tensor.h,92,OH_AI_TensorSetName,OH_AI_API void,"OH_AI_TensorHandle tensor,const char * name","OH_AI_API void OH_AI_TensorSetName(OH_AI_TensorHandle,const char *)"
mindspore/tensor.h,125,OH_AI_TensorSetShape,OH_AI_API void,"OH_AI_TensorHandle tensor,const int64_t * shape,size_t shape_num","OH_AI_API void OH_AI_TensorSetShape(OH_AI_TensorHandle,const int64_t *,size_t)"
mindspore/tensor.h,206,OH_AI_TensorSetUserData,OH_AI_API OH_AI_Status,"OH_AI_TensorHandle tensor,void * data,size_t data_size","OH_AI_API OH_AI_Status OH_AI_TensorSetUserData(OH_AI_TensorHandle,void *,size_t)"
multimedia/av_session/native_avmetadata.h,136,OH_AVMetadataBuilder_Create,AVMetadata_Result,OH_AVMetadataBuilder ** builder,AVMetadata_Result OH_AVMetadataBuilder_Create(OH_AVMetadataBuilder **)
multimedia/av_session/native_avmetadata.h,147,OH_AVMetadataBuilder_Destroy,AVMetadata_Result,OH_AVMetadataBuilder * builder,AVMetadata_Result OH_AVMetadataBuilder_Destroy(OH_AVMetadataBuilder *)
multimedia/av_session/native_avmetadata.h,355,OH_AVMetadataBuilder_GenerateAVMetadata,AVMetadata_Result,"OH_AVMetadataBuilder * builder,OH_AVMetadata ** avMetadata","AVMetadata_Result OH_AVMetadataBuilder_GenerateAVMetadata(OH_AVMetadataBuilder *,OH_AVMetadata **)"
multimedia/av_session/native_avmetadata.h,217,OH_AVMetadataBuilder_SetAlbum,AVMetadata_Result,"OH_AVMetadataBuilder * builder,const char * album","AVMetadata_Result OH_AVMetadataBuilder_SetAlbum(OH_AVMetadataBuilder *,const char *)"
multimedia/av_session/native_avmetadata.h,189,OH_AVMetadataBuilder_SetArtist,AVMetadata_Result,"OH_AVMetadataBuilder * builder,const char * artist","AVMetadata_Result OH_AVMetadataBuilder_SetArtist(OH_AVMetadataBuilder *,const char *)"
multimedia/av_session/native_avmetadata.h,161,OH_AVMetadataBuilder_SetAssetId,AVMetadata_Result,"OH_AVMetadataBuilder * builder,const char * assetId","AVMetadata_Result OH_AVMetadataBuilder_SetAssetId(OH_AVMetadataBuilder *,const char *)"
multimedia/av_session/native_avmetadata.h,203,OH_AVMetadataBuilder_SetAuthor,AVMetadata_Result,"OH_AVMetadataBuilder * builder,const char * author","AVMetadata_Result OH_AVMetadataBuilder_SetAuthor(OH_AVMetadataBuilder *,const char *)"
multimedia/av_session/native_avmetadata.h,245,OH_AVMetadataBuilder_SetComposer,AVMetadata_Result,"OH_AVMetadataBuilder * builder,const char * composer","AVMetadata_Result OH_AVMetadataBuilder_SetComposer(OH_AVMetadataBuilder *,const char *)"
multimedia/av_session/native_avmetadata.h,299,OH_AVMetadataBuilder_SetDescription,AVMetadata_Result,"OH_AVMetadataBuilder * builder,const char * description","AVMetadata_Result OH_AVMetadataBuilder_SetDescription(OH_AVMetadataBuilder *,const char *)"
multimedia/av_session/native_avmetadata.h,340,OH_AVMetadataBuilder_SetDisplayTags,AVMetadata_Result,"OH_AVMetadataBuilder * builder,int32_t tags","AVMetadata_Result OH_AVMetadataBuilder_SetDisplayTags(OH_AVMetadataBuilder *,int32_t)"
multimedia/av_session/native_avmetadata.h,257,OH_AVMetadataBuilder_SetDuration,AVMetadata_Result,"OH_AVMetadataBuilder * builder,int64_t duration","AVMetadata_Result OH_AVMetadataBuilder_SetDuration(OH_AVMetadataBuilder *,int64_t)"
multimedia/av_session/native_avmetadata.h,313,OH_AVMetadataBuilder_SetLyric,AVMetadata_Result,"OH_AVMetadataBuilder * builder,const char * lyric","AVMetadata_Result OH_AVMetadataBuilder_SetLyric(OH_AVMetadataBuilder *,const char *)"
multimedia/av_session/native_avmetadata.h,271,OH_AVMetadataBuilder_SetMediaImageUri,AVMetadata_Result,"OH_AVMetadataBuilder * builder,const char * mediaImageUri","AVMetadata_Result OH_AVMetadataBuilder_SetMediaImageUri(OH_AVMetadataBuilder *,const char *)"
multimedia/av_session/native_avmetadata.h,327,OH_AVMetadataBuilder_SetSkipIntervals,AVMetadata_Result,"OH_AVMetadataBuilder * builder,AVMetadata_SkipIntervals intervals","AVMetadata_Result OH_AVMetadataBuilder_SetSkipIntervals(OH_AVMetadataBuilder *,AVMetadata_SkipIntervals)"
multimedia/av_session/native_avmetadata.h,285,OH_AVMetadataBuilder_SetSubtitle,AVMetadata_Result,"OH_AVMetadataBuilder * builder,const char * subtitle","AVMetadata_Result OH_AVMetadataBuilder_SetSubtitle(OH_AVMetadataBuilder *,const char *)"
multimedia/av_session/native_avmetadata.h,175,OH_AVMetadataBuilder_SetTitle,AVMetadata_Result,"OH_AVMetadataBuilder * builder,const char * title","AVMetadata_Result OH_AVMetadataBuilder_SetTitle(OH_AVMetadataBuilder *,const char *)"
multimedia/av_session/native_avmetadata.h,231,OH_AVMetadataBuilder_SetWriter,AVMetadata_Result,"OH_AVMetadataBuilder * builder,const char * writer","AVMetadata_Result OH_AVMetadataBuilder_SetWriter(OH_AVMetadataBuilder *,const char *)"
multimedia/av_session/native_avmetadata.h,367,OH_AVMetadata_Destroy,AVMetadata_Result,OH_AVMetadata * avMetadata,AVMetadata_Result OH_AVMetadata_Destroy(OH_AVMetadata *)
multimedia/av_session/native_avsession.h,363,OH_AVSession_Activate,AVSession_ErrCode,OH_AVSession * avsession,AVSession_ErrCode OH_AVSession_Activate(OH_AVSession *)
multimedia/av_session/native_avsession.h,339,OH_AVSession_Create,AVSession_ErrCode,"AVSession_Type sessionType,const char * sessionTag,const char * bundleName,const char * abilityName,OH_AVSession ** avsession","AVSession_ErrCode OH_AVSession_Create(AVSession_Type,const char *,const char *,const char *,OH_AVSession **)"
multimedia/av_session/native_avsession.h,375,OH_AVSession_Deactivate,AVSession_ErrCode,OH_AVSession * avsession,AVSession_ErrCode OH_AVSession_Deactivate(OH_AVSession *)
multimedia/av_session/native_avsession.h,351,OH_AVSession_Destroy,AVSession_ErrCode,OH_AVSession * avsession,AVSession_ErrCode OH_AVSession_Destroy(OH_AVSession *)
multimedia/av_session/native_avsession.h,404,OH_AVSession_GetSessionId,AVSession_ErrCode,"OH_AVSession * avsession,const char ** sessionId","AVSession_ErrCode OH_AVSession_GetSessionId(OH_AVSession *,const char **)"
multimedia/av_session/native_avsession.h,390,OH_AVSession_GetSessionType,AVSession_ErrCode,"OH_AVSession * avsession,AVSession_Type * sessionType","AVSession_ErrCode OH_AVSession_GetSessionType(OH_AVSession *,AVSession_Type *)"
multimedia/av_session/native_avsession.h,497,OH_AVSession_RegisterCommandCallback,AVSession_ErrCode,"OH_AVSession * avsession,AVSession_ControlCommand command,OH_AVSessionCallback_OnCommand callback,void * userData","AVSession_ErrCode OH_AVSession_RegisterCommandCallback(OH_AVSession *,AVSession_ControlCommand,OH_AVSessionCallback_OnCommand,void *)"
multimedia/av_session/native_avsession.h,532,OH_AVSession_RegisterForwardCallback,AVSession_ErrCode,"OH_AVSession * avsession,OH_AVSessionCallback_OnFastForward callback,void * userData","AVSession_ErrCode OH_AVSession_RegisterForwardCallback(OH_AVSession *,OH_AVSessionCallback_OnFastForward,void *)"
multimedia/av_session/native_avsession.h,565,OH_AVSession_RegisterRewindCallback,AVSession_ErrCode,"OH_AVSession * avsession,OH_AVSessionCallback_OnRewind callback,void * userData","AVSession_ErrCode OH_AVSession_RegisterRewindCallback(OH_AVSession *,OH_AVSessionCallback_OnRewind,void *)"
multimedia/av_session/native_avsession.h,598,OH_AVSession_RegisterSeekCallback,AVSession_ErrCode,"OH_AVSession * avsession,OH_AVSessionCallback_OnSeek callback,void * userData","AVSession_ErrCode OH_AVSession_RegisterSeekCallback(OH_AVSession *,OH_AVSessionCallback_OnSeek,void *)"
multimedia/av_session/native_avsession.h,631,OH_AVSession_RegisterSetLoopModeCallback,AVSession_ErrCode,"OH_AVSession * avsession,OH_AVSessionCallback_OnSetLoopMode callback,void * userData","AVSession_ErrCode OH_AVSession_RegisterSetLoopModeCallback(OH_AVSession *,OH_AVSessionCallback_OnSetLoopMode,void *)"
multimedia/av_session/native_avsession.h,664,OH_AVSession_RegisterToggleFavoriteCallback,AVSession_ErrCode,"OH_AVSession * avsession,OH_AVSessionCallback_OnToggleFavorite callback,void * userData","AVSession_ErrCode OH_AVSession_RegisterToggleFavoriteCallback(OH_AVSession *,OH_AVSessionCallback_OnToggleFavorite,void *)"
multimedia/av_session/native_avsession.h,419,OH_AVSession_SetAVMetadata,AVSession_ErrCode,"OH_AVSession * avsession,OH_AVMetadata * avmetadata","AVSession_ErrCode OH_AVSession_SetAVMetadata(OH_AVSession *,OH_AVMetadata *)"
multimedia/av_session/native_avsession.h,464,OH_AVSession_SetFavorite,AVSession_ErrCode,"OH_AVSession * avsession,bool favorite","AVSession_ErrCode OH_AVSession_SetFavorite(OH_AVSession *,bool)"
multimedia/av_session/native_avsession.h,479,OH_AVSession_SetLoopMode,AVSession_ErrCode,"OH_AVSession * avsession,AVSession_LoopMode loopMode","AVSession_ErrCode OH_AVSession_SetLoopMode(OH_AVSession *,AVSession_LoopMode)"
multimedia/av_session/native_avsession.h,450,OH_AVSession_SetPlaybackPosition,AVSession_ErrCode,"OH_AVSession * avsession,AVSession_PlaybackPosition * playbackPosition","AVSession_ErrCode OH_AVSession_SetPlaybackPosition(OH_AVSession *,AVSession_PlaybackPosition *)"
multimedia/av_session/native_avsession.h,434,OH_AVSession_SetPlaybackState,AVSession_ErrCode,"OH_AVSession * avsession,AVSession_PlaybackState playbackState","AVSession_ErrCode OH_AVSession_SetPlaybackState(OH_AVSession *,AVSession_PlaybackState)"
multimedia/av_session/native_avsession.h,515,OH_AVSession_UnregisterCommandCallback,AVSession_ErrCode,"OH_AVSession * avsession,AVSession_ControlCommand command,OH_AVSessionCallback_OnCommand callback","AVSession_ErrCode OH_AVSession_UnregisterCommandCallback(OH_AVSession *,AVSession_ControlCommand,OH_AVSessionCallback_OnCommand)"
multimedia/av_session/native_avsession.h,548,OH_AVSession_UnregisterForwardCallback,AVSession_ErrCode,"OH_AVSession * avsession,OH_AVSessionCallback_OnFastForward callback","AVSession_ErrCode OH_AVSession_UnregisterForwardCallback(OH_AVSession *,OH_AVSessionCallback_OnFastForward)"
multimedia/av_session/native_avsession.h,581,OH_AVSession_UnregisterRewindCallback,AVSession_ErrCode,"OH_AVSession * avsession,OH_AVSessionCallback_OnRewind callback","AVSession_ErrCode OH_AVSession_UnregisterRewindCallback(OH_AVSession *,OH_AVSessionCallback_OnRewind)"
multimedia/av_session/native_avsession.h,614,OH_AVSession_UnregisterSeekCallback,AVSession_ErrCode,"OH_AVSession * avsession,OH_AVSessionCallback_OnSeek callback","AVSession_ErrCode OH_AVSession_UnregisterSeekCallback(OH_AVSession *,OH_AVSessionCallback_OnSeek)"
multimedia/av_session/native_avsession.h,647,OH_AVSession_UnregisterSetLoopModeCallback,AVSession_ErrCode,"OH_AVSession * avsession,OH_AVSessionCallback_OnSetLoopMode callback","AVSession_ErrCode OH_AVSession_UnregisterSetLoopModeCallback(OH_AVSession *,OH_AVSessionCallback_OnSetLoopMode)"
multimedia/av_session/native_avsession.h,680,OH_AVSession_UnregisterToggleFavoriteCallback,AVSession_ErrCode,"OH_AVSession * avsession,OH_AVSessionCallback_OnToggleFavorite callback","AVSession_ErrCode OH_AVSession_UnregisterToggleFavoriteCallback(OH_AVSession *,OH_AVSessionCallback_OnToggleFavorite)"
multimedia/drm_framework/native_mediakeysession.h,175,OH_MediaKeySession_CheckMediaKeyStatus,Drm_ErrCode,"MediaKeySession * mediaKeySession,DRM_MediaKeyStatus * mediaKeyStatus","Drm_ErrCode OH_MediaKeySession_CheckMediaKeyStatus(MediaKeySession *,DRM_MediaKeyStatus *)"
multimedia/drm_framework/native_mediakeysession.h,187,OH_MediaKeySession_ClearMediaKeys,Drm_ErrCode,MediaKeySession * mediaKeySession,Drm_ErrCode OH_MediaKeySession_ClearMediaKeys(MediaKeySession *)
multimedia/drm_framework/native_mediakeysession.h,298,OH_MediaKeySession_Destroy,Drm_ErrCode,MediaKeySession * mediaKeySession,Drm_ErrCode OH_MediaKeySession_Destroy(MediaKeySession *)
multimedia/drm_framework/native_mediakeysession.h,144,OH_MediaKeySession_GenerateMediaKeyRequest,Drm_ErrCode,"MediaKeySession * mediaKeySession,DRM_MediaKeyRequestInfo * info,DRM_MediaKeyRequest * mediaKeyRequest","Drm_ErrCode OH_MediaKeySession_GenerateMediaKeyRequest(MediaKeySession *,DRM_MediaKeyRequestInfo *,DRM_MediaKeyRequest *)"
multimedia/drm_framework/native_mediakeysession.h,203,OH_MediaKeySession_GenerateOfflineReleaseRequest,Drm_ErrCode,"MediaKeySession * mediaKeySession,uint8_t * offlineMediaKeyId,int32_t offlineMediaKeyIdLen,uint8_t * releaseRequest,int32_t * releaseRequestLen","Drm_ErrCode OH_MediaKeySession_GenerateOfflineReleaseRequest(MediaKeySession *,uint8_t *,int32_t,uint8_t *,int32_t *)"
multimedia/drm_framework/native_mediakeysession.h,248,OH_MediaKeySession_GetContentProtectionLevel,Drm_ErrCode,"MediaKeySession * mediaKeySession,DRM_ContentProtectionLevel * contentProtectionLevel","Drm_ErrCode OH_MediaKeySession_GetContentProtectionLevel(MediaKeySession *,DRM_ContentProtectionLevel *)"
multimedia/drm_framework/native_mediakeysession.h,161,OH_MediaKeySession_ProcessMediaKeyResponse,Drm_ErrCode,"MediaKeySession * mediaKeySession,uint8_t * response,int32_t responseLen,uint8_t * offlineMediaKeyId,int32_t * offlineMediaKeyIdLen","Drm_ErrCode OH_MediaKeySession_ProcessMediaKeyResponse(MediaKeySession *,uint8_t *,int32_t,uint8_t *,int32_t *)"
multimedia/drm_framework/native_mediakeysession.h,220,OH_MediaKeySession_ProcessOfflineReleaseResponse,Drm_ErrCode,"MediaKeySession * mediaKeySession,uint8_t * offlineMediaKeyId,int32_t offlineMediaKeyIdLen,uint8_t * releaseReponse,int32_t releaseReponseLen","Drm_ErrCode OH_MediaKeySession_ProcessOfflineReleaseResponse(MediaKeySession *,uint8_t *,int32_t,uint8_t *,int32_t)"
multimedia/drm_framework/native_mediakeysession.h,262,OH_MediaKeySession_RequireSecureDecoderModule,Drm_ErrCode,"MediaKeySession * mediaKeySession,const char * mimeType,bool * status","Drm_ErrCode OH_MediaKeySession_RequireSecureDecoderModule(MediaKeySession *,const char *,bool *)"
multimedia/drm_framework/native_mediakeysession.h,235,OH_MediaKeySession_RestoreOfflineMediaKeys,Drm_ErrCode,"MediaKeySession * mediaKeySession,uint8_t * offlineMediaKeyId,int32_t offlineMediaKeyIdLen","Drm_ErrCode OH_MediaKeySession_RestoreOfflineMediaKeys(MediaKeySession *,uint8_t *,int32_t)"
multimedia/drm_framework/native_mediakeysession.h,286,OH_MediaKeySession_SetCallback,Drm_ErrCode,"MediaKeySession * mediaKeySession,OH_MediaKeySession_Callback * callback","Drm_ErrCode OH_MediaKeySession_SetCallback(MediaKeySession *,OH_MediaKeySession_Callback *)"
multimedia/drm_framework/native_mediakeysession.h,274,OH_MediaKeySession_SetMediaKeySessionCallback,Drm_ErrCode,"MediaKeySession * mediaKeySession,MediaKeySession_Callback * callback","Drm_ErrCode OH_MediaKeySession_SetMediaKeySessionCallback(MediaKeySession *,MediaKeySession_Callback *)"
multimedia/drm_framework/native_mediakeysystem.h,333,OH_MediaKeySystem_ClearOfflineMediaKeys,Drm_ErrCode,"MediaKeySystem * mediaKeySystem,uint8_t * offlineMediaKeyId,int32_t offlineMediaKeyIdLen","Drm_ErrCode OH_MediaKeySystem_ClearOfflineMediaKeys(MediaKeySystem *,uint8_t *,int32_t)"
multimedia/drm_framework/native_mediakeysystem.h,148,OH_MediaKeySystem_Create,Drm_ErrCode,"const char * name,MediaKeySystem ** mediaKeySystem","Drm_ErrCode OH_MediaKeySystem_Create(const char *,MediaKeySystem **)"
multimedia/drm_framework/native_mediakeysystem.h,259,OH_MediaKeySystem_CreateMediaKeySession,Drm_ErrCode,"MediaKeySystem * mediaKeySystem,DRM_ContentProtectionLevel * level,MediaKeySession ** mediaKeySession","Drm_ErrCode OH_MediaKeySystem_CreateMediaKeySession(MediaKeySystem *,DRM_ContentProtectionLevel *,MediaKeySession **)"
multimedia/drm_framework/native_mediakeysystem.h,358,OH_MediaKeySystem_Destroy,Drm_ErrCode,MediaKeySystem * mediaKeySystem,Drm_ErrCode OH_MediaKeySystem_Destroy(MediaKeySystem *)
multimedia/drm_framework/native_mediakeysystem.h,276,OH_MediaKeySystem_GenerateKeySystemRequest,Drm_ErrCode,"MediaKeySystem * mediaKeySystem,uint8_t * request,int32_t * requestLen,char * defaultUrl,int32_t defaultUrlLen","Drm_ErrCode OH_MediaKeySystem_GenerateKeySystemRequest(MediaKeySystem *,uint8_t *,int32_t *,char *,int32_t)"
multimedia/drm_framework/native_mediakeysystem.h,346,OH_MediaKeySystem_GetCertificateStatus,Drm_ErrCode,"MediaKeySystem * mediaKeySystem,DRM_CertificateStatus * certStatus","Drm_ErrCode OH_MediaKeySystem_GetCertificateStatus(MediaKeySystem *,DRM_CertificateStatus *)"
multimedia/drm_framework/native_mediakeysystem.h,205,OH_MediaKeySystem_GetConfigurationByteArray,Drm_ErrCode,"MediaKeySystem * mediaKeySystem,const char * configName,uint8_t * value,int32_t * valueLen","Drm_ErrCode OH_MediaKeySystem_GetConfigurationByteArray(MediaKeySystem *,const char *,uint8_t *,int32_t *)"
multimedia/drm_framework/native_mediakeysystem.h,175,OH_MediaKeySystem_GetConfigurationString,Drm_ErrCode,"MediaKeySystem * mediaKeySystem,const char * configName,char * value,int32_t valueLen","Drm_ErrCode OH_MediaKeySystem_GetConfigurationString(MediaKeySystem *,const char *,char *,int32_t)"
multimedia/drm_framework/native_mediakeysystem.h,229,OH_MediaKeySystem_GetMaxContentProtectionLevel,Drm_ErrCode,"MediaKeySystem * mediaKeySystem,DRM_ContentProtectionLevel * contentProtectionLevel","Drm_ErrCode OH_MediaKeySystem_GetMaxContentProtectionLevel(MediaKeySystem *,DRM_ContentProtectionLevel *)"
multimedia/drm_framework/native_mediakeysystem.h,103,OH_MediaKeySystem_GetMediaKeySystems,Drm_ErrCode,"DRM_MediaKeySystemDescription * descs,uint32_t * count","Drm_ErrCode OH_MediaKeySystem_GetMediaKeySystems(DRM_MediaKeySystemDescription *,uint32_t *)"
multimedia/drm_framework/native_mediakeysystem.h,304,OH_MediaKeySystem_GetOfflineMediaKeyIds,Drm_ErrCode,"MediaKeySystem * mediaKeySystem,DRM_OfflineMediakeyIdArray * offlineMediaKeyIds","Drm_ErrCode OH_MediaKeySystem_GetOfflineMediaKeyIds(MediaKeySystem *,DRM_OfflineMediakeyIdArray *)"
multimedia/drm_framework/native_mediakeysystem.h,319,OH_MediaKeySystem_GetOfflineMediaKeyStatus,Drm_ErrCode,"MediaKeySystem * mediaKeySystem,uint8_t * offlineMediaKeyId,int32_t offlineMediaKeyIdLen,DRM_OfflineMediaKeyStatus * status","Drm_ErrCode OH_MediaKeySystem_GetOfflineMediaKeyStatus(MediaKeySystem *,uint8_t *,int32_t,DRM_OfflineMediaKeyStatus *)"
multimedia/drm_framework/native_mediakeysystem.h,218,OH_MediaKeySystem_GetStatistics,Drm_ErrCode,"MediaKeySystem * mediaKeySystem,DRM_Statistics * statistics","Drm_ErrCode OH_MediaKeySystem_GetStatistics(MediaKeySystem *,DRM_Statistics *)"
multimedia/drm_framework/native_mediakeysystem.h,112,OH_MediaKeySystem_IsSupported,bool,const char * name,bool OH_MediaKeySystem_IsSupported(const char *)
multimedia/drm_framework/native_mediakeysystem.h,121,OH_MediaKeySystem_IsSupported2,bool,"const char * name,const char * mimeType","bool OH_MediaKeySystem_IsSupported2(const char *,const char *)"
multimedia/drm_framework/native_mediakeysystem.h,131,OH_MediaKeySystem_IsSupported3,bool,"const char * name,const char * mimeType,DRM_ContentProtectionLevel contentProtectionLevel","bool OH_MediaKeySystem_IsSupported3(const char *,const char *,DRM_ContentProtectionLevel)"
multimedia/drm_framework/native_mediakeysystem.h,290,OH_MediaKeySystem_ProcessKeySystemResponse,Drm_ErrCode,"MediaKeySystem * mediaKeySystem,uint8_t * response,int32_t responseLen","Drm_ErrCode OH_MediaKeySystem_ProcessKeySystemResponse(MediaKeySystem *,uint8_t *,int32_t)"
multimedia/drm_framework/native_mediakeysystem.h,89,OH_MediaKeySystem_SetCallback,Drm_ErrCode,"MediaKeySystem * mediaKeySystem,OH_MediaKeySystem_Callback callback","Drm_ErrCode OH_MediaKeySystem_SetCallback(MediaKeySystem *,OH_MediaKeySystem_Callback)"
multimedia/drm_framework/native_mediakeysystem.h,190,OH_MediaKeySystem_SetConfigurationByteArray,Drm_ErrCode,"MediaKeySystem * mediaKeySystem,const char * configName,uint8_t * value,int32_t valueLen","Drm_ErrCode OH_MediaKeySystem_SetConfigurationByteArray(MediaKeySystem *,const char *,uint8_t *,int32_t)"
multimedia/drm_framework/native_mediakeysystem.h,160,OH_MediaKeySystem_SetConfigurationString,Drm_ErrCode,"MediaKeySystem * mediaKeySystem,const char * configName,const char * value","Drm_ErrCode OH_MediaKeySystem_SetConfigurationString(MediaKeySystem *,const char *,const char *)"
multimedia/drm_framework/native_mediakeysystem.h,240,OH_MediaKeySystem_SetMediaKeySystemCallback,Drm_ErrCode,"MediaKeySystem * mediaKeySystem,MediaKeySystem_Callback callback","Drm_ErrCode OH_MediaKeySystem_SetMediaKeySystemCallback(MediaKeySystem *,MediaKeySystem_Callback)"
multimedia/image_effect/image_effect.h,77,OH_ImageEffect_AddFilter,OH_EffectFilter *,"OH_ImageEffect * imageEffect,const char * filterName","OH_EffectFilter * OH_ImageEffect_AddFilter(OH_ImageEffect *,const char *)"
multimedia/image_effect/image_effect.h,90,OH_ImageEffect_AddFilterByFilter,ImageEffect_ErrorCode,"OH_ImageEffect * imageEffect,OH_EffectFilter * filter","ImageEffect_ErrorCode OH_ImageEffect_AddFilterByFilter(OH_ImageEffect *,OH_EffectFilter *)"
multimedia/image_effect/image_effect.h,207,OH_ImageEffect_Configure,ImageEffect_ErrorCode,"OH_ImageEffect * imageEffect,const char * key,const ImageEffect_Any * value","ImageEffect_ErrorCode OH_ImageEffect_Configure(OH_ImageEffect *,const char *,const ImageEffect_Any *)"
multimedia/image_effect/image_effect.h,66,OH_ImageEffect_Create,OH_ImageEffect *,const char * name,OH_ImageEffect * OH_ImageEffect_Create(const char *)
multimedia/image_effect/image_effect.h,191,OH_ImageEffect_GetFilter,OH_EffectFilter *,"OH_ImageEffect * imageEffect,uint32_t index","OH_EffectFilter * OH_ImageEffect_GetFilter(OH_ImageEffect *,uint32_t)"
multimedia/image_effect/image_effect.h,180,OH_ImageEffect_GetFilterCount,int32_t,OH_ImageEffect * imageEffect,int32_t OH_ImageEffect_GetFilterCount(OH_ImageEffect *)
multimedia/image_effect/image_effect.h,236,OH_ImageEffect_GetInputSurface,ImageEffect_ErrorCode,"OH_ImageEffect * imageEffect,OHNativeWindow ** nativeWindow","ImageEffect_ErrorCode OH_ImageEffect_GetInputSurface(OH_ImageEffect *,OHNativeWindow **)"
multimedia/image_effect/image_effect.h,103,OH_ImageEffect_InsertFilter,OH_EffectFilter *,"OH_ImageEffect * imageEffect,uint32_t index,const char * filterName","OH_EffectFilter * OH_ImageEffect_InsertFilter(OH_ImageEffect *,uint32_t,const char *)"
multimedia/image_effect/image_effect.h,117,OH_ImageEffect_InsertFilterByFilter,ImageEffect_ErrorCode,"OH_ImageEffect * imageEffect,uint32_t index,OH_EffectFilter * filter","ImageEffect_ErrorCode OH_ImageEffect_InsertFilterByFilter(OH_ImageEffect *,uint32_t,OH_EffectFilter *)"
multimedia/image_effect/image_effect.h,384,OH_ImageEffect_Release,ImageEffect_ErrorCode,OH_ImageEffect * imageEffect,ImageEffect_ErrorCode OH_ImageEffect_Release(OH_ImageEffect *)
multimedia/image_effect/image_effect.h,129,OH_ImageEffect_RemoveFilter,int32_t,"OH_ImageEffect * imageEffect,const char * filterName","int32_t OH_ImageEffect_RemoveFilter(OH_ImageEffect *,const char *)"
multimedia/image_effect/image_effect.h,142,OH_ImageEffect_RemoveFilterByIndex,ImageEffect_ErrorCode,"OH_ImageEffect * imageEffect,uint32_t index","ImageEffect_ErrorCode OH_ImageEffect_RemoveFilterByIndex(OH_ImageEffect *,uint32_t)"
multimedia/image_effect/image_effect.h,155,OH_ImageEffect_ReplaceFilter,OH_EffectFilter *,"OH_ImageEffect * imageEffect,uint32_t index,const char * filterName","OH_EffectFilter * OH_ImageEffect_ReplaceFilter(OH_ImageEffect *,uint32_t,const char *)"
multimedia/image_effect/image_effect.h,169,OH_ImageEffect_ReplaceFilterByFilter,ImageEffect_ErrorCode,"OH_ImageEffect * imageEffect,uint32_t index,OH_EffectFilter * filter","ImageEffect_ErrorCode OH_ImageEffect_ReplaceFilterByFilter(OH_ImageEffect *,uint32_t,OH_EffectFilter *)"
multimedia/image_effect/image_effect.h,409,OH_ImageEffect_Restore,OH_ImageEffect *,const char * info,OH_ImageEffect * OH_ImageEffect_Restore(const char *)
multimedia/image_effect/image_effect.h,398,OH_ImageEffect_Save,ImageEffect_ErrorCode,"OH_ImageEffect * imageEffect,char ** info","ImageEffect_ErrorCode OH_ImageEffect_Save(OH_ImageEffect *,char **)"
multimedia/image_effect/image_effect.h,277,OH_ImageEffect_SetInputNativeBuffer,ImageEffect_ErrorCode,"OH_ImageEffect * imageEffect,OH_NativeBuffer * nativeBuffer","ImageEffect_ErrorCode OH_ImageEffect_SetInputNativeBuffer(OH_ImageEffect *,OH_NativeBuffer *)"
multimedia/image_effect/image_effect.h,331,OH_ImageEffect_SetInputPicture,ImageEffect_ErrorCode,"OH_ImageEffect * imageEffect,OH_PictureNative * picture","ImageEffect_ErrorCode OH_ImageEffect_SetInputPicture(OH_ImageEffect *,OH_PictureNative *)"
multimedia/image_effect/image_effect.h,250,OH_ImageEffect_SetInputPixelmap,ImageEffect_ErrorCode,"OH_ImageEffect * imageEffect,OH_PixelmapNative * pixelmap","ImageEffect_ErrorCode OH_ImageEffect_SetInputPixelmap(OH_ImageEffect *,OH_PixelmapNative *)"
multimedia/image_effect/image_effect.h,304,OH_ImageEffect_SetInputUri,ImageEffect_ErrorCode,"OH_ImageEffect * imageEffect,const char * uri","ImageEffect_ErrorCode OH_ImageEffect_SetInputUri(OH_ImageEffect *,const char *)"
multimedia/image_effect/image_effect.h,290,OH_ImageEffect_SetOutputNativeBuffer,ImageEffect_ErrorCode,"OH_ImageEffect * imageEffect,OH_NativeBuffer * nativeBuffer","ImageEffect_ErrorCode OH_ImageEffect_SetOutputNativeBuffer(OH_ImageEffect *,OH_NativeBuffer *)"
multimedia/image_effect/image_effect.h,344,OH_ImageEffect_SetOutputPicture,ImageEffect_ErrorCode,"OH_ImageEffect * imageEffect,OH_PictureNative * picture","ImageEffect_ErrorCode OH_ImageEffect_SetOutputPicture(OH_ImageEffect *,OH_PictureNative *)"
multimedia/image_effect/image_effect.h,263,OH_ImageEffect_SetOutputPixelmap,ImageEffect_ErrorCode,"OH_ImageEffect * imageEffect,OH_PixelmapNative * pixelmap","ImageEffect_ErrorCode OH_ImageEffect_SetOutputPixelmap(OH_ImageEffect *,OH_PixelmapNative *)"
multimedia/image_effect/image_effect.h,222,OH_ImageEffect_SetOutputSurface,ImageEffect_ErrorCode,"OH_ImageEffect * imageEffect,OHNativeWindow * nativeWindow","ImageEffect_ErrorCode OH_ImageEffect_SetOutputSurface(OH_ImageEffect *,OHNativeWindow *)"
multimedia/image_effect/image_effect.h,317,OH_ImageEffect_SetOutputUri,ImageEffect_ErrorCode,"OH_ImageEffect * imageEffect,const char * uri","ImageEffect_ErrorCode OH_ImageEffect_SetOutputUri(OH_ImageEffect *,const char *)"
multimedia/image_effect/image_effect.h,360,OH_ImageEffect_Start,ImageEffect_ErrorCode,OH_ImageEffect * imageEffect,ImageEffect_ErrorCode OH_ImageEffect_Start(OH_ImageEffect *)
multimedia/image_effect/image_effect.h,372,OH_ImageEffect_Stop,ImageEffect_ErrorCode,OH_ImageEffect * imageEffect,ImageEffect_ErrorCode OH_ImageEffect_Stop(OH_ImageEffect *)
multimedia/image_effect/image_effect_filter.h,379,OH_EffectBufferInfo_Create,OH_EffectBufferInfo *,void,OH_EffectBufferInfo * OH_EffectBufferInfo_Create(void)
multimedia/image_effect/image_effect_filter.h,405,OH_EffectBufferInfo_GetAddr,ImageEffect_ErrorCode,"OH_EffectBufferInfo * info,void ** addr","ImageEffect_ErrorCode OH_EffectBufferInfo_GetAddr(OH_EffectBufferInfo *,void **)"
multimedia/image_effect/image_effect_filter.h,509,OH_EffectBufferInfo_GetEffectFormat,ImageEffect_ErrorCode,"OH_EffectBufferInfo * info,ImageEffect_Format * format","ImageEffect_ErrorCode OH_EffectBufferInfo_GetEffectFormat(OH_EffectBufferInfo *,ImageEffect_Format *)"
multimedia/image_effect/image_effect_filter.h,457,OH_EffectBufferInfo_GetHeight,ImageEffect_ErrorCode,"OH_EffectBufferInfo * info,int32_t * height","ImageEffect_ErrorCode OH_EffectBufferInfo_GetHeight(OH_EffectBufferInfo *,int32_t *)"
multimedia/image_effect/image_effect_filter.h,483,OH_EffectBufferInfo_GetRowSize,ImageEffect_ErrorCode,"OH_EffectBufferInfo * info,int32_t * rowSize","ImageEffect_ErrorCode OH_EffectBufferInfo_GetRowSize(OH_EffectBufferInfo *,int32_t *)"
multimedia/image_effect/image_effect_filter.h,535,OH_EffectBufferInfo_GetTimestamp,ImageEffect_ErrorCode,"OH_EffectBufferInfo * info,int64_t * timestamp","ImageEffect_ErrorCode OH_EffectBufferInfo_GetTimestamp(OH_EffectBufferInfo *,int64_t *)"
multimedia/image_effect/image_effect_filter.h,431,OH_EffectBufferInfo_GetWidth,ImageEffect_ErrorCode,"OH_EffectBufferInfo * info,int32_t * width","ImageEffect_ErrorCode OH_EffectBufferInfo_GetWidth(OH_EffectBufferInfo *,int32_t *)"
multimedia/image_effect/image_effect_filter.h,547,OH_EffectBufferInfo_Release,ImageEffect_ErrorCode,OH_EffectBufferInfo * info,ImageEffect_ErrorCode OH_EffectBufferInfo_Release(OH_EffectBufferInfo *)
multimedia/image_effect/image_effect_filter.h,392,OH_EffectBufferInfo_SetAddr,ImageEffect_ErrorCode,"OH_EffectBufferInfo * info,void * addr","ImageEffect_ErrorCode OH_EffectBufferInfo_SetAddr(OH_EffectBufferInfo *,void *)"
multimedia/image_effect/image_effect_filter.h,496,OH_EffectBufferInfo_SetEffectFormat,ImageEffect_ErrorCode,"OH_EffectBufferInfo * info,ImageEffect_Format format","ImageEffect_ErrorCode OH_EffectBufferInfo_SetEffectFormat(OH_EffectBufferInfo *,ImageEffect_Format)"
multimedia/image_effect/image_effect_filter.h,444,OH_EffectBufferInfo_SetHeight,ImageEffect_ErrorCode,"OH_EffectBufferInfo * info,int32_t height","ImageEffect_ErrorCode OH_EffectBufferInfo_SetHeight(OH_EffectBufferInfo *,int32_t)"
multimedia/image_effect/image_effect_filter.h,470,OH_EffectBufferInfo_SetRowSize,ImageEffect_ErrorCode,"OH_EffectBufferInfo * info,int32_t rowSize","ImageEffect_ErrorCode OH_EffectBufferInfo_SetRowSize(OH_EffectBufferInfo *,int32_t)"
multimedia/image_effect/image_effect_filter.h,522,OH_EffectBufferInfo_SetTimestamp,ImageEffect_ErrorCode,"OH_EffectBufferInfo * info,int64_t timestamp","ImageEffect_ErrorCode OH_EffectBufferInfo_SetTimestamp(OH_EffectBufferInfo *,int64_t)"
multimedia/image_effect/image_effect_filter.h,418,OH_EffectBufferInfo_SetWidth,ImageEffect_ErrorCode,"OH_EffectBufferInfo * info,int32_t width","ImageEffect_ErrorCode OH_EffectBufferInfo_SetWidth(OH_EffectBufferInfo *,int32_t)"
multimedia/image_effect/image_effect_filter.h,234,OH_EffectFilterInfo_Create,OH_EffectFilterInfo *,void,OH_EffectFilterInfo * OH_EffectFilterInfo_Create(void)
multimedia/image_effect/image_effect_filter.h,260,OH_EffectFilterInfo_GetFilterName,ImageEffect_ErrorCode,"OH_EffectFilterInfo * info,char ** name","ImageEffect_ErrorCode OH_EffectFilterInfo_GetFilterName(OH_EffectFilterInfo *,char **)"
multimedia/image_effect/image_effect_filter.h,289,OH_EffectFilterInfo_GetSupportedBufferTypes,ImageEffect_ErrorCode,"OH_EffectFilterInfo * info,uint32_t * size,ImageEffect_BufferType ** bufferTypeArray","ImageEffect_ErrorCode OH_EffectFilterInfo_GetSupportedBufferTypes(OH_EffectFilterInfo *,uint32_t *,ImageEffect_BufferType **)"
multimedia/image_effect/image_effect_filter.h,319,OH_EffectFilterInfo_GetSupportedFormats,ImageEffect_ErrorCode,"OH_EffectFilterInfo * info,uint32_t * size,ImageEffect_Format ** formatArray","ImageEffect_ErrorCode OH_EffectFilterInfo_GetSupportedFormats(OH_EffectFilterInfo *,uint32_t *,ImageEffect_Format **)"
multimedia/image_effect/image_effect_filter.h,332,OH_EffectFilterInfo_Release,ImageEffect_ErrorCode,OH_EffectFilterInfo * info,ImageEffect_ErrorCode OH_EffectFilterInfo_Release(OH_EffectFilterInfo *)
multimedia/image_effect/image_effect_filter.h,247,OH_EffectFilterInfo_SetFilterName,ImageEffect_ErrorCode,"OH_EffectFilterInfo * info,const char * name","ImageEffect_ErrorCode OH_EffectFilterInfo_SetFilterName(OH_EffectFilterInfo *,const char *)"
multimedia/image_effect/image_effect_filter.h,274,OH_EffectFilterInfo_SetSupportedBufferTypes,ImageEffect_ErrorCode,"OH_EffectFilterInfo * info,uint32_t size,ImageEffect_BufferType * bufferTypeArray","ImageEffect_ErrorCode OH_EffectFilterInfo_SetSupportedBufferTypes(OH_EffectFilterInfo *,uint32_t,ImageEffect_BufferType *)"
multimedia/image_effect/image_effect_filter.h,304,OH_EffectFilterInfo_SetSupportedFormats,ImageEffect_ErrorCode,"OH_EffectFilterInfo * info,uint32_t size,ImageEffect_Format * formatArray","ImageEffect_ErrorCode OH_EffectFilterInfo_SetSupportedFormats(OH_EffectFilterInfo *,uint32_t,ImageEffect_Format *)"
multimedia/image_effect/image_effect_filter.h,674,OH_EffectFilter_Create,OH_EffectFilter *,const char * name,OH_EffectFilter * OH_EffectFilter_Create(const char *)
multimedia/image_effect/image_effect_filter.h,705,OH_EffectFilter_GetValue,ImageEffect_ErrorCode,"OH_EffectFilter * filter,const char * key,ImageEffect_Any * value","ImageEffect_ErrorCode OH_EffectFilter_GetValue(OH_EffectFilter *,const char *,ImageEffect_Any *)"
multimedia/image_effect/image_effect_filter.h,751,OH_EffectFilter_LookupFilterInfo,ImageEffect_ErrorCode,"const char * name,OH_EffectFilterInfo * info","ImageEffect_ErrorCode OH_EffectFilter_LookupFilterInfo(const char *,OH_EffectFilterInfo *)"
multimedia/image_effect/image_effect_filter.h,730,OH_EffectFilter_LookupFilters,ImageEffect_FilterNames *,const char * key,ImageEffect_FilterNames * OH_EffectFilter_LookupFilters(const char *)
multimedia/image_effect/image_effect_filter.h,718,OH_EffectFilter_Register,ImageEffect_ErrorCode,"const OH_EffectFilterInfo * info,const ImageEffect_FilterDelegate * delegate","ImageEffect_ErrorCode OH_EffectFilter_Register(const OH_EffectFilterInfo *,const ImageEffect_FilterDelegate *)"
multimedia/image_effect/image_effect_filter.h,778,OH_EffectFilter_Release,ImageEffect_ErrorCode,OH_EffectFilter * filter,ImageEffect_ErrorCode OH_EffectFilter_Release(OH_EffectFilter *)
multimedia/image_effect/image_effect_filter.h,738,OH_EffectFilter_ReleaseFilterNames,void,void,void OH_EffectFilter_ReleaseFilterNames(void)
multimedia/image_effect/image_effect_filter.h,765,OH_EffectFilter_Render,ImageEffect_ErrorCode,"OH_EffectFilter * filter,OH_PixelmapNative * inputPixelmap,OH_PixelmapNative * outputPixelmap","ImageEffect_ErrorCode OH_EffectFilter_Render(OH_EffectFilter *,OH_PixelmapNative *,OH_PixelmapNative *)"
multimedia/image_effect/image_effect_filter.h,690,OH_EffectFilter_SetValue,ImageEffect_ErrorCode,"OH_EffectFilter * filter,const char * key,const ImageEffect_Any * value","ImageEffect_ErrorCode OH_EffectFilter_SetValue(OH_EffectFilter *,const char *,const ImageEffect_Any *)"
multimedia/image_framework/image_mdk.h,150,OH_Image_ClipRect,int32_t,"const ImageNative * native,struct OhosImageRect * rect","int32_t OH_Image_ClipRect(const ImageNative *,struct OhosImageRect *)"
multimedia/image_framework/image_mdk.h,182,OH_Image_Format,int32_t,"const ImageNative * native,int32_t * format","int32_t OH_Image_Format(const ImageNative *,int32_t *)"
multimedia/image_framework/image_mdk.h,199,OH_Image_GetComponent,int32_t,"const ImageNative * native,int32_t componentType,struct OhosImageComponent * componentNative","int32_t OH_Image_GetComponent(const ImageNative *,int32_t,struct OhosImageComponent *)"
multimedia/image_framework/image_mdk.h,134,OH_Image_InitImageNative,ImageNative *,"napi_env env,napi_value source","ImageNative * OH_Image_InitImageNative(napi_env,napi_value)"
multimedia/image_framework/image_mdk.h,217,OH_Image_Release,int32_t,ImageNative * native,int32_t OH_Image_Release(ImageNative *)
multimedia/image_framework/image_mdk.h,166,OH_Image_Size,int32_t,"const ImageNative * native,struct OhosImageSize * size","int32_t OH_Image_Size(const ImageNative *,struct OhosImageSize *)"
multimedia/image_framework/image_packer_mdk.h,102,OH_ImagePacker_Create,int32_t,"napi_env env,napi_value * res","int32_t OH_ImagePacker_Create(napi_env,napi_value *)"
multimedia/image_framework/image_packer_mdk.h,116,OH_ImagePacker_InitNative,ImagePacker_Native *,"napi_env env,napi_value packer","ImagePacker_Native * OH_ImagePacker_InitNative(napi_env,napi_value)"
multimedia/image_framework/image_packer_mdk.h,137,OH_ImagePacker_PackToData,int32_t,"ImagePacker_Native * native,napi_value source,ImagePacker_Opts * opts,uint8_t * outData,size_t * size","int32_t OH_ImagePacker_PackToData(ImagePacker_Native *,napi_value,ImagePacker_Opts *,uint8_t *,size_t *)"
multimedia/image_framework/image_packer_mdk.h,158,OH_ImagePacker_PackToFile,int32_t,"ImagePacker_Native * native,napi_value source,ImagePacker_Opts * opts,int fd","int32_t OH_ImagePacker_PackToFile(ImagePacker_Native *,napi_value,ImagePacker_Opts *,int)"
multimedia/image_framework/image_packer_mdk.h,174,OH_ImagePacker_Release,int32_t,ImagePacker_Native * native,int32_t OH_ImagePacker_Release(ImagePacker_Native *)
multimedia/image_framework/image_pixel_map_mdk.h,654,OH_PixelMap_AccessPixels,int32_t,"const NativePixelMap * native,void ** addr","int32_t OH_PixelMap_AccessPixels(const NativePixelMap *,void **)"
multimedia/image_framework/image_pixel_map_mdk.h,275,OH_PixelMap_CreateAlphaPixelMap,int32_t,"napi_env env,napi_value source,napi_value * alpha","int32_t OH_PixelMap_CreateAlphaPixelMap(napi_env,napi_value,napi_value *)"
multimedia/image_framework/image_pixel_map_mdk.h,208,OH_PixelMap_CreatePixelMap,int32_t,"napi_env env,OhosPixelMapCreateOps info,void * buf,size_t len,napi_value * res","int32_t OH_PixelMap_CreatePixelMap(napi_env,OhosPixelMapCreateOps,void *,size_t,napi_value *)"
multimedia/image_framework/image_pixel_map_mdk.h,233,OH_PixelMap_CreatePixelMapWithStride,int32_t,"napi_env env,OhosPixelMapCreateOps info,void * buf,size_t len,int32_t rowStride,napi_value * res","int32_t OH_PixelMap_CreatePixelMapWithStride(napi_env,OhosPixelMapCreateOps,void *,size_t,int32_t,napi_value *)"
multimedia/image_framework/image_pixel_map_mdk.h,592,OH_PixelMap_Crop,int32_t,"const NativePixelMap * native,int32_t x,int32_t y,int32_t width,int32_t height","int32_t OH_PixelMap_Crop(const NativePixelMap *,int32_t,int32_t,int32_t,int32_t)"
multimedia/image_framework/image_pixel_map_mdk.h,558,OH_PixelMap_Flip,int32_t,"const NativePixelMap * native,int32_t x,int32_t y","int32_t OH_PixelMap_Flip(const NativePixelMap *,int32_t,int32_t)"
multimedia/image_framework/image_pixel_map_mdk.h,305,OH_PixelMap_GetBytesNumberPerRow,int32_t,"const NativePixelMap * native,int32_t * num","int32_t OH_PixelMap_GetBytesNumberPerRow(const NativePixelMap *,int32_t *)"
multimedia/image_framework/image_pixel_map_mdk.h,373,OH_PixelMap_GetDensity,int32_t,"const NativePixelMap * native,int32_t * density","int32_t OH_PixelMap_GetDensity(const NativePixelMap *,int32_t *)"
multimedia/image_framework/image_pixel_map_mdk.h,623,OH_PixelMap_GetImageInfo,int32_t,"const NativePixelMap * native,OhosPixelMapInfos * info","int32_t OH_PixelMap_GetImageInfo(const NativePixelMap *,OhosPixelMapInfos *)"
multimedia/image_framework/image_pixel_map_mdk.h,322,OH_PixelMap_GetIsEditable,int32_t,"const NativePixelMap * native,int32_t * editable","int32_t OH_PixelMap_GetIsEditable(const NativePixelMap *,int32_t *)"
multimedia/image_framework/image_pixel_map_mdk.h,288,OH_PixelMap_InitNativePixelMap,NativePixelMap *,"napi_env env,napi_value source","NativePixelMap * OH_PixelMap_InitNativePixelMap(napi_env,napi_value)"
multimedia/image_framework/image_pixel_map_mdk.h,339,OH_PixelMap_IsSupportAlpha,int32_t,"const NativePixelMap * native,int32_t * alpha","int32_t OH_PixelMap_IsSupportAlpha(const NativePixelMap *,int32_t *)"
multimedia/image_framework/image_pixel_map_mdk.h,526,OH_PixelMap_Rotate,int32_t,"const NativePixelMap * native,float angle","int32_t OH_PixelMap_Rotate(const NativePixelMap *,float)"
multimedia/image_framework/image_pixel_map_mdk.h,439,OH_PixelMap_Scale,int32_t,"const NativePixelMap * native,float x,float y","int32_t OH_PixelMap_Scale(const NativePixelMap *,float,float)"
multimedia/image_framework/image_pixel_map_mdk.h,462,OH_PixelMap_ScaleWithAntiAliasing,int32_t,"const NativePixelMap * native,float x,float y,OH_PixelMap_AntiAliasingLevel level","int32_t OH_PixelMap_ScaleWithAntiAliasing(const NativePixelMap *,float,float,OH_PixelMap_AntiAliasingLevel)"
multimedia/image_framework/image_pixel_map_mdk.h,356,OH_PixelMap_SetAlphaAble,int32_t,"const NativePixelMap * native,int32_t alpha","int32_t OH_PixelMap_SetAlphaAble(const NativePixelMap *,int32_t)"
multimedia/image_framework/image_pixel_map_mdk.h,390,OH_PixelMap_SetDensity,int32_t,"const NativePixelMap * native,int32_t density","int32_t OH_PixelMap_SetDensity(const NativePixelMap *,int32_t)"
multimedia/image_framework/image_pixel_map_mdk.h,407,OH_PixelMap_SetOpacity,int32_t,"const NativePixelMap * native,float opacity","int32_t OH_PixelMap_SetOpacity(const NativePixelMap *,float)"
multimedia/image_framework/image_pixel_map_mdk.h,495,OH_PixelMap_Translate,int32_t,"const NativePixelMap * native,float x,float y","int32_t OH_PixelMap_Translate(const NativePixelMap *,float,float)"
multimedia/image_framework/image_pixel_map_mdk.h,685,OH_PixelMap_UnAccessPixels,int32_t,const NativePixelMap * native,int32_t OH_PixelMap_UnAccessPixels(const NativePixelMap *)
multimedia/image_framework/image_pixel_map_napi.h,157,OH_AccessPixels,int32_t,"napi_env env,napi_value value,void ** addrPtr","int32_t OH_AccessPixels(napi_env,napi_value,void **)"
multimedia/image_framework/image_pixel_map_napi.h,138,OH_GetImageInfo,int32_t,"napi_env env,napi_value value,OhosPixelMapInfo * info","int32_t OH_GetImageInfo(napi_env,napi_value,OhosPixelMapInfo *)"
multimedia/image_framework/image_pixel_map_napi.h,170,OH_UnAccessPixels,int32_t,"napi_env env,napi_value value","int32_t OH_UnAccessPixels(napi_env,napi_value)"
multimedia/image_framework/image_receiver_mdk.h,110,OH_Image_Receiver_CreateImageReceiver,int32_t,"napi_env env,struct OhosImageReceiverInfo info,napi_value * res","int32_t OH_Image_Receiver_CreateImageReceiver(napi_env,struct OhosImageReceiverInfo,napi_value *)"
multimedia/image_framework/image_receiver_mdk.h,241,OH_Image_Receiver_GetCapacity,int32_t,"const ImageReceiverNative * native,int32_t * capacity","int32_t OH_Image_Receiver_GetCapacity(const ImageReceiverNative *,int32_t *)"
multimedia/image_framework/image_receiver_mdk.h,258,OH_Image_Receiver_GetFormat,int32_t,"const ImageReceiverNative * native,int32_t * format","int32_t OH_Image_Receiver_GetFormat(const ImageReceiverNative *,int32_t *)"
multimedia/image_framework/image_receiver_mdk.h,144,OH_Image_Receiver_GetReceivingSurfaceId,int32_t,"const ImageReceiverNative * native,char * id,size_t len","int32_t OH_Image_Receiver_GetReceivingSurfaceId(const ImageReceiverNative *,char *,size_t)"
multimedia/image_framework/image_receiver_mdk.h,225,OH_Image_Receiver_GetSize,int32_t,"const ImageReceiverNative * native,struct OhosImageSize * size","int32_t OH_Image_Receiver_GetSize(const ImageReceiverNative *,struct OhosImageSize *)"
multimedia/image_framework/image_receiver_mdk.h,124,OH_Image_Receiver_InitImageReceiverNative,ImageReceiverNative *,"napi_env env,napi_value source","ImageReceiverNative * OH_Image_Receiver_InitImageReceiverNative(napi_env,napi_value)"
multimedia/image_framework/image_receiver_mdk.h,209,OH_Image_Receiver_On,int32_t,"const ImageReceiverNative * native,OH_Image_Receiver_On_Callback callback","int32_t OH_Image_Receiver_On(const ImageReceiverNative *,OH_Image_Receiver_On_Callback)"
multimedia/image_framework/image_receiver_mdk.h,166,OH_Image_Receiver_ReadLatestImage,int32_t,"const ImageReceiverNative * native,napi_value * image","int32_t OH_Image_Receiver_ReadLatestImage(const ImageReceiverNative *,napi_value *)"
multimedia/image_framework/image_receiver_mdk.h,188,OH_Image_Receiver_ReadNextImage,int32_t,"const ImageReceiverNative * native,napi_value * image","int32_t OH_Image_Receiver_ReadNextImage(const ImageReceiverNative *,napi_value *)"
multimedia/image_framework/image_receiver_mdk.h,274,OH_Image_Receiver_Release,int32_t,ImageReceiverNative * native,int32_t OH_Image_Receiver_Release(ImageReceiverNative *)
multimedia/image_framework/image_source_mdk.h,447,OH_ImageSource_Create,int32_t,"napi_env env,struct OhosImageSource * src,struct OhosImageSourceOps * ops,napi_value * res","int32_t OH_ImageSource_Create(napi_env,struct OhosImageSource *,struct OhosImageSourceOps *,napi_value *)"
multimedia/image_framework/image_source_mdk.h,515,OH_ImageSource_CreateFromData,int32_t,"napi_env env,uint8_t * data,size_t dataSize,struct OhosImageSourceOps * ops,napi_value * res","int32_t OH_ImageSource_CreateFromData(napi_env,uint8_t *,size_t,struct OhosImageSourceOps *,napi_value *)"
multimedia/image_framework/image_source_mdk.h,492,OH_ImageSource_CreateFromFd,int32_t,"napi_env env,int32_t fd,struct OhosImageSourceOps * ops,napi_value * res","int32_t OH_ImageSource_CreateFromFd(napi_env,int32_t,struct OhosImageSourceOps *,napi_value *)"
multimedia/image_framework/image_source_mdk.h,537,OH_ImageSource_CreateFromRawFile,int32_t,"napi_env env,RawFileDescriptor rawFile,struct OhosImageSourceOps * ops,napi_value * res","int32_t OH_ImageSource_CreateFromRawFile(napi_env,RawFileDescriptor,struct OhosImageSourceOps *,napi_value *)"
multimedia/image_framework/image_source_mdk.h,470,OH_ImageSource_CreateFromUri,int32_t,"napi_env env,char * uri,size_t size,struct OhosImageSourceOps * ops,napi_value * res","int32_t OH_ImageSource_CreateFromUri(napi_env,char *,size_t,struct OhosImageSourceOps *,napi_value *)"
multimedia/image_framework/image_source_mdk.h,577,OH_ImageSource_CreateIncremental,int32_t,"napi_env env,struct OhosImageSource * source,struct OhosImageSourceOps * ops,napi_value * res","int32_t OH_ImageSource_CreateIncremental(napi_env,struct OhosImageSource *,struct OhosImageSourceOps *,napi_value *)"
multimedia/image_framework/image_source_mdk.h,601,OH_ImageSource_CreateIncrementalFromData,int32_t,"napi_env env,uint8_t * data,size_t dataSize,struct OhosImageSourceOps * ops,napi_value * res","int32_t OH_ImageSource_CreateIncrementalFromData(napi_env,uint8_t *,size_t,struct OhosImageSourceOps *,napi_value *)"
multimedia/image_framework/image_source_mdk.h,685,OH_ImageSource_CreatePixelMap,int32_t,"const ImageSourceNative * native,struct OhosImageDecodingOps * ops,napi_value * res","int32_t OH_ImageSource_CreatePixelMap(const ImageSourceNative *,struct OhosImageDecodingOps *,napi_value *)"
multimedia/image_framework/image_source_mdk.h,733,OH_ImageSource_CreatePixelMapList,int32_t,"const ImageSourceNative * native,struct OhosImageDecodingOps * ops,napi_value * res","int32_t OH_ImageSource_CreatePixelMapList(const ImageSourceNative *,struct OhosImageDecodingOps *,napi_value *)"
multimedia/image_framework/image_source_mdk.h,768,OH_ImageSource_GetDelayTime,int32_t,"const ImageSourceNative * native,struct OhosImageSourceDelayTimeList * res","int32_t OH_ImageSource_GetDelayTime(const ImageSourceNative *,struct OhosImageSourceDelayTimeList *)"
multimedia/image_framework/image_source_mdk.h,800,OH_ImageSource_GetFrameCount,int32_t,"const ImageSourceNative * native,uint32_t * res","int32_t OH_ImageSource_GetFrameCount(const ImageSourceNative *,uint32_t *)"
multimedia/image_framework/image_source_mdk.h,833,OH_ImageSource_GetImageInfo,int32_t,"const ImageSourceNative * native,int32_t index,struct OhosImageSourceInfo * info","int32_t OH_ImageSource_GetImageInfo(const ImageSourceNative *,int32_t,struct OhosImageSourceInfo *)"
multimedia/image_framework/image_source_mdk.h,869,OH_ImageSource_GetImageProperty,int32_t,"const ImageSourceNative * native,struct OhosImageSourceProperty * key,struct OhosImageSourceProperty * value","int32_t OH_ImageSource_GetImageProperty(const ImageSourceNative *,struct OhosImageSourceProperty *,struct OhosImageSourceProperty *)"
multimedia/image_framework/image_source_mdk.h,624,OH_ImageSource_GetSupportedFormats,int32_t,struct OhosImageSourceSupportedFormatList * res,int32_t OH_ImageSource_GetSupportedFormats(struct OhosImageSourceSupportedFormatList *)
multimedia/image_framework/image_source_mdk.h,640,OH_ImageSource_InitNative,ImageSourceNative *,"napi_env env,napi_value source","ImageSourceNative * OH_ImageSource_InitNative(napi_env,napi_value)"
multimedia/image_framework/image_source_mdk.h,902,OH_ImageSource_ModifyImageProperty,int32_t,"const ImageSourceNative * native,struct OhosImageSourceProperty * key,struct OhosImageSourceProperty * value","int32_t OH_ImageSource_ModifyImageProperty(const ImageSourceNative *,struct OhosImageSourceProperty *,struct OhosImageSourceProperty *)"
multimedia/image_framework/image_source_mdk.h,964,OH_ImageSource_Release,int32_t,ImageSourceNative * native,int32_t OH_ImageSource_Release(ImageSourceNative *)
multimedia/image_framework/image_source_mdk.h,945,OH_ImageSource_UpdateData,int32_t,"const ImageSourceNative * native,struct OhosImageSourceUpdateData * data","int32_t OH_ImageSource_UpdateData(const ImageSourceNative *,struct OhosImageSourceUpdateData *)"
multimedia/image_framework/image/image_common.h,299,OH_PictureMetadata_Clone,Image_ErrorCode,"OH_PictureMetadata * oldMetadata,OH_PictureMetadata ** newMetadata","Image_ErrorCode OH_PictureMetadata_Clone(OH_PictureMetadata *,OH_PictureMetadata **)"
multimedia/image_framework/image/image_common.h,244,OH_PictureMetadata_Create,Image_ErrorCode,"Image_MetadataType metadataType,OH_PictureMetadata ** metadata","Image_ErrorCode OH_PictureMetadata_Create(Image_MetadataType,OH_PictureMetadata **)"
multimedia/image_framework/image/image_common.h,259,OH_PictureMetadata_GetProperty,Image_ErrorCode,"OH_PictureMetadata * metadata,Image_String * key,Image_String * value","Image_ErrorCode OH_PictureMetadata_GetProperty(OH_PictureMetadata *,Image_String *,Image_String *)"
multimedia/image_framework/image/image_common.h,285,OH_PictureMetadata_Release,Image_ErrorCode,OH_PictureMetadata * metadata,Image_ErrorCode OH_PictureMetadata_Release(OH_PictureMetadata *)
multimedia/image_framework/image/image_common.h,274,OH_PictureMetadata_SetProperty,Image_ErrorCode,"OH_PictureMetadata * metadata,Image_String * key,Image_String * value","Image_ErrorCode OH_PictureMetadata_SetProperty(OH_PictureMetadata *,Image_String *,Image_String *)"
multimedia/image_framework/image/image_native.h,108,OH_ImageNative_GetBufferSize,Image_ErrorCode,"OH_ImageNative * image,uint32_t componentType,size_t * size","Image_ErrorCode OH_ImageNative_GetBufferSize(OH_ImageNative *,uint32_t,size_t *)"
multimedia/image_framework/image/image_native.h,95,OH_ImageNative_GetByteBuffer,Image_ErrorCode,"OH_ImageNative * image,uint32_t componentType,OH_NativeBuffer ** nativeBuffer","Image_ErrorCode OH_ImageNative_GetByteBuffer(OH_ImageNative *,uint32_t,OH_NativeBuffer **)"
multimedia/image_framework/image/image_native.h,82,OH_ImageNative_GetComponentTypes,Image_ErrorCode,"OH_ImageNative * image,uint32_t ** types,size_t * typeSize","Image_ErrorCode OH_ImageNative_GetComponentTypes(OH_ImageNative *,uint32_t **,size_t *)"
multimedia/image_framework/image/image_native.h,70,OH_ImageNative_GetImageSize,Image_ErrorCode,"OH_ImageNative * image,Image_Size * size","Image_ErrorCode OH_ImageNative_GetImageSize(OH_ImageNative *,Image_Size *)"
multimedia/image_framework/image/image_native.h,134,OH_ImageNative_GetPixelStride,Image_ErrorCode,"OH_ImageNative * image,uint32_t componentType,int32_t * pixelStride","Image_ErrorCode OH_ImageNative_GetPixelStride(OH_ImageNative *,uint32_t,int32_t *)"
multimedia/image_framework/image/image_native.h,121,OH_ImageNative_GetRowStride,Image_ErrorCode,"OH_ImageNative * image,uint32_t componentType,int32_t * rowStride","Image_ErrorCode OH_ImageNative_GetRowStride(OH_ImageNative *,uint32_t,int32_t *)"
multimedia/image_framework/image/image_native.h,147,OH_ImageNative_GetTimestamp,Image_ErrorCode,"OH_ImageNative * image,int64_t * timestamp","Image_ErrorCode OH_ImageNative_GetTimestamp(OH_ImageNative *,int64_t *)"
multimedia/image_framework/image/image_native.h,158,OH_ImageNative_Release,Image_ErrorCode,OH_ImageNative * image,Image_ErrorCode OH_ImageNative_Release(OH_ImageNative *)
multimedia/image_framework/image/image_packer_native.h,192,OH_ImagePackerNative_Create,Image_ErrorCode,OH_ImagePackerNative ** imagePacker,Image_ErrorCode OH_ImagePackerNative_Create(OH_ImagePackerNative **)
multimedia/image_framework/image/image_packer_native.h,205,OH_ImagePackerNative_PackToDataFromImageSource,Image_ErrorCode,"OH_ImagePackerNative * imagePacker,OH_PackingOptions * options,OH_ImageSourceNative * imageSource,uint8_t * outData,size_t * size","Image_ErrorCode OH_ImagePackerNative_PackToDataFromImageSource(OH_ImagePackerNative *,OH_PackingOptions *,OH_ImageSourceNative *,uint8_t *,size_t *)"
multimedia/image_framework/image/image_packer_native.h,237,OH_ImagePackerNative_PackToDataFromPicture,Image_ErrorCode,"OH_ImagePackerNative * imagePacker,OH_PackingOptions * options,OH_PictureNative * picture,uint8_t * outData,size_t * size","Image_ErrorCode OH_ImagePackerNative_PackToDataFromPicture(OH_ImagePackerNative *,OH_PackingOptions *,OH_PictureNative *,uint8_t *,size_t *)"
multimedia/image_framework/image/image_packer_native.h,219,OH_ImagePackerNative_PackToDataFromPixelmap,Image_ErrorCode,"OH_ImagePackerNative * imagePacker,OH_PackingOptions * options,OH_PixelmapNative * pixelmap,uint8_t * outData,size_t * size","Image_ErrorCode OH_ImagePackerNative_PackToDataFromPixelmap(OH_ImagePackerNative *,OH_PackingOptions *,OH_PixelmapNative *,uint8_t *,size_t *)"
multimedia/image_framework/image/image_packer_native.h,250,OH_ImagePackerNative_PackToFileFromImageSource,Image_ErrorCode,"OH_ImagePackerNative * imagePacker,OH_PackingOptions * options,OH_ImageSourceNative * imageSource,int32_t fd","Image_ErrorCode OH_ImagePackerNative_PackToFileFromImageSource(OH_ImagePackerNative *,OH_PackingOptions *,OH_ImageSourceNative *,int32_t)"
multimedia/image_framework/image/image_packer_native.h,279,OH_ImagePackerNative_PackToFileFromPicture,Image_ErrorCode,"OH_ImagePackerNative * imagePacker,OH_PackingOptions * options,OH_PictureNative * picture,int32_t fd","Image_ErrorCode OH_ImagePackerNative_PackToFileFromPicture(OH_ImagePackerNative *,OH_PackingOptions *,OH_PictureNative *,int32_t)"
multimedia/image_framework/image/image_packer_native.h,263,OH_ImagePackerNative_PackToFileFromPixelmap,Image_ErrorCode,"OH_ImagePackerNative * imagePacker,OH_PackingOptions * options,OH_PixelmapNative * pixelmap,int32_t fd","Image_ErrorCode OH_ImagePackerNative_PackToFileFromPixelmap(OH_ImagePackerNative *,OH_PackingOptions *,OH_PixelmapNative *,int32_t)"
multimedia/image_framework/image/image_packer_native.h,289,OH_ImagePackerNative_Release,Image_ErrorCode,OH_ImagePackerNative * imagePacker,Image_ErrorCode OH_ImagePackerNative_Release(OH_ImagePackerNative *)
multimedia/image_framework/image/image_packer_native.h,85,OH_PackingOptions_Create,Image_ErrorCode,OH_PackingOptions ** options,Image_ErrorCode OH_PackingOptions_Create(OH_PackingOptions **)
multimedia/image_framework/image/image_packer_native.h,163,OH_PackingOptions_GetDesiredDynamicRange,Image_ErrorCode,"OH_PackingOptions * options,int32_t * desiredDynamicRange","Image_ErrorCode OH_PackingOptions_GetDesiredDynamicRange(OH_PackingOptions *,int32_t *)"
multimedia/image_framework/image/image_packer_native.h,96,OH_PackingOptions_GetMimeType,Image_ErrorCode,"OH_PackingOptions * options,Image_MimeType * format","Image_ErrorCode OH_PackingOptions_GetMimeType(OH_PackingOptions *,Image_MimeType *)"
multimedia/image_framework/image/image_packer_native.h,140,OH_PackingOptions_GetNeedsPackProperties,Image_ErrorCode,"OH_PackingOptions * options,bool * needsPackProperties","Image_ErrorCode OH_PackingOptions_GetNeedsPackProperties(OH_PackingOptions *,bool *)"
multimedia/image_framework/image/image_packer_native.h,118,OH_PackingOptions_GetQuality,Image_ErrorCode,"OH_PackingOptions * options,uint32_t * quality","Image_ErrorCode OH_PackingOptions_GetQuality(OH_PackingOptions *,uint32_t *)"
multimedia/image_framework/image/image_packer_native.h,183,OH_PackingOptions_Release,Image_ErrorCode,OH_PackingOptions * options,Image_ErrorCode OH_PackingOptions_Release(OH_PackingOptions *)
multimedia/image_framework/image/image_packer_native.h,174,OH_PackingOptions_SetDesiredDynamicRange,Image_ErrorCode,"OH_PackingOptions * options,int32_t desiredDynamicRange","Image_ErrorCode OH_PackingOptions_SetDesiredDynamicRange(OH_PackingOptions *,int32_t)"
multimedia/image_framework/image/image_packer_native.h,107,OH_PackingOptions_SetMimeType,Image_ErrorCode,"OH_PackingOptions * options,Image_MimeType * format","Image_ErrorCode OH_PackingOptions_SetMimeType(OH_PackingOptions *,Image_MimeType *)"
multimedia/image_framework/image/image_packer_native.h,151,OH_PackingOptions_SetNeedsPackProperties,Image_ErrorCode,"OH_PackingOptions * options,bool needsPackProperties","Image_ErrorCode OH_PackingOptions_SetNeedsPackProperties(OH_PackingOptions *,bool)"
multimedia/image_framework/image/image_packer_native.h,129,OH_PackingOptions_SetQuality,Image_ErrorCode,"OH_PackingOptions * options,uint32_t quality","Image_ErrorCode OH_PackingOptions_SetQuality(OH_PackingOptions *,uint32_t)"
multimedia/image_framework/image/image_receiver_native.h,156,OH_ImageReceiverNative_Create,Image_ErrorCode,"OH_ImageReceiverOptions * options,OH_ImageReceiverNative ** receiver","Image_ErrorCode OH_ImageReceiverNative_Create(OH_ImageReceiverOptions *,OH_ImageReceiverNative **)"
multimedia/image_framework/image/image_receiver_native.h,248,OH_ImageReceiverNative_GetCapacity,Image_ErrorCode,"OH_ImageReceiverNative * receiver,int32_t * capacity","Image_ErrorCode OH_ImageReceiverNative_GetCapacity(OH_ImageReceiverNative *,int32_t *)"
multimedia/image_framework/image/image_receiver_native.h,169,OH_ImageReceiverNative_GetReceivingSurfaceId,Image_ErrorCode,"OH_ImageReceiverNative * receiver,uint64_t * surfaceId","Image_ErrorCode OH_ImageReceiverNative_GetReceivingSurfaceId(OH_ImageReceiverNative *,uint64_t *)"
multimedia/image_framework/image/image_receiver_native.h,236,OH_ImageReceiverNative_GetSize,Image_ErrorCode,"OH_ImageReceiverNative * receiver,Image_Size * size","Image_ErrorCode OH_ImageReceiverNative_GetSize(OH_ImageReceiverNative *,Image_Size *)"
multimedia/image_framework/image/image_receiver_native.h,224,OH_ImageReceiverNative_Off,Image_ErrorCode,OH_ImageReceiverNative * receiver,Image_ErrorCode OH_ImageReceiverNative_Off(OH_ImageReceiverNative *)
multimedia/image_framework/image/image_receiver_native.h,211,OH_ImageReceiverNative_On,Image_ErrorCode,"OH_ImageReceiverNative * receiver,OH_ImageReceiver_OnCallback callback","Image_ErrorCode OH_ImageReceiverNative_On(OH_ImageReceiverNative *,OH_ImageReceiver_OnCallback)"
multimedia/image_framework/image/image_receiver_native.h,183,OH_ImageReceiverNative_ReadLatestImage,Image_ErrorCode,"OH_ImageReceiverNative * receiver,OH_ImageNative ** image","Image_ErrorCode OH_ImageReceiverNative_ReadLatestImage(OH_ImageReceiverNative *,OH_ImageNative **)"
multimedia/image_framework/image/image_receiver_native.h,197,OH_ImageReceiverNative_ReadNextImage,Image_ErrorCode,"OH_ImageReceiverNative * receiver,OH_ImageNative ** image","Image_ErrorCode OH_ImageReceiverNative_ReadNextImage(OH_ImageReceiverNative *,OH_ImageNative **)"
multimedia/image_framework/image/image_receiver_native.h,261,OH_ImageReceiverNative_Release,Image_ErrorCode,OH_ImageReceiverNative * receiver,Image_ErrorCode OH_ImageReceiverNative_Release(OH_ImageReceiverNative *)
multimedia/image_framework/image/image_receiver_native.h,88,OH_ImageReceiverOptions_Create,Image_ErrorCode,OH_ImageReceiverOptions ** options,Image_ErrorCode OH_ImageReceiverOptions_Create(OH_ImageReceiverOptions **)
multimedia/image_framework/image/image_receiver_native.h,121,OH_ImageReceiverOptions_GetCapacity,Image_ErrorCode,"OH_ImageReceiverOptions * options,int32_t * capacity","Image_ErrorCode OH_ImageReceiverOptions_GetCapacity(OH_ImageReceiverOptions *,int32_t *)"
multimedia/image_framework/image/image_receiver_native.h,99,OH_ImageReceiverOptions_GetSize,Image_ErrorCode,"OH_ImageReceiverOptions * options,Image_Size * size","Image_ErrorCode OH_ImageReceiverOptions_GetSize(OH_ImageReceiverOptions *,Image_Size *)"
multimedia/image_framework/image/image_receiver_native.h,144,OH_ImageReceiverOptions_Release,Image_ErrorCode,OH_ImageReceiverOptions * options,Image_ErrorCode OH_ImageReceiverOptions_Release(OH_ImageReceiverOptions *)
multimedia/image_framework/image/image_receiver_native.h,132,OH_ImageReceiverOptions_SetCapacity,Image_ErrorCode,"OH_ImageReceiverOptions * options,int32_t capacity","Image_ErrorCode OH_ImageReceiverOptions_SetCapacity(OH_ImageReceiverOptions *,int32_t)"
multimedia/image_framework/image/image_receiver_native.h,110,OH_ImageReceiverOptions_SetSize,Image_ErrorCode,"OH_ImageReceiverOptions * options,Image_Size size","Image_ErrorCode OH_ImageReceiverOptions_SetSize(OH_ImageReceiverOptions *,Image_Size)"
multimedia/image_framework/image/image_source_native.h,524,OH_DecodingOptionsForPicture_Create,Image_ErrorCode,OH_DecodingOptionsForPicture ** options,Image_ErrorCode OH_DecodingOptionsForPicture_Create(OH_DecodingOptionsForPicture **)
multimedia/image_framework/image/image_source_native.h,538,OH_DecodingOptionsForPicture_GetDesiredAuxiliaryPictures,Image_ErrorCode,"OH_DecodingOptionsForPicture * options,Image_AuxiliaryPictureType ** desiredAuxiliaryPictures,size_t * length","Image_ErrorCode OH_DecodingOptionsForPicture_GetDesiredAuxiliaryPictures(OH_DecodingOptionsForPicture *,Image_AuxiliaryPictureType **,size_t *)"
multimedia/image_framework/image/image_source_native.h,565,OH_DecodingOptionsForPicture_Release,Image_ErrorCode,OH_DecodingOptionsForPicture * options,Image_ErrorCode OH_DecodingOptionsForPicture_Release(OH_DecodingOptionsForPicture *)
multimedia/image_framework/image/image_source_native.h,553,OH_DecodingOptionsForPicture_SetDesiredAuxiliaryPictures,Image_ErrorCode,"OH_DecodingOptionsForPicture * options,Image_AuxiliaryPictureType * desiredAuxiliaryPictures,size_t length","Image_ErrorCode OH_DecodingOptionsForPicture_SetDesiredAuxiliaryPictures(OH_DecodingOptionsForPicture *,Image_AuxiliaryPictureType *,size_t)"
multimedia/image_framework/image/image_source_native.h,186,OH_DecodingOptions_Create,Image_ErrorCode,OH_DecodingOptions ** options,Image_ErrorCode OH_DecodingOptions_Create(OH_DecodingOptions **)
multimedia/image_framework/image/image_source_native.h,303,OH_DecodingOptions_GetDesiredDynamicRange,Image_ErrorCode,"OH_DecodingOptions * options,int32_t * desiredDynamicRange","Image_ErrorCode OH_DecodingOptions_GetDesiredDynamicRange(OH_DecodingOptions *,int32_t *)"
multimedia/image_framework/image/image_source_native.h,280,OH_DecodingOptions_GetDesiredRegion,Image_ErrorCode,"OH_DecodingOptions * options,Image_Region * desiredRegion","Image_ErrorCode OH_DecodingOptions_GetDesiredRegion(OH_DecodingOptions *,Image_Region *)"
multimedia/image_framework/image/image_source_native.h,258,OH_DecodingOptions_GetDesiredSize,Image_ErrorCode,"OH_DecodingOptions * options,Image_Size * desiredSize","Image_ErrorCode OH_DecodingOptions_GetDesiredSize(OH_DecodingOptions *,Image_Size *)"
multimedia/image_framework/image/image_source_native.h,218,OH_DecodingOptions_GetIndex,Image_ErrorCode,"OH_DecodingOptions * options,uint32_t * index","Image_ErrorCode OH_DecodingOptions_GetIndex(OH_DecodingOptions *,uint32_t *)"
multimedia/image_framework/image/image_source_native.h,196,OH_DecodingOptions_GetPixelFormat,Image_ErrorCode,"OH_DecodingOptions * options,int32_t * pixelFormat","Image_ErrorCode OH_DecodingOptions_GetPixelFormat(OH_DecodingOptions *,int32_t *)"
multimedia/image_framework/image/image_source_native.h,238,OH_DecodingOptions_GetRotate,Image_ErrorCode,"OH_DecodingOptions * options,float * rotate","Image_ErrorCode OH_DecodingOptions_GetRotate(OH_DecodingOptions *,float *)"
multimedia/image_framework/image/image_source_native.h,325,OH_DecodingOptions_Release,Image_ErrorCode,OH_DecodingOptions * options,Image_ErrorCode OH_DecodingOptions_Release(OH_DecodingOptions *)
multimedia/image_framework/image/image_source_native.h,315,OH_DecodingOptions_SetDesiredDynamicRange,Image_ErrorCode,"OH_DecodingOptions * options,int32_t desiredDynamicRange","Image_ErrorCode OH_DecodingOptions_SetDesiredDynamicRange(OH_DecodingOptions *,int32_t)"
multimedia/image_framework/image/image_source_native.h,291,OH_DecodingOptions_SetDesiredRegion,Image_ErrorCode,"OH_DecodingOptions * options,Image_Region * desiredRegion","Image_ErrorCode OH_DecodingOptions_SetDesiredRegion(OH_DecodingOptions *,Image_Region *)"
multimedia/image_framework/image/image_source_native.h,269,OH_DecodingOptions_SetDesiredSize,Image_ErrorCode,"OH_DecodingOptions * options,Image_Size * desiredSize","Image_ErrorCode OH_DecodingOptions_SetDesiredSize(OH_DecodingOptions *,Image_Size *)"
multimedia/image_framework/image/image_source_native.h,228,OH_DecodingOptions_SetIndex,Image_ErrorCode,"OH_DecodingOptions * options,uint32_t index","Image_ErrorCode OH_DecodingOptions_SetIndex(OH_DecodingOptions *,uint32_t)"
multimedia/image_framework/image/image_source_native.h,207,OH_DecodingOptions_SetPixelFormat,Image_ErrorCode,"OH_DecodingOptions * options,int32_t pixelFormat","Image_ErrorCode OH_DecodingOptions_SetPixelFormat(OH_DecodingOptions *,int32_t)"
multimedia/image_framework/image/image_source_native.h,248,OH_DecodingOptions_SetRotate,Image_ErrorCode,"OH_DecodingOptions * options,float rotate","Image_ErrorCode OH_DecodingOptions_SetRotate(OH_DecodingOptions *,float)"
multimedia/image_framework/image/image_source_native.h,128,OH_ImageSourceInfo_Create,Image_ErrorCode,OH_ImageSource_Info ** info,Image_ErrorCode OH_ImageSourceInfo_Create(OH_ImageSource_Info **)
multimedia/image_framework/image/image_source_native.h,159,OH_ImageSourceInfo_GetDynamicRange,Image_ErrorCode,"OH_ImageSource_Info * info,bool * isHdr","Image_ErrorCode OH_ImageSourceInfo_GetDynamicRange(OH_ImageSource_Info *,bool *)"
multimedia/image_framework/image/image_source_native.h,148,OH_ImageSourceInfo_GetHeight,Image_ErrorCode,"OH_ImageSource_Info * info,uint32_t * height","Image_ErrorCode OH_ImageSourceInfo_GetHeight(OH_ImageSource_Info *,uint32_t *)"
multimedia/image_framework/image/image_source_native.h,138,OH_ImageSourceInfo_GetWidth,Image_ErrorCode,"OH_ImageSource_Info * info,uint32_t * width","Image_ErrorCode OH_ImageSourceInfo_GetWidth(OH_ImageSource_Info *,uint32_t *)"
multimedia/image_framework/image/image_source_native.h,168,OH_ImageSourceInfo_Release,Image_ErrorCode,OH_ImageSource_Info * info,Image_ErrorCode OH_ImageSourceInfo_Release(OH_ImageSource_Info *)
multimedia/image_framework/image/image_source_native.h,357,OH_ImageSourceNative_CreateFromData,Image_ErrorCode,"uint8_t * data,size_t dataSize,OH_ImageSourceNative ** res","Image_ErrorCode OH_ImageSourceNative_CreateFromData(uint8_t *,size_t,OH_ImageSourceNative **)"
multimedia/image_framework/image/image_source_native.h,346,OH_ImageSourceNative_CreateFromFd,Image_ErrorCode,"int32_t fd,OH_ImageSourceNative ** res","Image_ErrorCode OH_ImageSourceNative_CreateFromFd(int32_t,OH_ImageSourceNative **)"
multimedia/image_framework/image/image_source_native.h,367,OH_ImageSourceNative_CreateFromRawFile,Image_ErrorCode,"RawFileDescriptor * rawFile,OH_ImageSourceNative ** res","Image_ErrorCode OH_ImageSourceNative_CreateFromRawFile(RawFileDescriptor *,OH_ImageSourceNative **)"
multimedia/image_framework/image/image_source_native.h,336,OH_ImageSourceNative_CreateFromUri,Image_ErrorCode,"char * uri,size_t uriSize,OH_ImageSourceNative ** res","Image_ErrorCode OH_ImageSourceNative_CreateFromUri(char *,size_t,OH_ImageSourceNative **)"
multimedia/image_framework/image/image_source_native.h,443,OH_ImageSourceNative_CreatePicture,Image_ErrorCode,"OH_ImageSourceNative * source,OH_DecodingOptionsForPicture * options,OH_PictureNative ** picture","Image_ErrorCode OH_ImageSourceNative_CreatePicture(OH_ImageSourceNative *,OH_DecodingOptionsForPicture *,OH_PictureNative **)"
multimedia/image_framework/image/image_source_native.h,380,OH_ImageSourceNative_CreatePixelmap,Image_ErrorCode,"OH_ImageSourceNative * source,OH_DecodingOptions * options,OH_PixelmapNative ** pixelmap","Image_ErrorCode OH_ImageSourceNative_CreatePixelmap(OH_ImageSourceNative *,OH_DecodingOptions *,OH_PixelmapNative **)"
multimedia/image_framework/image/image_source_native.h,426,OH_ImageSourceNative_CreatePixelmapList,Image_ErrorCode,"OH_ImageSourceNative * source,OH_DecodingOptions * options,OH_PixelmapNative * resVecPixMap[],size_t size","Image_ErrorCode OH_ImageSourceNative_CreatePixelmapList(OH_ImageSourceNative *,OH_DecodingOptions *,OH_PixelmapNative * resVecPixMap[],size_t)"
multimedia/image_framework/image/image_source_native.h,408,OH_ImageSourceNative_CreatePixelmapUsingAllocator,Image_ErrorCode,"OH_ImageSourceNative * source,OH_DecodingOptions * options,IMAGE_ALLOCATOR_TYPE allocator,OH_PixelmapNative ** pixelmap","Image_ErrorCode OH_ImageSourceNative_CreatePixelmapUsingAllocator(OH_ImageSourceNative *,OH_DecodingOptions *,IMAGE_ALLOCATOR_TYPE,OH_PixelmapNative **)"
multimedia/image_framework/image/image_source_native.h,455,OH_ImageSourceNative_GetDelayTimeList,Image_ErrorCode,"OH_ImageSourceNative * source,int32_t * delayTimeList,size_t size","Image_ErrorCode OH_ImageSourceNative_GetDelayTimeList(OH_ImageSourceNative *,int32_t *,size_t)"
multimedia/image_framework/image/image_source_native.h,504,OH_ImageSourceNative_GetFrameCount,Image_ErrorCode,"OH_ImageSourceNative * source,uint32_t * frameCount","Image_ErrorCode OH_ImageSourceNative_GetFrameCount(OH_ImageSourceNative *,uint32_t *)"
multimedia/image_framework/image/image_source_native.h,467,OH_ImageSourceNative_GetImageInfo,Image_ErrorCode,"OH_ImageSourceNative * source,int32_t index,OH_ImageSource_Info * info","Image_ErrorCode OH_ImageSourceNative_GetImageInfo(OH_ImageSourceNative *,int32_t,OH_ImageSource_Info *)"
multimedia/image_framework/image/image_source_native.h,481,OH_ImageSourceNative_GetImageProperty,Image_ErrorCode,"OH_ImageSourceNative * source,Image_String * key,Image_String * value","Image_ErrorCode OH_ImageSourceNative_GetImageProperty(OH_ImageSourceNative *,Image_String *,Image_String *)"
multimedia/image_framework/image/image_source_native.h,493,OH_ImageSourceNative_ModifyImageProperty,Image_ErrorCode,"OH_ImageSourceNative * source,Image_String * key,Image_String * value","Image_ErrorCode OH_ImageSourceNative_ModifyImageProperty(OH_ImageSourceNative *,Image_String *,Image_String *)"
multimedia/image_framework/image/image_source_native.h,513,OH_ImageSourceNative_Release,Image_ErrorCode,OH_ImageSourceNative * source,Image_ErrorCode OH_ImageSourceNative_Release(OH_ImageSourceNative *)
multimedia/image_framework/image/picture_native.h,377,OH_AuxiliaryPictureInfo_Create,Image_ErrorCode,OH_AuxiliaryPictureInfo ** info,Image_ErrorCode OH_AuxiliaryPictureInfo_Create(OH_AuxiliaryPictureInfo **)
multimedia/image_framework/image/picture_native.h,461,OH_AuxiliaryPictureInfo_GetPixelFormat,Image_ErrorCode,"OH_AuxiliaryPictureInfo * info,PIXEL_FORMAT * pixelFormat","Image_ErrorCode OH_AuxiliaryPictureInfo_GetPixelFormat(OH_AuxiliaryPictureInfo *,PIXEL_FORMAT *)"
multimedia/image_framework/image/picture_native.h,437,OH_AuxiliaryPictureInfo_GetRowStride,Image_ErrorCode,"OH_AuxiliaryPictureInfo * info,uint32_t * rowStride","Image_ErrorCode OH_AuxiliaryPictureInfo_GetRowStride(OH_AuxiliaryPictureInfo *,uint32_t *)"
multimedia/image_framework/image/picture_native.h,413,OH_AuxiliaryPictureInfo_GetSize,Image_ErrorCode,"OH_AuxiliaryPictureInfo * info,Image_Size * size","Image_ErrorCode OH_AuxiliaryPictureInfo_GetSize(OH_AuxiliaryPictureInfo *,Image_Size *)"
multimedia/image_framework/image/picture_native.h,389,OH_AuxiliaryPictureInfo_GetType,Image_ErrorCode,"OH_AuxiliaryPictureInfo * info,Image_AuxiliaryPictureType * type","Image_ErrorCode OH_AuxiliaryPictureInfo_GetType(OH_AuxiliaryPictureInfo *,Image_AuxiliaryPictureType *)"
multimedia/image_framework/image/picture_native.h,484,OH_AuxiliaryPictureInfo_Release,Image_ErrorCode,OH_AuxiliaryPictureInfo * info,Image_ErrorCode OH_AuxiliaryPictureInfo_Release(OH_AuxiliaryPictureInfo *)
multimedia/image_framework/image/picture_native.h,473,OH_AuxiliaryPictureInfo_SetPixelFormat,Image_ErrorCode,"OH_AuxiliaryPictureInfo * info,PIXEL_FORMAT pixelFormat","Image_ErrorCode OH_AuxiliaryPictureInfo_SetPixelFormat(OH_AuxiliaryPictureInfo *,PIXEL_FORMAT)"
multimedia/image_framework/image/picture_native.h,449,OH_AuxiliaryPictureInfo_SetRowStride,Image_ErrorCode,"OH_AuxiliaryPictureInfo * info,uint32_t rowStride","Image_ErrorCode OH_AuxiliaryPictureInfo_SetRowStride(OH_AuxiliaryPictureInfo *,uint32_t)"
multimedia/image_framework/image/picture_native.h,425,OH_AuxiliaryPictureInfo_SetSize,Image_ErrorCode,"OH_AuxiliaryPictureInfo * info,Image_Size * size","Image_ErrorCode OH_AuxiliaryPictureInfo_SetSize(OH_AuxiliaryPictureInfo *,Image_Size *)"
multimedia/image_framework/image/picture_native.h,401,OH_AuxiliaryPictureInfo_SetType,Image_ErrorCode,"OH_AuxiliaryPictureInfo * info,Image_AuxiliaryPictureType type","Image_ErrorCode OH_AuxiliaryPictureInfo_SetType(OH_AuxiliaryPictureInfo *,Image_AuxiliaryPictureType)"
multimedia/image_framework/image/picture_native.h,250,OH_AuxiliaryPictureNative_Create,Image_ErrorCode,"uint8_t * data,size_t dataLength,Image_Size * size,Image_AuxiliaryPictureType type,OH_AuxiliaryPictureNative ** auxiliaryPicture","Image_ErrorCode OH_AuxiliaryPictureNative_Create(uint8_t *,size_t,Image_Size *,Image_AuxiliaryPictureType,OH_AuxiliaryPictureNative **)"
multimedia/image_framework/image/picture_native.h,309,OH_AuxiliaryPictureNative_GetInfo,Image_ErrorCode,"OH_AuxiliaryPictureNative * auxiliaryPicture,OH_AuxiliaryPictureInfo ** info","Image_ErrorCode OH_AuxiliaryPictureNative_GetInfo(OH_AuxiliaryPictureNative *,OH_AuxiliaryPictureInfo **)"
multimedia/image_framework/image/picture_native.h,338,OH_AuxiliaryPictureNative_GetMetadata,Image_ErrorCode,"OH_AuxiliaryPictureNative * auxiliaryPicture,Image_MetadataType metadataType,OH_PictureMetadata ** metadata","Image_ErrorCode OH_AuxiliaryPictureNative_GetMetadata(OH_AuxiliaryPictureNative *,Image_MetadataType,OH_PictureMetadata **)"
multimedia/image_framework/image/picture_native.h,296,OH_AuxiliaryPictureNative_GetType,Image_ErrorCode,"OH_AuxiliaryPictureNative * auxiliaryPicture,Image_AuxiliaryPictureType * type","Image_ErrorCode OH_AuxiliaryPictureNative_GetType(OH_AuxiliaryPictureNative *,Image_AuxiliaryPictureType *)"
multimedia/image_framework/image/picture_native.h,283,OH_AuxiliaryPictureNative_ReadPixels,Image_ErrorCode,"OH_AuxiliaryPictureNative * auxiliaryPicture,uint8_t * destination,size_t * bufferSize","Image_ErrorCode OH_AuxiliaryPictureNative_ReadPixels(OH_AuxiliaryPictureNative *,uint8_t *,size_t *)"
multimedia/image_framework/image/picture_native.h,366,OH_AuxiliaryPictureNative_Release,Image_ErrorCode,OH_AuxiliaryPictureNative * picture,Image_ErrorCode OH_AuxiliaryPictureNative_Release(OH_AuxiliaryPictureNative *)
multimedia/image_framework/image/picture_native.h,322,OH_AuxiliaryPictureNative_SetInfo,Image_ErrorCode,"OH_AuxiliaryPictureNative * auxiliaryPicture,OH_AuxiliaryPictureInfo * info","Image_ErrorCode OH_AuxiliaryPictureNative_SetInfo(OH_AuxiliaryPictureNative *,OH_AuxiliaryPictureInfo *)"
multimedia/image_framework/image/picture_native.h,354,OH_AuxiliaryPictureNative_SetMetadata,Image_ErrorCode,"OH_AuxiliaryPictureNative * auxiliaryPicture,Image_MetadataType metadataType,OH_PictureMetadata * metadata","Image_ErrorCode OH_AuxiliaryPictureNative_SetMetadata(OH_AuxiliaryPictureNative *,Image_MetadataType,OH_PictureMetadata *)"
multimedia/image_framework/image/picture_native.h,266,OH_AuxiliaryPictureNative_WritePixels,Image_ErrorCode,"OH_AuxiliaryPictureNative * auxiliaryPicture,uint8_t * source,size_t bufferSize","Image_ErrorCode OH_AuxiliaryPictureNative_WritePixels(OH_AuxiliaryPictureNative *,uint8_t *,size_t)"
multimedia/image_framework/image/picture_native.h,128,OH_PictureNative_CreatePicture,Image_ErrorCode,"OH_PixelmapNative * mainPixelmap,OH_PictureNative ** picture","Image_ErrorCode OH_PictureNative_CreatePicture(OH_PixelmapNative *,OH_PictureNative **)"
multimedia/image_framework/image/picture_native.h,192,OH_PictureNative_GetAuxiliaryPicture,Image_ErrorCode,"OH_PictureNative * picture,Image_AuxiliaryPictureType type,OH_AuxiliaryPictureNative ** auxiliaryPicture","Image_ErrorCode OH_PictureNative_GetAuxiliaryPicture(OH_PictureNative *,Image_AuxiliaryPictureType,OH_AuxiliaryPictureNative **)"
multimedia/image_framework/image/picture_native.h,165,OH_PictureNative_GetGainmapPixelmap,Image_ErrorCode,"OH_PictureNative * picture,OH_PixelmapNative ** gainmapPixelmap","Image_ErrorCode OH_PictureNative_GetGainmapPixelmap(OH_PictureNative *,OH_PixelmapNative **)"
multimedia/image_framework/image/picture_native.h,153,OH_PictureNative_GetHdrComposedPixelmap,Image_ErrorCode,"OH_PictureNative * picture,OH_PixelmapNative ** hdrPixelmap","Image_ErrorCode OH_PictureNative_GetHdrComposedPixelmap(OH_PictureNative *,OH_PixelmapNative **)"
multimedia/image_framework/image/picture_native.h,140,OH_PictureNative_GetMainPixelmap,Image_ErrorCode,"OH_PictureNative * picture,OH_PixelmapNative ** mainPixelmap","Image_ErrorCode OH_PictureNative_GetMainPixelmap(OH_PictureNative *,OH_PixelmapNative **)"
multimedia/image_framework/image/picture_native.h,207,OH_PictureNative_GetMetadata,Image_ErrorCode,"OH_PictureNative * picture,Image_MetadataType metadataType,OH_PictureMetadata ** metadata","Image_ErrorCode OH_PictureNative_GetMetadata(OH_PictureNative *,Image_MetadataType,OH_PictureMetadata **)"
multimedia/image_framework/image/picture_native.h,234,OH_PictureNative_Release,Image_ErrorCode,OH_PictureNative * picture,Image_ErrorCode OH_PictureNative_Release(OH_PictureNative *)
multimedia/image_framework/image/picture_native.h,178,OH_PictureNative_SetAuxiliaryPicture,Image_ErrorCode,"OH_PictureNative * picture,Image_AuxiliaryPictureType type,OH_AuxiliaryPictureNative * auxiliaryPicture","Image_ErrorCode OH_PictureNative_SetAuxiliaryPicture(OH_PictureNative *,Image_AuxiliaryPictureType,OH_AuxiliaryPictureNative *)"
multimedia/image_framework/image/picture_native.h,222,OH_PictureNative_SetMetadata,Image_ErrorCode,"OH_PictureNative * picture,Image_MetadataType metadataType,OH_PictureMetadata * metadata","Image_ErrorCode OH_PictureNative_SetMetadata(OH_PictureNative *,Image_MetadataType,OH_PictureMetadata *)"
multimedia/image_framework/image/pixelmap_native.h,528,OH_PixelmapImageInfo_Create,Image_ErrorCode,OH_Pixelmap_ImageInfo ** info,Image_ErrorCode OH_PixelmapImageInfo_Create(OH_Pixelmap_ImageInfo **)
multimedia/image_framework/image/pixelmap_native.h,578,OH_PixelmapImageInfo_GetAlphaType,Image_ErrorCode,"OH_Pixelmap_ImageInfo * info,int32_t * alphaType","Image_ErrorCode OH_PixelmapImageInfo_GetAlphaType(OH_Pixelmap_ImageInfo *,int32_t *)"
multimedia/image_framework/image/pixelmap_native.h,589,OH_PixelmapImageInfo_GetDynamicRange,Image_ErrorCode,"OH_Pixelmap_ImageInfo * info,bool * isHdr","Image_ErrorCode OH_PixelmapImageInfo_GetDynamicRange(OH_Pixelmap_ImageInfo *,bool *)"
multimedia/image_framework/image/pixelmap_native.h,548,OH_PixelmapImageInfo_GetHeight,Image_ErrorCode,"OH_Pixelmap_ImageInfo * info,uint32_t * height","Image_ErrorCode OH_PixelmapImageInfo_GetHeight(OH_Pixelmap_ImageInfo *,uint32_t *)"
multimedia/image_framework/image/pixelmap_native.h,568,OH_PixelmapImageInfo_GetPixelFormat,Image_ErrorCode,"OH_Pixelmap_ImageInfo * info,int32_t * pixelFormat","Image_ErrorCode OH_PixelmapImageInfo_GetPixelFormat(OH_Pixelmap_ImageInfo *,int32_t *)"
multimedia/image_framework/image/pixelmap_native.h,558,OH_PixelmapImageInfo_GetRowStride,Image_ErrorCode,"OH_Pixelmap_ImageInfo * info,uint32_t * rowStride","Image_ErrorCode OH_PixelmapImageInfo_GetRowStride(OH_Pixelmap_ImageInfo *,uint32_t *)"
multimedia/image_framework/image/pixelmap_native.h,538,OH_PixelmapImageInfo_GetWidth,Image_ErrorCode,"OH_Pixelmap_ImageInfo * info,uint32_t * width","Image_ErrorCode OH_PixelmapImageInfo_GetWidth(OH_Pixelmap_ImageInfo *,uint32_t *)"
multimedia/image_framework/image/pixelmap_native.h,598,OH_PixelmapImageInfo_Release,Image_ErrorCode,OH_Pixelmap_ImageInfo * info,Image_ErrorCode OH_PixelmapImageInfo_Release(OH_Pixelmap_ImageInfo *)
multimedia/image_framework/image/pixelmap_native.h,366,OH_PixelmapInitializationOptions_Create,Image_ErrorCode,OH_Pixelmap_InitializationOptions ** options,Image_ErrorCode OH_PixelmapInitializationOptions_Create(OH_Pixelmap_InitializationOptions **)
multimedia/image_framework/image/pixelmap_native.h,490,OH_PixelmapInitializationOptions_GetAlphaType,Image_ErrorCode,"OH_Pixelmap_InitializationOptions * options,int32_t * alphaType","Image_ErrorCode OH_PixelmapInitializationOptions_GetAlphaType(OH_Pixelmap_InitializationOptions *,int32_t *)"
multimedia/image_framework/image/pixelmap_native.h,398,OH_PixelmapInitializationOptions_GetHeight,Image_ErrorCode,"OH_Pixelmap_InitializationOptions * options,uint32_t * height","Image_ErrorCode OH_PixelmapInitializationOptions_GetHeight(OH_Pixelmap_InitializationOptions *,uint32_t *)"
multimedia/image_framework/image/pixelmap_native.h,420,OH_PixelmapInitializationOptions_GetPixelFormat,Image_ErrorCode,"OH_Pixelmap_InitializationOptions * options,int32_t * pixelFormat","Image_ErrorCode OH_PixelmapInitializationOptions_GetPixelFormat(OH_Pixelmap_InitializationOptions *,int32_t *)"
multimedia/image_framework/image/pixelmap_native.h,466,OH_PixelmapInitializationOptions_GetRowStride,Image_ErrorCode,"OH_Pixelmap_InitializationOptions * options,int32_t * rowStride","Image_ErrorCode OH_PixelmapInitializationOptions_GetRowStride(OH_Pixelmap_InitializationOptions *,int32_t *)"
multimedia/image_framework/image/pixelmap_native.h,442,OH_PixelmapInitializationOptions_GetSrcPixelFormat,Image_ErrorCode,"OH_Pixelmap_InitializationOptions * options,int32_t * srcpixelFormat","Image_ErrorCode OH_PixelmapInitializationOptions_GetSrcPixelFormat(OH_Pixelmap_InitializationOptions *,int32_t *)"
multimedia/image_framework/image/pixelmap_native.h,376,OH_PixelmapInitializationOptions_GetWidth,Image_ErrorCode,"OH_Pixelmap_InitializationOptions * options,uint32_t * width","Image_ErrorCode OH_PixelmapInitializationOptions_GetWidth(OH_Pixelmap_InitializationOptions *,uint32_t *)"
multimedia/image_framework/image/pixelmap_native.h,511,OH_PixelmapInitializationOptions_Release,Image_ErrorCode,OH_Pixelmap_InitializationOptions * options,Image_ErrorCode OH_PixelmapInitializationOptions_Release(OH_Pixelmap_InitializationOptions *)
multimedia/image_framework/image/pixelmap_native.h,501,OH_PixelmapInitializationOptions_SetAlphaType,Image_ErrorCode,"OH_Pixelmap_InitializationOptions * options,int32_t alphaType","Image_ErrorCode OH_PixelmapInitializationOptions_SetAlphaType(OH_Pixelmap_InitializationOptions *,int32_t)"
multimedia/image_framework/image/pixelmap_native.h,409,OH_PixelmapInitializationOptions_SetHeight,Image_ErrorCode,"OH_Pixelmap_InitializationOptions * options,uint32_t height","Image_ErrorCode OH_PixelmapInitializationOptions_SetHeight(OH_Pixelmap_InitializationOptions *,uint32_t)"
multimedia/image_framework/image/pixelmap_native.h,431,OH_PixelmapInitializationOptions_SetPixelFormat,Image_ErrorCode,"OH_Pixelmap_InitializationOptions * options,int32_t pixelFormat","Image_ErrorCode OH_PixelmapInitializationOptions_SetPixelFormat(OH_Pixelmap_InitializationOptions *,int32_t)"
multimedia/image_framework/image/pixelmap_native.h,479,OH_PixelmapInitializationOptions_SetRowStride,Image_ErrorCode,"OH_Pixelmap_InitializationOptions * options,int32_t rowStride","Image_ErrorCode OH_PixelmapInitializationOptions_SetRowStride(OH_Pixelmap_InitializationOptions *,int32_t)"
multimedia/image_framework/image/pixelmap_native.h,453,OH_PixelmapInitializationOptions_SetSrcPixelFormat,Image_ErrorCode,"OH_Pixelmap_InitializationOptions * options,int32_t srcpixelFormat","Image_ErrorCode OH_PixelmapInitializationOptions_SetSrcPixelFormat(OH_Pixelmap_InitializationOptions *,int32_t)"
multimedia/image_framework/image/pixelmap_native.h,387,OH_PixelmapInitializationOptions_SetWidth,Image_ErrorCode,"OH_Pixelmap_InitializationOptions * options,uint32_t width","Image_ErrorCode OH_PixelmapInitializationOptions_SetWidth(OH_Pixelmap_InitializationOptions *,uint32_t)"
multimedia/image_framework/image/pixelmap_native.h,918,OH_PixelmapNative_AccessPixels,Image_ErrorCode,"OH_PixelmapNative * pixelmap,void ** addr","Image_ErrorCode OH_PixelmapNative_AccessPixels(OH_PixelmapNative *,void **)"
multimedia/image_framework/image/pixelmap_native.h,801,OH_PixelmapNative_ConvertAlphaFormat,Image_ErrorCode,"OH_PixelmapNative * srcpixelmap,OH_PixelmapNative * dstpixelmap,const bool isPremul","Image_ErrorCode OH_PixelmapNative_ConvertAlphaFormat(OH_PixelmapNative *,OH_PixelmapNative *,const bool)"
multimedia/image_framework/image/pixelmap_native.h,638,OH_PixelmapNative_ConvertPixelmapNativeFromNapi,Image_ErrorCode,"napi_env env,napi_value pixelmapNapi,OH_PixelmapNative ** pixelmapNative","Image_ErrorCode OH_PixelmapNative_ConvertPixelmapNativeFromNapi(napi_env,napi_value,OH_PixelmapNative **)"
multimedia/image_framework/image/pixelmap_native.h,624,OH_PixelmapNative_ConvertPixelmapNativeToNapi,Image_ErrorCode,"napi_env env,OH_PixelmapNative * pixelmapNative,napi_value * pixelmapNapi","Image_ErrorCode OH_PixelmapNative_ConvertPixelmapNativeToNapi(napi_env,OH_PixelmapNative *,napi_value *)"
multimedia/image_framework/image/pixelmap_native.h,812,OH_PixelmapNative_CreateEmptyPixelmap,Image_ErrorCode,"OH_Pixelmap_InitializationOptions * options,OH_PixelmapNative ** pixelmap","Image_ErrorCode OH_PixelmapNative_CreateEmptyPixelmap(OH_Pixelmap_InitializationOptions *,OH_PixelmapNative **)"
multimedia/image_framework/image/pixelmap_native.h,610,OH_PixelmapNative_CreatePixelmap,Image_ErrorCode,"uint8_t * data,size_t dataLength,OH_Pixelmap_InitializationOptions * options,OH_PixelmapNative ** pixelmap","Image_ErrorCode OH_PixelmapNative_CreatePixelmap(uint8_t *,size_t,OH_Pixelmap_InitializationOptions *,OH_PixelmapNative **)"
multimedia/image_framework/image/pixelmap_native.h,781,OH_PixelmapNative_Crop,Image_ErrorCode,"OH_PixelmapNative * pixelmap,Image_Region * region","Image_ErrorCode OH_PixelmapNative_Crop(OH_PixelmapNative *,Image_Region *)"
multimedia/image_framework/image/pixelmap_native.h,771,OH_PixelmapNative_Flip,Image_ErrorCode,"OH_PixelmapNative * pixelmap,bool shouldFilpHorizontally,bool shouldFilpVertically","Image_ErrorCode OH_PixelmapNative_Flip(OH_PixelmapNative *,bool,bool)"
multimedia/image_framework/image/pixelmap_native.h,679,OH_PixelmapNative_GetArgbPixels,Image_ErrorCode,"OH_PixelmapNative * pixelmap,uint8_t * destination,size_t * bufferSize","Image_ErrorCode OH_PixelmapNative_GetArgbPixels(OH_PixelmapNative *,uint8_t *,size_t *)"
multimedia/image_framework/image/pixelmap_native.h,872,OH_PixelmapNative_GetColorSpaceNative,Image_ErrorCode,"OH_PixelmapNative * pixelmap,OH_NativeColorSpaceManager ** colorSpaceNative","Image_ErrorCode OH_PixelmapNative_GetColorSpaceNative(OH_PixelmapNative *,OH_NativeColorSpaceManager **)"
multimedia/image_framework/image/pixelmap_native.h,700,OH_PixelmapNative_GetImageInfo,Image_ErrorCode,"OH_PixelmapNative * pixelmap,OH_Pixelmap_ImageInfo * imageInfo","Image_ErrorCode OH_PixelmapNative_GetImageInfo(OH_PixelmapNative *,OH_Pixelmap_ImageInfo *)"
multimedia/image_framework/image/pixelmap_native.h,828,OH_PixelmapNative_GetMetadata,Image_ErrorCode,"OH_PixelmapNative * pixelmap,OH_Pixelmap_HdrMetadataKey key,OH_Pixelmap_HdrMetadataValue ** value","Image_ErrorCode OH_PixelmapNative_GetMetadata(OH_PixelmapNative *,OH_Pixelmap_HdrMetadataKey,OH_Pixelmap_HdrMetadataValue **)"
multimedia/image_framework/image/pixelmap_native.h,859,OH_PixelmapNative_GetNativeBuffer,Image_ErrorCode,"OH_PixelmapNative * pixelmap,OH_NativeBuffer ** nativeBuffer","Image_ErrorCode OH_PixelmapNative_GetNativeBuffer(OH_PixelmapNative *,OH_NativeBuffer **)"
multimedia/image_framework/image/pixelmap_native.h,710,OH_PixelmapNative_Opacity,Image_ErrorCode,"OH_PixelmapNative * pixelmap,float rate","Image_ErrorCode OH_PixelmapNative_Opacity(OH_PixelmapNative *,float)"
multimedia/image_framework/image/pixelmap_native.h,651,OH_PixelmapNative_ReadPixels,Image_ErrorCode,"OH_PixelmapNative * pixelmap,uint8_t * destination,size_t * bufferSize","Image_ErrorCode OH_PixelmapNative_ReadPixels(OH_PixelmapNative *,uint8_t *,size_t *)"
multimedia/image_framework/image/pixelmap_native.h,790,OH_PixelmapNative_Release,Image_ErrorCode,OH_PixelmapNative * pixelmap,Image_ErrorCode OH_PixelmapNative_Release(OH_PixelmapNative *)
multimedia/image_framework/image/pixelmap_native.h,760,OH_PixelmapNative_Rotate,Image_ErrorCode,"OH_PixelmapNative * pixelmap,float angle","Image_ErrorCode OH_PixelmapNative_Rotate(OH_PixelmapNative *,float)"
multimedia/image_framework/image/pixelmap_native.h,721,OH_PixelmapNative_Scale,Image_ErrorCode,"OH_PixelmapNative * pixelmap,float scaleX,float scaleY","Image_ErrorCode OH_PixelmapNative_Scale(OH_PixelmapNative *,float,float)"
multimedia/image_framework/image/pixelmap_native.h,738,OH_PixelmapNative_ScaleWithAntiAliasing,Image_ErrorCode,"OH_PixelmapNative * pixelmap,float scaleX,float scaleY,OH_PixelmapNative_AntiAliasingLevel level","Image_ErrorCode OH_PixelmapNative_ScaleWithAntiAliasing(OH_PixelmapNative *,float,float,OH_PixelmapNative_AntiAliasingLevel)"
multimedia/image_framework/image/pixelmap_native.h,886,OH_PixelmapNative_SetColorSpaceNative,Image_ErrorCode,"OH_PixelmapNative * pixelmap,OH_NativeColorSpaceManager * colorSpaceNative","Image_ErrorCode OH_PixelmapNative_SetColorSpaceNative(OH_PixelmapNative *,OH_NativeColorSpaceManager *)"
multimedia/image_framework/image/pixelmap_native.h,902,OH_PixelmapNative_SetMemoryName,Image_ErrorCode,"OH_PixelmapNative * pixelmap,char * name,size_t * size","Image_ErrorCode OH_PixelmapNative_SetMemoryName(OH_PixelmapNative *,char *,size_t *)"
multimedia/image_framework/image/pixelmap_native.h,844,OH_PixelmapNative_SetMetadata,Image_ErrorCode,"OH_PixelmapNative * pixelmap,OH_Pixelmap_HdrMetadataKey key,OH_Pixelmap_HdrMetadataValue * value","Image_ErrorCode OH_PixelmapNative_SetMetadata(OH_PixelmapNative *,OH_Pixelmap_HdrMetadataKey,OH_Pixelmap_HdrMetadataValue *)"
multimedia/image_framework/image/pixelmap_native.h,690,OH_PixelmapNative_ToSdr,Image_ErrorCode,OH_PixelmapNative * pixelmap,Image_ErrorCode OH_PixelmapNative_ToSdr(OH_PixelmapNative *)
multimedia/image_framework/image/pixelmap_native.h,750,OH_PixelmapNative_Translate,Image_ErrorCode,"OH_PixelmapNative * pixelmap,float x,float y","Image_ErrorCode OH_PixelmapNative_Translate(OH_PixelmapNative *,float,float)"
multimedia/image_framework/image/pixelmap_native.h,932,OH_PixelmapNative_UnaccessPixels,Image_ErrorCode,OH_PixelmapNative * pixelmap,Image_ErrorCode OH_PixelmapNative_UnaccessPixels(OH_PixelmapNative *)
multimedia/image_framework/image/pixelmap_native.h,662,OH_PixelmapNative_WritePixels,Image_ErrorCode,"OH_PixelmapNative * pixelmap,uint8_t * source,size_t bufferSize","Image_ErrorCode OH_PixelmapNative_WritePixels(OH_PixelmapNative *,uint8_t *,size_t)"
multimedia/media_library/media_access_helper_capi.h,61,OH_MediaAccessHelper_ApplyChanges,MediaLibrary_ErrorCode,OH_MediaAssetChangeRequest * changeRequest,MediaLibrary_ErrorCode OH_MediaAccessHelper_ApplyChanges(OH_MediaAssetChangeRequest *)
multimedia/media_library/media_asset_capi.h,137,OH_MediaAsset_GetDateAdded,MediaLibrary_ErrorCode,"OH_MediaAsset * mediaAsset,uint32_t * dateAdded","MediaLibrary_ErrorCode OH_MediaAsset_GetDateAdded(OH_MediaAsset *,uint32_t *)"
multimedia/media_library/media_asset_capi.h,184,OH_MediaAsset_GetDateAddedMs,MediaLibrary_ErrorCode,"OH_MediaAsset * mediaAsset,uint32_t * dateAddedMs","MediaLibrary_ErrorCode OH_MediaAsset_GetDateAddedMs(OH_MediaAsset *,uint32_t *)"
multimedia/media_library/media_asset_capi.h,153,OH_MediaAsset_GetDateModified,MediaLibrary_ErrorCode,"OH_MediaAsset * mediaAsset,uint32_t * dateModified","MediaLibrary_ErrorCode OH_MediaAsset_GetDateModified(OH_MediaAsset *,uint32_t *)"
multimedia/media_library/media_asset_capi.h,199,OH_MediaAsset_GetDateModifiedMs,MediaLibrary_ErrorCode,"OH_MediaAsset * mediaAsset,uint32_t * dateModifiedMs","MediaLibrary_ErrorCode OH_MediaAsset_GetDateModifiedMs(OH_MediaAsset *,uint32_t *)"
multimedia/media_library/media_asset_capi.h,169,OH_MediaAsset_GetDateTaken,MediaLibrary_ErrorCode,"OH_MediaAsset * mediaAsset,uint32_t * dateTaken","MediaLibrary_ErrorCode OH_MediaAsset_GetDateTaken(OH_MediaAsset *,uint32_t *)"
multimedia/media_library/media_asset_capi.h,106,OH_MediaAsset_GetDisplayName,MediaLibrary_ErrorCode,"OH_MediaAsset * mediaAsset,const char ** displayName","MediaLibrary_ErrorCode OH_MediaAsset_GetDisplayName(OH_MediaAsset *,const char **)"
multimedia/media_library/media_asset_capi.h,214,OH_MediaAsset_GetDuration,MediaLibrary_ErrorCode,"OH_MediaAsset * mediaAsset,uint32_t * duration","MediaLibrary_ErrorCode OH_MediaAsset_GetDuration(OH_MediaAsset *,uint32_t *)"
multimedia/media_library/media_asset_capi.h,244,OH_MediaAsset_GetHeight,MediaLibrary_ErrorCode,"OH_MediaAsset * mediaAsset,uint32_t * height","MediaLibrary_ErrorCode OH_MediaAsset_GetHeight(OH_MediaAsset *,uint32_t *)"
multimedia/media_library/media_asset_capi.h,90,OH_MediaAsset_GetMediaSubType,MediaLibrary_ErrorCode,"OH_MediaAsset * mediaAsset,MediaLibrary_MediaSubType * mediaSubType","MediaLibrary_ErrorCode OH_MediaAsset_GetMediaSubType(OH_MediaAsset *,MediaLibrary_MediaSubType *)"
multimedia/media_library/media_asset_capi.h,75,OH_MediaAsset_GetMediaType,MediaLibrary_ErrorCode,"OH_MediaAsset * mediaAsset,MediaLibrary_MediaType * mediaType","MediaLibrary_ErrorCode OH_MediaAsset_GetMediaType(OH_MediaAsset *,MediaLibrary_MediaType *)"
multimedia/media_library/media_asset_capi.h,259,OH_MediaAsset_GetOrientation,MediaLibrary_ErrorCode,"OH_MediaAsset * mediaAsset,uint32_t * orientation","MediaLibrary_ErrorCode OH_MediaAsset_GetOrientation(OH_MediaAsset *,uint32_t *)"
multimedia/media_library/media_asset_capi.h,121,OH_MediaAsset_GetSize,MediaLibrary_ErrorCode,"OH_MediaAsset * mediaAsset,uint32_t * size","MediaLibrary_ErrorCode OH_MediaAsset_GetSize(OH_MediaAsset *,uint32_t *)"
multimedia/media_library/media_asset_capi.h,289,OH_MediaAsset_GetTitle,MediaLibrary_ErrorCode,"OH_MediaAsset * mediaAsset,const char ** title","MediaLibrary_ErrorCode OH_MediaAsset_GetTitle(OH_MediaAsset *,const char **)"
multimedia/media_library/media_asset_capi.h,60,OH_MediaAsset_GetUri,MediaLibrary_ErrorCode,"OH_MediaAsset * mediaAsset,const char ** uri","MediaLibrary_ErrorCode OH_MediaAsset_GetUri(OH_MediaAsset *,const char **)"
multimedia/media_library/media_asset_capi.h,229,OH_MediaAsset_GetWidth,MediaLibrary_ErrorCode,"OH_MediaAsset * mediaAsset,uint32_t * width","MediaLibrary_ErrorCode OH_MediaAsset_GetWidth(OH_MediaAsset *,uint32_t *)"
multimedia/media_library/media_asset_capi.h,274,OH_MediaAsset_IsFavorite,MediaLibrary_ErrorCode,"OH_MediaAsset * mediaAsset,uint32_t * favorite","MediaLibrary_ErrorCode OH_MediaAsset_IsFavorite(OH_MediaAsset *,uint32_t *)"
multimedia/media_library/media_asset_capi.h,302,OH_MediaAsset_Release,MediaLibrary_ErrorCode,OH_MediaAsset * mediaAsset,MediaLibrary_ErrorCode OH_MediaAsset_Release(OH_MediaAsset *)
multimedia/media_library/media_asset_change_request_capi.h,96,OH_MediaAssetChangeRequest_AddResourceWithBuffer,MediaLibrary_ErrorCode,"OH_MediaAssetChangeRequest * changeRequest,MediaLibrary_ResourceType resourceType,uint8_t * buffer,uint32_t length","MediaLibrary_ErrorCode OH_MediaAssetChangeRequest_AddResourceWithBuffer(OH_MediaAssetChangeRequest *,MediaLibrary_ResourceType,uint8_t *,uint32_t)"
multimedia/media_library/media_asset_change_request_capi.h,77,OH_MediaAssetChangeRequest_AddResourceWithUri,MediaLibrary_ErrorCode,"OH_MediaAssetChangeRequest * changeRequest,MediaLibrary_ResourceType resourceType,char * fileUri","MediaLibrary_ErrorCode OH_MediaAssetChangeRequest_AddResourceWithUri(OH_MediaAssetChangeRequest *,MediaLibrary_ResourceType,char *)"
multimedia/media_library/media_asset_change_request_capi.h,59,OH_MediaAssetChangeRequest_Create,OH_MediaAssetChangeRequest *,OH_MediaAsset * mediaAsset,OH_MediaAssetChangeRequest * OH_MediaAssetChangeRequest_Create(OH_MediaAsset *)
multimedia/media_library/media_asset_change_request_capi.h,148,OH_MediaAssetChangeRequest_DiscardCameraPhoto,MediaLibrary_ErrorCode,OH_MediaAssetChangeRequest * changeRequest,MediaLibrary_ErrorCode OH_MediaAssetChangeRequest_DiscardCameraPhoto(OH_MediaAssetChangeRequest *)
multimedia/media_library/media_asset_change_request_capi.h,115,OH_MediaAssetChangeRequest_GetWriteCacheHandler,MediaLibrary_ErrorCode,"OH_MediaAssetChangeRequest * changeRequest,int32_t * fd","MediaLibrary_ErrorCode OH_MediaAssetChangeRequest_GetWriteCacheHandler(OH_MediaAssetChangeRequest *,int32_t *)"
multimedia/media_library/media_asset_change_request_capi.h,161,OH_MediaAssetChangeRequest_Release,MediaLibrary_ErrorCode,OH_MediaAssetChangeRequest * changeRequest,MediaLibrary_ErrorCode OH_MediaAssetChangeRequest_Release(OH_MediaAssetChangeRequest *)
multimedia/media_library/media_asset_change_request_capi.h,132,OH_MediaAssetChangeRequest_SaveCameraPhoto,MediaLibrary_ErrorCode,"OH_MediaAssetChangeRequest * changeRequest,MediaLibrary_ImageFileType imageFileType","MediaLibrary_ErrorCode OH_MediaAssetChangeRequest_SaveCameraPhoto(OH_MediaAssetChangeRequest *,MediaLibrary_ImageFileType)"
multimedia/media_library/media_asset_manager_capi.h,97,OH_MediaAssetManager_CancelRequest,bool,"OH_MediaAssetManager * manager,const MediaLibrary_RequestId requestId","bool OH_MediaAssetManager_CancelRequest(OH_MediaAssetManager *,const MediaLibrary_RequestId)"
multimedia/media_library/media_asset_manager_capi.h,56,OH_MediaAssetManager_Create,OH_MediaAssetManager *,void,OH_MediaAssetManager * OH_MediaAssetManager_Create(void)
multimedia/media_library/media_asset_manager_capi.h,158,OH_MediaAssetManager_Release,MediaLibrary_ErrorCode,OH_MediaAssetManager * manager,MediaLibrary_ErrorCode OH_MediaAssetManager_Release(OH_MediaAssetManager *)
multimedia/media_library/media_asset_manager_capi.h,143,OH_MediaAssetManager_RequestImage,MediaLibrary_ErrorCode,"OH_MediaAssetManager * manager,OH_MediaAsset * mediaAsset,MediaLibrary_RequestOptions requestOptions,MediaLibrary_RequestId * requestId,OH_MediaLibrary_OnImageDataPrepared callback","MediaLibrary_ErrorCode OH_MediaAssetManager_RequestImage(OH_MediaAssetManager *,OH_MediaAsset *,MediaLibrary_RequestOptions,MediaLibrary_RequestId *,OH_MediaLibrary_OnImageDataPrepared)"
multimedia/media_library/media_asset_manager_capi.h,70,OH_MediaAssetManager_RequestImageForPath,MediaLibrary_RequestId,"OH_MediaAssetManager * manager,const char * uri,MediaLibrary_RequestOptions requestOptions,const char * destPath,OH_MediaLibrary_OnDataPrepared callback","MediaLibrary_RequestId OH_MediaAssetManager_RequestImageForPath(OH_MediaAssetManager *,const char *,MediaLibrary_RequestOptions,const char *,OH_MediaLibrary_OnDataPrepared)"
multimedia/media_library/media_asset_manager_capi.h,119,OH_MediaAssetManager_RequestMovingPhoto,MediaLibrary_ErrorCode,"OH_MediaAssetManager * manager,OH_MediaAsset * mediaAsset,MediaLibrary_RequestOptions requestOptions,MediaLibrary_RequestId * requestId,OH_MediaLibrary_OnMovingPhotoDataPrepared callback","MediaLibrary_ErrorCode OH_MediaAssetManager_RequestMovingPhoto(OH_MediaAssetManager *,OH_MediaAsset *,MediaLibrary_RequestOptions,MediaLibrary_RequestId *,OH_MediaLibrary_OnMovingPhotoDataPrepared)"
multimedia/media_library/media_asset_manager_capi.h,85,OH_MediaAssetManager_RequestVideoForPath,MediaLibrary_RequestId,"OH_MediaAssetManager * manager,const char * uri,MediaLibrary_RequestOptions requestOptions,const char * destPath,OH_MediaLibrary_OnDataPrepared callback","MediaLibrary_RequestId OH_MediaAssetManager_RequestVideoForPath(OH_MediaAssetManager *,const char *,MediaLibrary_RequestOptions,const char *,OH_MediaLibrary_OnDataPrepared)"
multimedia/media_library/moving_photo_capi.h,60,OH_MovingPhoto_GetUri,MediaLibrary_ErrorCode,"OH_MovingPhoto * movingPhoto,const char ** uri","MediaLibrary_ErrorCode OH_MovingPhoto_GetUri(OH_MovingPhoto *,const char **)"
multimedia/media_library/moving_photo_capi.h,131,OH_MovingPhoto_Release,MediaLibrary_ErrorCode,OH_MovingPhoto * movingPhoto,MediaLibrary_ErrorCode OH_MovingPhoto_Release(OH_MovingPhoto *)
multimedia/media_library/moving_photo_capi.h,117,OH_MovingPhoto_RequestContentWithBuffer,MediaLibrary_ErrorCode,"OH_MovingPhoto * movingPhoto,MediaLibrary_ResourceType resourceType,const uint8_t ** buffer,uint32_t * size","MediaLibrary_ErrorCode OH_MovingPhoto_RequestContentWithBuffer(OH_MovingPhoto *,MediaLibrary_ResourceType,const uint8_t **,uint32_t *)"
multimedia/media_library/moving_photo_capi.h,97,OH_MovingPhoto_RequestContentWithUri,MediaLibrary_ErrorCode,"OH_MovingPhoto * movingPhoto,MediaLibrary_ResourceType resourceType,char * uri","MediaLibrary_ErrorCode OH_MovingPhoto_RequestContentWithUri(OH_MovingPhoto *,MediaLibrary_ResourceType,char *)"
multimedia/media_library/moving_photo_capi.h,78,OH_MovingPhoto_RequestContentWithUris,MediaLibrary_ErrorCode,"OH_MovingPhoto * movingPhoto,char * imageUri,char * videoUri","MediaLibrary_ErrorCode OH_MovingPhoto_RequestContentWithUris(OH_MovingPhoto *,char *,char *)"
multimedia/player_framework/avplayer.h,85,OH_AVPlayer_Create,OH_AVPlayer *,void,OH_AVPlayer * OH_AVPlayer_Create(void)
multimedia/player_framework/avplayer.h,505,OH_AVPlayer_DeselectTrack,OH_AVErrCode,"OH_AVPlayer * player,int32_t index","OH_AVErrCode OH_AVPlayer_DeselectTrack(OH_AVPlayer *,int32_t)"
multimedia/player_framework/avplayer.h,269,OH_AVPlayer_GetCurrentTime,OH_AVErrCode,"OH_AVPlayer * player,int32_t * currentTime","OH_AVErrCode OH_AVPlayer_GetCurrentTime(OH_AVPlayer *,int32_t *)"
multimedia/player_framework/avplayer.h,522,OH_AVPlayer_GetCurrentTrack,OH_AVErrCode,"OH_AVPlayer * player,int32_t trackType,int32_t * index","OH_AVErrCode OH_AVPlayer_GetCurrentTrack(OH_AVPlayer *,int32_t,int32_t *)"
multimedia/player_framework/avplayer.h,407,OH_AVPlayer_GetDuration,OH_AVErrCode,"OH_AVPlayer * player,int32_t * duration","OH_AVErrCode OH_AVPlayer_GetDuration(OH_AVPlayer *,int32_t *)"
multimedia/player_framework/avplayer.h,550,OH_AVPlayer_GetMediaKeySystemInfo,OH_AVErrCode,"OH_AVPlayer * player,DRM_MediaKeySystemInfo * mediaKeySystemInfo","OH_AVErrCode OH_AVPlayer_GetMediaKeySystemInfo(OH_AVPlayer *,DRM_MediaKeySystemInfo *)"
multimedia/player_framework/avplayer.h,321,OH_AVPlayer_GetPlaybackSpeed,OH_AVErrCode,"OH_AVPlayer * player,AVPlaybackSpeed * speed","OH_AVErrCode OH_AVPlayer_GetPlaybackSpeed(OH_AVPlayer *,AVPlaybackSpeed *)"
multimedia/player_framework/avplayer.h,420,OH_AVPlayer_GetState,OH_AVErrCode,"OH_AVPlayer * player,AVPlayerState * state","OH_AVErrCode OH_AVPlayer_GetState(OH_AVPlayer *,AVPlayerState *)"
multimedia/player_framework/avplayer.h,295,OH_AVPlayer_GetVideoHeight,OH_AVErrCode,"OH_AVPlayer * player,int32_t * videoHeight","OH_AVErrCode OH_AVPlayer_GetVideoHeight(OH_AVPlayer *,int32_t *)"
multimedia/player_framework/avplayer.h,282,OH_AVPlayer_GetVideoWidth,OH_AVErrCode,"OH_AVPlayer * player,int32_t * videoWidth","OH_AVErrCode OH_AVPlayer_GetVideoWidth(OH_AVPlayer *,int32_t *)"
multimedia/player_framework/avplayer.h,440,OH_AVPlayer_IsLooping,bool,OH_AVPlayer * player,bool OH_AVPlayer_IsLooping(OH_AVPlayer *)
multimedia/player_framework/avplayer.h,430,OH_AVPlayer_IsPlaying,bool,OH_AVPlayer * player,bool OH_AVPlayer_IsPlaying(OH_AVPlayer *)
multimedia/player_framework/avplayer.h,156,OH_AVPlayer_Pause,OH_AVErrCode,OH_AVPlayer * player,OH_AVErrCode OH_AVPlayer_Pause(OH_AVPlayer *)
multimedia/player_framework/avplayer.h,144,OH_AVPlayer_Play,OH_AVErrCode,OH_AVPlayer * player,OH_AVErrCode OH_AVPlayer_Play(OH_AVPlayer *)
multimedia/player_framework/avplayer.h,128,OH_AVPlayer_Prepare,OH_AVErrCode,OH_AVPlayer * player,OH_AVErrCode OH_AVPlayer_Prepare(OH_AVPlayer *)
multimedia/player_framework/avplayer.h,201,OH_AVPlayer_Release,OH_AVErrCode,OH_AVPlayer * player,OH_AVErrCode OH_AVPlayer_Release(OH_AVPlayer *)
multimedia/player_framework/avplayer.h,218,OH_AVPlayer_ReleaseSync,OH_AVErrCode,OH_AVPlayer * player,OH_AVErrCode OH_AVPlayer_ReleaseSync(OH_AVPlayer *)
multimedia/player_framework/avplayer.h,184,OH_AVPlayer_Reset,OH_AVErrCode,OH_AVPlayer * player,OH_AVErrCode OH_AVPlayer_Reset(OH_AVPlayer *)
multimedia/player_framework/avplayer.h,256,OH_AVPlayer_Seek,OH_AVErrCode,"OH_AVPlayer * player,int32_t mSeconds,AVPlayerSeekMode mode","OH_AVErrCode OH_AVPlayer_Seek(OH_AVPlayer *,int32_t,AVPlayerSeekMode)"
multimedia/player_framework/avplayer.h,380,OH_AVPlayer_SelectBitRate,OH_AVErrCode,"OH_AVPlayer * player,uint32_t bitRate","OH_AVErrCode OH_AVPlayer_SelectBitRate(OH_AVPlayer *,uint32_t)"
multimedia/player_framework/avplayer.h,487,OH_AVPlayer_SelectTrack,OH_AVErrCode,"OH_AVPlayer * player,int32_t index","OH_AVErrCode OH_AVPlayer_SelectTrack(OH_AVPlayer *,int32_t)"
multimedia/player_framework/avplayer.h,359,OH_AVPlayer_SetAudioEffectMode,OH_AVErrCode,"OH_AVPlayer * player,OH_AudioStream_AudioEffectMode effectMode","OH_AVErrCode OH_AVPlayer_SetAudioEffectMode(OH_AVPlayer *,OH_AudioStream_AudioEffectMode)"
multimedia/player_framework/avplayer.h,346,OH_AVPlayer_SetAudioInterruptMode,OH_AVErrCode,"OH_AVPlayer * player,OH_AudioInterrupt_Mode interruptMode","OH_AVErrCode OH_AVPlayer_SetAudioInterruptMode(OH_AVPlayer *,OH_AudioInterrupt_Mode)"
multimedia/player_framework/avplayer.h,333,OH_AVPlayer_SetAudioRendererInfo,OH_AVErrCode,"OH_AVPlayer * player,OH_AudioStream_Usage streamUsage","OH_AVErrCode OH_AVPlayer_SetAudioRendererInfo(OH_AVPlayer *,OH_AudioStream_Usage)"
multimedia/player_framework/avplayer.h,565,OH_AVPlayer_SetDecryptionConfig,OH_AVErrCode,"OH_AVPlayer * player,MediaKeySession * mediaKeySession,bool secureVideoPath","OH_AVErrCode OH_AVPlayer_SetDecryptionConfig(OH_AVPlayer *,MediaKeySession *,bool)"
multimedia/player_framework/avplayer.h,113,OH_AVPlayer_SetFDSource,OH_AVErrCode,"OH_AVPlayer * player,int32_t fd,int64_t offset,int64_t size","OH_AVErrCode OH_AVPlayer_SetFDSource(OH_AVPlayer *,int32_t,int64_t,int64_t)"
multimedia/player_framework/avplayer.h,453,OH_AVPlayer_SetLooping,OH_AVErrCode,"OH_AVPlayer * player,bool loop","OH_AVErrCode OH_AVPlayer_SetLooping(OH_AVPlayer *,bool)"
multimedia/player_framework/avplayer.h,536,OH_AVPlayer_SetMediaKeySystemInfoCallback,OH_AVErrCode,"OH_AVPlayer * player,Player_MediaKeySystemInfoCallback callback","OH_AVErrCode OH_AVPlayer_SetMediaKeySystemInfoCallback(OH_AVPlayer *,Player_MediaKeySystemInfoCallback)"
multimedia/player_framework/avplayer.h,592,OH_AVPlayer_SetOnErrorCallback,OH_AVErrCode,"OH_AVPlayer * player,OH_AVPlayerOnErrorCallback callback,void * userData","OH_AVErrCode OH_AVPlayer_SetOnErrorCallback(OH_AVPlayer *,OH_AVPlayerOnErrorCallback,void *)"
multimedia/player_framework/avplayer.h,579,OH_AVPlayer_SetOnInfoCallback,OH_AVErrCode,"OH_AVPlayer * player,OH_AVPlayerOnInfoCallback callback,void * userData","OH_AVErrCode OH_AVPlayer_SetOnInfoCallback(OH_AVPlayer *,OH_AVPlayerOnInfoCallback,void *)"
multimedia/player_framework/avplayer.h,308,OH_AVPlayer_SetPlaybackSpeed,OH_AVErrCode,"OH_AVPlayer * player,AVPlaybackSpeed speed","OH_AVErrCode OH_AVPlayer_SetPlaybackSpeed(OH_AVPlayer *,AVPlaybackSpeed)"
multimedia/player_framework/avplayer.h,469,OH_AVPlayer_SetPlayerCallback,OH_AVErrCode,"OH_AVPlayer * player,AVPlayerCallback callback","OH_AVErrCode OH_AVPlayer_SetPlayerCallback(OH_AVPlayer *,AVPlayerCallback)"
multimedia/player_framework/avplayer.h,98,OH_AVPlayer_SetURLSource,OH_AVErrCode,"OH_AVPlayer * player,const char * url","OH_AVErrCode OH_AVPlayer_SetURLSource(OH_AVPlayer *,const char *)"
multimedia/player_framework/avplayer.h,394,OH_AVPlayer_SetVideoSurface,OH_AVErrCode,"OH_AVPlayer * player,OHNativeWindow * window","OH_AVErrCode OH_AVPlayer_SetVideoSurface(OH_AVPlayer *,OHNativeWindow *)"
multimedia/player_framework/avplayer.h,239,OH_AVPlayer_SetVolume,OH_AVErrCode,"OH_AVPlayer * player,float leftVolume,float rightVolume","OH_AVErrCode OH_AVPlayer_SetVolume(OH_AVPlayer *,float,float)"
multimedia/player_framework/avplayer.h,168,OH_AVPlayer_Stop,OH_AVErrCode,OH_AVPlayer * player,OH_AVErrCode OH_AVPlayer_Stop(OH_AVPlayer *)
multimedia/player_framework/native_avbuffer.h,74,OH_AVBuffer_Create,OH_AVBuffer *,int32_t capacity,OH_AVBuffer * OH_AVBuffer_Create(int32_t)
multimedia/player_framework/native_avbuffer.h,86,OH_AVBuffer_Destroy,OH_AVErrCode,OH_AVBuffer * buffer,OH_AVErrCode OH_AVBuffer_Destroy(OH_AVBuffer *)
multimedia/player_framework/native_avbuffer.h,150,OH_AVBuffer_GetAddr,uint8_t *,OH_AVBuffer * buffer,uint8_t * OH_AVBuffer_GetAddr(OH_AVBuffer *)
multimedia/player_framework/native_avbuffer.h,100,OH_AVBuffer_GetBufferAttr,OH_AVErrCode,"OH_AVBuffer * buffer,OH_AVCodecBufferAttr * attr","OH_AVErrCode OH_AVBuffer_GetBufferAttr(OH_AVBuffer *,OH_AVCodecBufferAttr *)"
multimedia/player_framework/native_avbuffer.h,161,OH_AVBuffer_GetCapacity,int32_t,OH_AVBuffer * buffer,int32_t OH_AVBuffer_GetCapacity(OH_AVBuffer *)
multimedia/player_framework/native_avbuffer.h,173,OH_AVBuffer_GetNativeBuffer,OH_NativeBuffer *,OH_AVBuffer * buffer,OH_NativeBuffer * OH_AVBuffer_GetNativeBuffer(OH_AVBuffer *)
multimedia/player_framework/native_avbuffer.h,126,OH_AVBuffer_GetParameter,OH_AVFormat *,OH_AVBuffer * buffer,OH_AVFormat * OH_AVBuffer_GetParameter(OH_AVBuffer *)
multimedia/player_framework/native_avbuffer.h,114,OH_AVBuffer_SetBufferAttr,OH_AVErrCode,"OH_AVBuffer * buffer,const OH_AVCodecBufferAttr * attr","OH_AVErrCode OH_AVBuffer_SetBufferAttr(OH_AVBuffer *,const OH_AVCodecBufferAttr *)"
multimedia/player_framework/native_avbuffer.h,139,OH_AVBuffer_SetParameter,OH_AVErrCode,"OH_AVBuffer * buffer,const OH_AVFormat * format","OH_AVErrCode OH_AVBuffer_SetParameter(OH_AVBuffer *,const OH_AVFormat *)"
multimedia/player_framework/native_avcapability.h,409,OH_AVCapability_AreProfileAndLevelSupported,bool,"OH_AVCapability * capability,int32_t profile,int32_t level","bool OH_AVCapability_AreProfileAndLevelSupported(OH_AVCapability *,int32_t,int32_t)"
multimedia/player_framework/native_avcapability.h,345,OH_AVCapability_AreVideoSizeAndFrameRateSupported,bool,"OH_AVCapability * capability,int32_t width,int32_t height,int32_t frameRate","bool OH_AVCapability_AreVideoSizeAndFrameRateSupported(OH_AVCapability *,int32_t,int32_t,int32_t)"
multimedia/player_framework/native_avcapability.h,215,OH_AVCapability_GetAudioChannelCountRange,OH_AVErrCode,"OH_AVCapability * capability,OH_AVRange * channelCountRange","OH_AVErrCode OH_AVCapability_GetAudioChannelCountRange(OH_AVCapability *,OH_AVRange *)"
multimedia/player_framework/native_avcapability.h,202,OH_AVCapability_GetAudioSupportedSampleRates,OH_AVErrCode,"OH_AVCapability * capability,const int32_t ** sampleRates,uint32_t * sampleRateNum","OH_AVErrCode OH_AVCapability_GetAudioSupportedSampleRates(OH_AVCapability *,const int32_t **,uint32_t *)"
multimedia/player_framework/native_avcapability.h,153,OH_AVCapability_GetEncoderBitrateRange,OH_AVErrCode,"OH_AVCapability * capability,OH_AVRange * bitrateRange","OH_AVErrCode OH_AVCapability_GetEncoderBitrateRange(OH_AVCapability *,OH_AVRange *)"
multimedia/player_framework/native_avcapability.h,187,OH_AVCapability_GetEncoderComplexityRange,OH_AVErrCode,"OH_AVCapability * capability,OH_AVRange * complexityRange","OH_AVErrCode OH_AVCapability_GetEncoderComplexityRange(OH_AVCapability *,OH_AVRange *)"
multimedia/player_framework/native_avcapability.h,175,OH_AVCapability_GetEncoderQualityRange,OH_AVErrCode,"OH_AVCapability * capability,OH_AVRange * qualityRange","OH_AVErrCode OH_AVCapability_GetEncoderQualityRange(OH_AVCapability *,OH_AVRange *)"
multimedia/player_framework/native_avcapability.h,432,OH_AVCapability_GetFeatureProperties,OH_AVFormat *,"OH_AVCapability * capability,OH_AVCapabilityFeature feature","OH_AVFormat * OH_AVCapability_GetFeatureProperties(OH_AVCapability *,OH_AVCapabilityFeature)"
multimedia/player_framework/native_avcapability.h,141,OH_AVCapability_GetMaxSupportedInstances,int32_t,OH_AVCapability * capability,int32_t OH_AVCapability_GetMaxSupportedInstances(OH_AVCapability *)
multimedia/player_framework/native_avcapability.h,132,OH_AVCapability_GetName,const char *,OH_AVCapability * capability,const char * OH_AVCapability_GetName(OH_AVCapability *)
multimedia/player_framework/native_avcapability.h,396,OH_AVCapability_GetSupportedLevelsForProfile,OH_AVErrCode,"OH_AVCapability * capability,int32_t profile,const int32_t ** levels,uint32_t * levelNum","OH_AVErrCode OH_AVCapability_GetSupportedLevelsForProfile(OH_AVCapability *,int32_t,const int32_t **,uint32_t *)"
multimedia/player_framework/native_avcapability.h,378,OH_AVCapability_GetSupportedProfiles,OH_AVErrCode,"OH_AVCapability * capability,const int32_t ** profiles,uint32_t * profileNum","OH_AVErrCode OH_AVCapability_GetSupportedProfiles(OH_AVCapability *,const int32_t **,uint32_t *)"
multimedia/player_framework/native_avcapability.h,316,OH_AVCapability_GetVideoFrameRateRange,OH_AVErrCode,"OH_AVCapability * capability,OH_AVRange * frameRateRange","OH_AVErrCode OH_AVCapability_GetVideoFrameRateRange(OH_AVCapability *,OH_AVRange *)"
multimedia/player_framework/native_avcapability.h,331,OH_AVCapability_GetVideoFrameRateRangeForSize,OH_AVErrCode,"OH_AVCapability * capability,int32_t width,int32_t height,OH_AVRange * frameRateRange","OH_AVErrCode OH_AVCapability_GetVideoFrameRateRangeForSize(OH_AVCapability *,int32_t,int32_t,OH_AVRange *)"
multimedia/player_framework/native_avcapability.h,239,OH_AVCapability_GetVideoHeightAlignment,OH_AVErrCode,"OH_AVCapability * capability,int32_t * heightAlignment","OH_AVErrCode OH_AVCapability_GetVideoHeightAlignment(OH_AVCapability *,int32_t *)"
multimedia/player_framework/native_avcapability.h,293,OH_AVCapability_GetVideoHeightRange,OH_AVErrCode,"OH_AVCapability * capability,OH_AVRange * heightRange","OH_AVErrCode OH_AVCapability_GetVideoHeightRange(OH_AVCapability *,OH_AVRange *)"
multimedia/player_framework/native_avcapability.h,268,OH_AVCapability_GetVideoHeightRangeForWidth,OH_AVErrCode,"OH_AVCapability * capability,int32_t width,OH_AVRange * heightRange","OH_AVErrCode OH_AVCapability_GetVideoHeightRangeForWidth(OH_AVCapability *,int32_t,OH_AVRange *)"
multimedia/player_framework/native_avcapability.h,362,OH_AVCapability_GetVideoSupportedPixelFormats,OH_AVErrCode,"OH_AVCapability * capability,const int32_t ** pixelFormats,uint32_t * pixelFormatNum","OH_AVErrCode OH_AVCapability_GetVideoSupportedPixelFormats(OH_AVCapability *,const int32_t **,uint32_t *)"
multimedia/player_framework/native_avcapability.h,227,OH_AVCapability_GetVideoWidthAlignment,OH_AVErrCode,"OH_AVCapability * capability,int32_t * widthAlignment","OH_AVErrCode OH_AVCapability_GetVideoWidthAlignment(OH_AVCapability *,int32_t *)"
multimedia/player_framework/native_avcapability.h,281,OH_AVCapability_GetVideoWidthRange,OH_AVErrCode,"OH_AVCapability * capability,OH_AVRange * widthRange","OH_AVErrCode OH_AVCapability_GetVideoWidthRange(OH_AVCapability *,OH_AVRange *)"
multimedia/player_framework/native_avcapability.h,253,OH_AVCapability_GetVideoWidthRangeForHeight,OH_AVErrCode,"OH_AVCapability * capability,int32_t height,OH_AVRange * widthRange","OH_AVErrCode OH_AVCapability_GetVideoWidthRangeForHeight(OH_AVCapability *,int32_t,OH_AVRange *)"
multimedia/player_framework/native_avcapability.h,163,OH_AVCapability_IsEncoderBitrateModeSupported,bool,"OH_AVCapability * capability,OH_BitrateMode bitrateMode","bool OH_AVCapability_IsEncoderBitrateModeSupported(OH_AVCapability *,OH_BitrateMode)"
multimedia/player_framework/native_avcapability.h,420,OH_AVCapability_IsFeatureSupported,bool,"OH_AVCapability * capability,OH_AVCapabilityFeature feature","bool OH_AVCapability_IsFeatureSupported(OH_AVCapability *,OH_AVCapabilityFeature)"
multimedia/player_framework/native_avcapability.h,123,OH_AVCapability_IsHardware,bool,OH_AVCapability * capability,bool OH_AVCapability_IsHardware(OH_AVCapability *)
multimedia/player_framework/native_avcapability.h,304,OH_AVCapability_IsVideoSizeSupported,bool,"OH_AVCapability * capability,int32_t width,int32_t height","bool OH_AVCapability_IsVideoSizeSupported(OH_AVCapability *,int32_t,int32_t)"
multimedia/player_framework/native_avcapability.h,100,OH_AVCodec_GetCapability,OH_AVCapability *,"const char * mime,bool isEncoder","OH_AVCapability * OH_AVCodec_GetCapability(const char *,bool)"
multimedia/player_framework/native_avcapability.h,113,OH_AVCodec_GetCapabilityByCategory,OH_AVCapability *,"const char * mime,bool isEncoder,OH_AVCodecCategory category","OH_AVCapability * OH_AVCodec_GetCapabilityByCategory(const char *,bool,OH_AVCodecCategory)"
multimedia/player_framework/native_avcodec_audiocodec.h,118,OH_AudioCodec_Configure,OH_AVErrCode,"OH_AVCodec * codec,const OH_AVFormat * format","OH_AVErrCode OH_AudioCodec_Configure(OH_AVCodec *,const OH_AVFormat *)"
multimedia/player_framework/native_avcodec_audiocodec.h,62,OH_AudioCodec_CreateByMime,OH_AVCodec *,"const char * mime,bool isEncoder","OH_AVCodec * OH_AudioCodec_CreateByMime(const char *,bool)"
multimedia/player_framework/native_avcodec_audiocodec.h,72,OH_AudioCodec_CreateByName,OH_AVCodec *,const char * name,OH_AVCodec * OH_AudioCodec_CreateByName(const char *)
multimedia/player_framework/native_avcodec_audiocodec.h,86,OH_AudioCodec_Destroy,OH_AVErrCode,OH_AVCodec * codec,OH_AVErrCode OH_AudioCodec_Destroy(OH_AVCodec *)
multimedia/player_framework/native_avcodec_audiocodec.h,184,OH_AudioCodec_Flush,OH_AVErrCode,OH_AVCodec * codec,OH_AVErrCode OH_AudioCodec_Flush(OH_AVCodec *)
multimedia/player_framework/native_avcodec_audiocodec.h,266,OH_AudioCodec_FreeOutputBuffer,OH_AVErrCode,"OH_AVCodec * codec,uint32_t index","OH_AVErrCode OH_AudioCodec_FreeOutputBuffer(OH_AVCodec *,uint32_t)"
multimedia/player_framework/native_avcodec_audiocodec.h,210,OH_AudioCodec_GetOutputDescription,OH_AVFormat *,OH_AVCodec * codec,OH_AVFormat * OH_AudioCodec_GetOutputDescription(OH_AVCodec *)
multimedia/player_framework/native_avcodec_audiocodec.h,280,OH_AudioCodec_IsValid,OH_AVErrCode,"OH_AVCodec * codec,bool * isValid","OH_AVErrCode OH_AudioCodec_IsValid(OH_AVCodec *,bool *)"
multimedia/player_framework/native_avcodec_audiocodec.h,134,OH_AudioCodec_Prepare,OH_AVErrCode,OH_AVCodec * codec,OH_AVErrCode OH_AudioCodec_Prepare(OH_AVCodec *)
multimedia/player_framework/native_avcodec_audiocodec.h,249,OH_AudioCodec_PushInputBuffer,OH_AVErrCode,"OH_AVCodec * codec,uint32_t index","OH_AVErrCode OH_AudioCodec_PushInputBuffer(OH_AVCodec *,uint32_t)"
multimedia/player_framework/native_avcodec_audiocodec.h,101,OH_AudioCodec_RegisterCallback,OH_AVErrCode,"OH_AVCodec * codec,OH_AVCodecCallback callback,void * userData","OH_AVErrCode OH_AudioCodec_RegisterCallback(OH_AVCodec *,OH_AVCodecCallback,void *)"
multimedia/player_framework/native_avcodec_audiocodec.h,198,OH_AudioCodec_Reset,OH_AVErrCode,OH_AVCodec * codec,OH_AVErrCode OH_AudioCodec_Reset(OH_AVCodec *)
multimedia/player_framework/native_avcodec_audiocodec.h,296,OH_AudioCodec_SetDecryptionConfig,OH_AVErrCode,"OH_AVCodec * codec,MediaKeySession * mediaKeySession,bool secureAudio","OH_AVErrCode OH_AudioCodec_SetDecryptionConfig(OH_AVCodec *,MediaKeySession *,bool)"
multimedia/player_framework/native_avcodec_audiocodec.h,227,OH_AudioCodec_SetParameter,OH_AVErrCode,"OH_AVCodec * codec,const OH_AVFormat * format","OH_AVErrCode OH_AudioCodec_SetParameter(OH_AVCodec *,const OH_AVFormat *)"
multimedia/player_framework/native_avcodec_audiocodec.h,150,OH_AudioCodec_Start,OH_AVErrCode,OH_AVCodec * codec,OH_AVErrCode OH_AudioCodec_Start(OH_AVCodec *)
multimedia/player_framework/native_avcodec_audiocodec.h,167,OH_AudioCodec_Stop,OH_AVErrCode,OH_AVCodec * codec,OH_AVErrCode OH_AudioCodec_Stop(OH_AVCodec *)
multimedia/player_framework/native_avcodec_audiodecoder.h,110,OH_AudioDecoder_Configure,OH_AVErrCode,"OH_AVCodec * codec,OH_AVFormat * format","OH_AVErrCode OH_AudioDecoder_Configure(OH_AVCodec *,OH_AVFormat *)"
multimedia/player_framework/native_avcodec_audiodecoder.h,57,OH_AudioDecoder_CreateByMime,OH_AVCodec *,const char * mime,OH_AVCodec * OH_AudioDecoder_CreateByMime(const char *)
multimedia/player_framework/native_avcodec_audiodecoder.h,69,OH_AudioDecoder_CreateByName,OH_AVCodec *,const char * name,OH_AVCodec * OH_AudioDecoder_CreateByName(const char *)
multimedia/player_framework/native_avcodec_audiodecoder.h,81,OH_AudioDecoder_Destroy,OH_AVErrCode,OH_AVCodec * codec,OH_AVErrCode OH_AudioDecoder_Destroy(OH_AVCodec *)
multimedia/player_framework/native_avcodec_audiodecoder.h,164,OH_AudioDecoder_Flush,OH_AVErrCode,OH_AVCodec * codec,OH_AVErrCode OH_AudioDecoder_Flush(OH_AVCodec *)
multimedia/player_framework/native_avcodec_audiodecoder.h,238,OH_AudioDecoder_FreeOutputData,OH_AVErrCode,"OH_AVCodec * codec,uint32_t index","OH_AVErrCode OH_AudioDecoder_FreeOutputData(OH_AVCodec *,uint32_t)"
multimedia/player_framework/native_avcodec_audiodecoder.h,192,OH_AudioDecoder_GetOutputDescription,OH_AVFormat *,OH_AVCodec * codec,OH_AVFormat * OH_AudioDecoder_GetOutputDescription(OH_AVCodec *)
multimedia/player_framework/native_avcodec_audiodecoder.h,253,OH_AudioDecoder_IsValid,OH_AVErrCode,"OH_AVCodec * codec,bool * isValid","OH_AVErrCode OH_AudioDecoder_IsValid(OH_AVCodec *,bool *)"
multimedia/player_framework/native_avcodec_audiodecoder.h,123,OH_AudioDecoder_Prepare,OH_AVErrCode,OH_AVCodec * codec,OH_AVErrCode OH_AudioDecoder_Prepare(OH_AVCodec *)
multimedia/player_framework/native_avcodec_audiodecoder.h,225,OH_AudioDecoder_PushInputData,OH_AVErrCode,"OH_AVCodec * codec,uint32_t index,OH_AVCodecBufferAttr attr","OH_AVErrCode OH_AudioDecoder_PushInputData(OH_AVCodec *,uint32_t,OH_AVCodecBufferAttr)"
multimedia/player_framework/native_avcodec_audiodecoder.h,178,OH_AudioDecoder_Reset,OH_AVErrCode,OH_AVCodec * codec,OH_AVErrCode OH_AudioDecoder_Reset(OH_AVCodec *)
multimedia/player_framework/native_avcodec_audiodecoder.h,96,OH_AudioDecoder_SetCallback,OH_AVErrCode,"OH_AVCodec * codec,OH_AVCodecAsyncCallback callback,void * userData","OH_AVErrCode OH_AudioDecoder_SetCallback(OH_AVCodec *,OH_AVCodecAsyncCallback,void *)"
multimedia/player_framework/native_avcodec_audiodecoder.h,206,OH_AudioDecoder_SetParameter,OH_AVErrCode,"OH_AVCodec * codec,OH_AVFormat * format","OH_AVErrCode OH_AudioDecoder_SetParameter(OH_AVCodec *,OH_AVFormat *)"
multimedia/player_framework/native_avcodec_audiodecoder.h,136,OH_AudioDecoder_Start,OH_AVErrCode,OH_AVCodec * codec,OH_AVErrCode OH_AudioDecoder_Start(OH_AVCodec *)
multimedia/player_framework/native_avcodec_audiodecoder.h,150,OH_AudioDecoder_Stop,OH_AVErrCode,OH_AVCodec * codec,OH_AVErrCode OH_AudioDecoder_Stop(OH_AVCodec *)
multimedia/player_framework/native_avcodec_audioencoder.h,115,OH_AudioEncoder_Configure,OH_AVErrCode,"OH_AVCodec * codec,OH_AVFormat * format","OH_AVErrCode OH_AudioEncoder_Configure(OH_AVCodec *,OH_AVFormat *)"
multimedia/player_framework/native_avcodec_audioencoder.h,58,OH_AudioEncoder_CreateByMime,OH_AVCodec *,const char * mime,OH_AVCodec * OH_AudioEncoder_CreateByMime(const char *)
multimedia/player_framework/native_avcodec_audioencoder.h,71,OH_AudioEncoder_CreateByName,OH_AVCodec *,const char * name,OH_AVCodec * OH_AudioEncoder_CreateByName(const char *)
multimedia/player_framework/native_avcodec_audioencoder.h,84,OH_AudioEncoder_Destroy,OH_AVErrCode,OH_AVCodec * codec,OH_AVErrCode OH_AudioEncoder_Destroy(OH_AVCodec *)
multimedia/player_framework/native_avcodec_audioencoder.h,171,OH_AudioEncoder_Flush,OH_AVErrCode,OH_AVCodec * codec,OH_AVErrCode OH_AudioEncoder_Flush(OH_AVCodec *)
multimedia/player_framework/native_avcodec_audioencoder.h,247,OH_AudioEncoder_FreeOutputData,OH_AVErrCode,"OH_AVCodec * codec,uint32_t index","OH_AVErrCode OH_AudioEncoder_FreeOutputData(OH_AVCodec *,uint32_t)"
multimedia/player_framework/native_avcodec_audioencoder.h,200,OH_AudioEncoder_GetOutputDescription,OH_AVFormat *,OH_AVCodec * codec,OH_AVFormat * OH_AudioEncoder_GetOutputDescription(OH_AVCodec *)
multimedia/player_framework/native_avcodec_audioencoder.h,262,OH_AudioEncoder_IsValid,OH_AVErrCode,"OH_AVCodec * codec,bool * isValid","OH_AVErrCode OH_AudioEncoder_IsValid(OH_AVCodec *,bool *)"
multimedia/player_framework/native_avcodec_audioencoder.h,129,OH_AudioEncoder_Prepare,OH_AVErrCode,OH_AVCodec * codec,OH_AVErrCode OH_AudioEncoder_Prepare(OH_AVCodec *)
multimedia/player_framework/native_avcodec_audioencoder.h,233,OH_AudioEncoder_PushInputData,OH_AVErrCode,"OH_AVCodec * codec,uint32_t index,OH_AVCodecBufferAttr attr","OH_AVErrCode OH_AudioEncoder_PushInputData(OH_AVCodec *,uint32_t,OH_AVCodecBufferAttr)"
multimedia/player_framework/native_avcodec_audioencoder.h,185,OH_AudioEncoder_Reset,OH_AVErrCode,OH_AVCodec * codec,OH_AVErrCode OH_AudioEncoder_Reset(OH_AVCodec *)
multimedia/player_framework/native_avcodec_audioencoder.h,100,OH_AudioEncoder_SetCallback,OH_AVErrCode,"OH_AVCodec * codec,OH_AVCodecAsyncCallback callback,void * userData","OH_AVErrCode OH_AudioEncoder_SetCallback(OH_AVCodec *,OH_AVCodecAsyncCallback,void *)"
multimedia/player_framework/native_avcodec_audioencoder.h,215,OH_AudioEncoder_SetParameter,OH_AVErrCode,"OH_AVCodec * codec,OH_AVFormat * format","OH_AVErrCode OH_AudioEncoder_SetParameter(OH_AVCodec *,OH_AVFormat *)"
multimedia/player_framework/native_avcodec_audioencoder.h,143,OH_AudioEncoder_Start,OH_AVErrCode,OH_AVCodec * codec,OH_AVErrCode OH_AudioEncoder_Start(OH_AVCodec *)
multimedia/player_framework/native_avcodec_audioencoder.h,156,OH_AudioEncoder_Stop,OH_AVErrCode,OH_AVCodec * codec,OH_AVErrCode OH_AudioEncoder_Stop(OH_AVCodec *)
multimedia/player_framework/native_avcodec_videodecoder.h,164,OH_VideoDecoder_Configure,OH_AVErrCode,"OH_AVCodec * codec,OH_AVFormat * format","OH_AVErrCode OH_VideoDecoder_Configure(OH_AVCodec *,OH_AVFormat *)"
multimedia/player_framework/native_avcodec_videodecoder.h,64,OH_VideoDecoder_CreateByMime,OH_AVCodec *,const char * mime,OH_AVCodec * OH_VideoDecoder_CreateByMime(const char *)
multimedia/player_framework/native_avcodec_videodecoder.h,75,OH_VideoDecoder_CreateByName,OH_AVCodec *,const char * name,OH_AVCodec * OH_VideoDecoder_CreateByName(const char *)
multimedia/player_framework/native_avcodec_videodecoder.h,89,OH_VideoDecoder_Destroy,OH_AVErrCode,OH_AVCodec * codec,OH_AVErrCode OH_VideoDecoder_Destroy(OH_AVCodec *)
multimedia/player_framework/native_avcodec_videodecoder.h,231,OH_VideoDecoder_Flush,OH_AVErrCode,OH_AVCodec * codec,OH_AVErrCode OH_VideoDecoder_Flush(OH_AVCodec *)
multimedia/player_framework/native_avcodec_videodecoder.h,433,OH_VideoDecoder_FreeOutputBuffer,OH_AVErrCode,"OH_AVCodec * codec,uint32_t index","OH_AVErrCode OH_VideoDecoder_FreeOutputBuffer(OH_AVCodec *,uint32_t)"
multimedia/player_framework/native_avcodec_videodecoder.h,341,OH_VideoDecoder_FreeOutputData,OH_AVErrCode,"OH_AVCodec * codec,uint32_t index","OH_AVErrCode OH_VideoDecoder_FreeOutputData(OH_AVCodec *,uint32_t)"
multimedia/player_framework/native_avcodec_videodecoder.h,259,OH_VideoDecoder_GetOutputDescription,OH_AVFormat *,OH_AVCodec * codec,OH_AVFormat * OH_VideoDecoder_GetOutputDescription(OH_AVCodec *)
multimedia/player_framework/native_avcodec_videodecoder.h,450,OH_VideoDecoder_IsValid,OH_AVErrCode,"OH_AVCodec * codec,bool * isValid","OH_AVErrCode OH_VideoDecoder_IsValid(OH_AVCodec *,bool *)"
multimedia/player_framework/native_avcodec_videodecoder.h,181,OH_VideoDecoder_Prepare,OH_AVErrCode,OH_AVCodec * codec,OH_AVErrCode OH_VideoDecoder_Prepare(OH_AVCodec *)
multimedia/player_framework/native_avcodec_videodecoder.h,365,OH_VideoDecoder_PushInputBuffer,OH_AVErrCode,"OH_AVCodec * codec,uint32_t index","OH_AVErrCode OH_VideoDecoder_PushInputBuffer(OH_AVCodec *,uint32_t)"
multimedia/player_framework/native_avcodec_videodecoder.h,301,OH_VideoDecoder_PushInputData,OH_AVErrCode,"OH_AVCodec * codec,uint32_t index,OH_AVCodecBufferAttr attr","OH_AVErrCode OH_VideoDecoder_PushInputData(OH_AVCodec *,uint32_t,OH_AVCodecBufferAttr)"
multimedia/player_framework/native_avcodec_videodecoder.h,127,OH_VideoDecoder_RegisterCallback,OH_AVErrCode,"OH_AVCodec * codec,OH_AVCodecCallback callback,void * userData","OH_AVErrCode OH_VideoDecoder_RegisterCallback(OH_AVCodec *,OH_AVCodecCallback,void *)"
multimedia/player_framework/native_avcodec_videodecoder.h,384,OH_VideoDecoder_RenderOutputBuffer,OH_AVErrCode,"OH_AVCodec * codec,uint32_t index","OH_AVErrCode OH_VideoDecoder_RenderOutputBuffer(OH_AVCodec *,uint32_t)"
multimedia/player_framework/native_avcodec_videodecoder.h,416,OH_VideoDecoder_RenderOutputBufferAtTime,OH_AVErrCode,"OH_AVCodec * codec,uint32_t index,int64_t renderTimestampNs","OH_AVErrCode OH_VideoDecoder_RenderOutputBufferAtTime(OH_AVCodec *,uint32_t,int64_t)"
multimedia/player_framework/native_avcodec_videodecoder.h,322,OH_VideoDecoder_RenderOutputData,OH_AVErrCode,"OH_AVCodec * codec,uint32_t index","OH_AVErrCode OH_VideoDecoder_RenderOutputData(OH_AVCodec *,uint32_t)"
multimedia/player_framework/native_avcodec_videodecoder.h,247,OH_VideoDecoder_Reset,OH_AVErrCode,OH_AVCodec * codec,OH_AVErrCode OH_VideoDecoder_Reset(OH_AVCodec *)
multimedia/player_framework/native_avcodec_videodecoder.h,109,OH_VideoDecoder_SetCallback,OH_AVErrCode,"OH_AVCodec * codec,OH_AVCodecAsyncCallback callback,void * userData","OH_AVErrCode OH_VideoDecoder_SetCallback(OH_AVCodec *,OH_AVCodecAsyncCallback,void *)"
multimedia/player_framework/native_avcodec_videodecoder.h,467,OH_VideoDecoder_SetDecryptionConfig,OH_AVErrCode,"OH_AVCodec * codec,MediaKeySession * mediaKeySession,bool secureVideoPath","OH_AVErrCode OH_VideoDecoder_SetDecryptionConfig(OH_AVCodec *,MediaKeySession *,bool)"
multimedia/player_framework/native_avcodec_videodecoder.h,276,OH_VideoDecoder_SetParameter,OH_AVErrCode,"OH_AVCodec * codec,OH_AVFormat * format","OH_AVErrCode OH_VideoDecoder_SetParameter(OH_AVCodec *,OH_AVFormat *)"
multimedia/player_framework/native_avcodec_videodecoder.h,145,OH_VideoDecoder_SetSurface,OH_AVErrCode,"OH_AVCodec * codec,OHNativeWindow * window","OH_AVErrCode OH_VideoDecoder_SetSurface(OH_AVCodec *,OHNativeWindow *)"
multimedia/player_framework/native_avcodec_videodecoder.h,198,OH_VideoDecoder_Start,OH_AVErrCode,OH_AVCodec * codec,OH_AVErrCode OH_VideoDecoder_Start(OH_AVCodec *)
multimedia/player_framework/native_avcodec_videodecoder.h,214,OH_VideoDecoder_Stop,OH_AVErrCode,OH_AVCodec * codec,OH_AVErrCode OH_VideoDecoder_Stop(OH_AVCodec *)
multimedia/player_framework/native_avcodec_videoencoder.h,173,OH_VideoEncoder_Configure,OH_AVErrCode,"OH_AVCodec * codec,OH_AVFormat * format","OH_AVErrCode OH_VideoEncoder_Configure(OH_AVCodec *,OH_AVFormat *)"
multimedia/player_framework/native_avcodec_videoencoder.h,71,OH_VideoEncoder_CreateByMime,OH_AVCodec *,const char * mime,OH_AVCodec * OH_VideoEncoder_CreateByMime(const char *)
multimedia/player_framework/native_avcodec_videoencoder.h,82,OH_VideoEncoder_CreateByName,OH_AVCodec *,const char * name,OH_AVCodec * OH_VideoEncoder_CreateByName(const char *)
multimedia/player_framework/native_avcodec_videoencoder.h,96,OH_VideoEncoder_Destroy,OH_AVErrCode,OH_AVCodec * codec,OH_AVErrCode OH_VideoEncoder_Destroy(OH_AVCodec *)
multimedia/player_framework/native_avcodec_videoencoder.h,237,OH_VideoEncoder_Flush,OH_AVErrCode,OH_AVCodec * codec,OH_AVErrCode OH_VideoEncoder_Flush(OH_AVCodec *)
multimedia/player_framework/native_avcodec_videoencoder.h,407,OH_VideoEncoder_FreeOutputBuffer,OH_AVErrCode,"OH_AVCodec * codec,uint32_t index","OH_AVErrCode OH_VideoEncoder_FreeOutputBuffer(OH_AVCodec *,uint32_t)"
multimedia/player_framework/native_avcodec_videoencoder.h,318,OH_VideoEncoder_FreeOutputData,OH_AVErrCode,"OH_AVCodec * codec,uint32_t index","OH_AVErrCode OH_VideoEncoder_FreeOutputData(OH_AVCodec *,uint32_t)"
multimedia/player_framework/native_avcodec_videoencoder.h,419,OH_VideoEncoder_GetInputDescription,OH_AVFormat *,OH_AVCodec * codec,OH_AVFormat * OH_VideoEncoder_GetInputDescription(OH_AVCodec *)
multimedia/player_framework/native_avcodec_videoencoder.h,265,OH_VideoEncoder_GetOutputDescription,OH_AVFormat *,OH_AVCodec * codec,OH_AVFormat * OH_VideoEncoder_GetOutputDescription(OH_AVCodec *)
multimedia/player_framework/native_avcodec_videoencoder.h,299,OH_VideoEncoder_GetSurface,OH_AVErrCode,"OH_AVCodec * codec,OHNativeWindow ** window","OH_AVErrCode OH_VideoEncoder_GetSurface(OH_AVCodec *,OHNativeWindow **)"
multimedia/player_framework/native_avcodec_videoencoder.h,436,OH_VideoEncoder_IsValid,OH_AVErrCode,"OH_AVCodec * codec,bool * isValid","OH_AVErrCode OH_VideoEncoder_IsValid(OH_AVCodec *,bool *)"
multimedia/player_framework/native_avcodec_videoencoder.h,334,OH_VideoEncoder_NotifyEndOfStream,OH_AVErrCode,OH_AVCodec * codec,OH_AVErrCode OH_VideoEncoder_NotifyEndOfStream(OH_AVCodec *)
multimedia/player_framework/native_avcodec_videoencoder.h,189,OH_VideoEncoder_Prepare,OH_AVErrCode,OH_AVCodec * codec,OH_AVErrCode OH_VideoEncoder_Prepare(OH_AVCodec *)
multimedia/player_framework/native_avcodec_videoencoder.h,372,OH_VideoEncoder_PushInputBuffer,OH_AVErrCode,"OH_AVCodec * codec,uint32_t index","OH_AVErrCode OH_VideoEncoder_PushInputBuffer(OH_AVCodec *,uint32_t)"
multimedia/player_framework/native_avcodec_videoencoder.h,354,OH_VideoEncoder_PushInputData,OH_AVErrCode,"OH_AVCodec * codec,uint32_t index,OH_AVCodecBufferAttr attr","OH_AVErrCode OH_VideoEncoder_PushInputData(OH_AVCodec *,uint32_t,OH_AVCodecBufferAttr)"
multimedia/player_framework/native_avcodec_videoencoder.h,390,OH_VideoEncoder_PushInputParameter,OH_AVErrCode,"OH_AVCodec * codec,uint32_t index","OH_AVErrCode OH_VideoEncoder_PushInputParameter(OH_AVCodec *,uint32_t)"
multimedia/player_framework/native_avcodec_videoencoder.h,134,OH_VideoEncoder_RegisterCallback,OH_AVErrCode,"OH_AVCodec * codec,OH_AVCodecCallback callback,void * userData","OH_AVErrCode OH_VideoEncoder_RegisterCallback(OH_AVCodec *,OH_AVCodecCallback,void *)"
multimedia/player_framework/native_avcodec_videoencoder.h,154,OH_VideoEncoder_RegisterParameterCallback,OH_AVErrCode,"OH_AVCodec * codec,OH_VideoEncoder_OnNeedInputParameter onInputParameter,void * userData","OH_AVErrCode OH_VideoEncoder_RegisterParameterCallback(OH_AVCodec *,OH_VideoEncoder_OnNeedInputParameter,void *)"
multimedia/player_framework/native_avcodec_videoencoder.h,253,OH_VideoEncoder_Reset,OH_AVErrCode,OH_AVCodec * codec,OH_AVErrCode OH_VideoEncoder_Reset(OH_AVCodec *)
multimedia/player_framework/native_avcodec_videoencoder.h,116,OH_VideoEncoder_SetCallback,OH_AVErrCode,"OH_AVCodec * codec,OH_AVCodecAsyncCallback callback,void * userData","OH_AVErrCode OH_VideoEncoder_SetCallback(OH_AVCodec *,OH_AVCodecAsyncCallback,void *)"
multimedia/player_framework/native_avcodec_videoencoder.h,282,OH_VideoEncoder_SetParameter,OH_AVErrCode,"OH_AVCodec * codec,OH_AVFormat * format","OH_AVErrCode OH_VideoEncoder_SetParameter(OH_AVCodec *,OH_AVFormat *)"
multimedia/player_framework/native_avcodec_videoencoder.h,205,OH_VideoEncoder_Start,OH_AVErrCode,OH_AVCodec * codec,OH_AVErrCode OH_VideoEncoder_Start(OH_AVCodec *)
multimedia/player_framework/native_avcodec_videoencoder.h,220,OH_VideoEncoder_Stop,OH_AVErrCode,OH_AVCodec * codec,OH_AVErrCode OH_VideoEncoder_Stop(OH_AVCodec *)
multimedia/player_framework/native_avdemuxer.h,88,OH_AVDemuxer_CreateWithSource,OH_AVDemuxer *,OH_AVSource * source,OH_AVDemuxer * OH_AVDemuxer_CreateWithSource(OH_AVSource *)
multimedia/player_framework/native_avdemuxer.h,102,OH_AVDemuxer_Destroy,OH_AVErrCode,OH_AVDemuxer * demuxer,OH_AVErrCode OH_AVDemuxer_Destroy(OH_AVDemuxer *)
multimedia/player_framework/native_avdemuxer.h,237,OH_AVDemuxer_GetMediaKeySystemInfo,OH_AVErrCode,"OH_AVDemuxer * demuxer,DRM_MediaKeySystemInfo * mediaKeySystemInfo","OH_AVErrCode OH_AVDemuxer_GetMediaKeySystemInfo(OH_AVDemuxer *,DRM_MediaKeySystemInfo *)"
multimedia/player_framework/native_avdemuxer.h,157,OH_AVDemuxer_ReadSample,OH_AVErrCode,"OH_AVDemuxer * demuxer,uint32_t trackIndex,OH_AVMemory * sample,OH_AVCodecBufferAttr * info","OH_AVErrCode OH_AVDemuxer_ReadSample(OH_AVDemuxer *,uint32_t,OH_AVMemory *,OH_AVCodecBufferAttr *)"
multimedia/player_framework/native_avdemuxer.h,177,OH_AVDemuxer_ReadSampleBuffer,OH_AVErrCode,"OH_AVDemuxer * demuxer,uint32_t trackIndex,OH_AVBuffer * sample","OH_AVErrCode OH_AVDemuxer_ReadSampleBuffer(OH_AVDemuxer *,uint32_t,OH_AVBuffer *)"
multimedia/player_framework/native_avdemuxer.h,195,OH_AVDemuxer_SeekToTime,OH_AVErrCode,"OH_AVDemuxer * demuxer,int64_t millisecond,OH_AVSeekMode mode","OH_AVErrCode OH_AVDemuxer_SeekToTime(OH_AVDemuxer *,int64_t,OH_AVSeekMode)"
multimedia/player_framework/native_avdemuxer.h,119,OH_AVDemuxer_SelectTrackByID,OH_AVErrCode,"OH_AVDemuxer * demuxer,uint32_t trackIndex","OH_AVErrCode OH_AVDemuxer_SelectTrackByID(OH_AVDemuxer *,uint32_t)"
multimedia/player_framework/native_avdemuxer.h,222,OH_AVDemuxer_SetDemuxerMediaKeySystemInfoCallback,OH_AVErrCode,"OH_AVDemuxer * demuxer,Demuxer_MediaKeySystemInfoCallback callback","OH_AVErrCode OH_AVDemuxer_SetDemuxerMediaKeySystemInfoCallback(OH_AVDemuxer *,Demuxer_MediaKeySystemInfoCallback)"
multimedia/player_framework/native_avdemuxer.h,209,OH_AVDemuxer_SetMediaKeySystemInfoCallback,OH_AVErrCode,"OH_AVDemuxer * demuxer,DRM_MediaKeySystemInfoCallback callback","OH_AVErrCode OH_AVDemuxer_SetMediaKeySystemInfoCallback(OH_AVDemuxer *,DRM_MediaKeySystemInfoCallback)"
multimedia/player_framework/native_avdemuxer.h,135,OH_AVDemuxer_UnselectTrackByID,OH_AVErrCode,"OH_AVDemuxer * demuxer,uint32_t trackIndex","OH_AVErrCode OH_AVDemuxer_UnselectTrackByID(OH_AVDemuxer *,uint32_t)"
multimedia/player_framework/native_avformat.h,144,OH_AVFormat_Copy,bool,"struct OH_AVFormat * to,struct OH_AVFormat * from","bool OH_AVFormat_Copy(struct OH_AVFormat *,struct OH_AVFormat *)"
multimedia/player_framework/native_avformat.h,92,OH_AVFormat_Create,unknown,void,unknown OH_AVFormat_Create(void)
multimedia/player_framework/native_avformat.h,105,OH_AVFormat_CreateAudioFormat,unknown,"const char * mimeType,int32_t sampleRate,int32_t channelCount","unknown OH_AVFormat_CreateAudioFormat(const char *,int32_t,int32_t)"
multimedia/player_framework/native_avformat.h,120,OH_AVFormat_CreateVideoFormat,unknown,"const char * mimeType,int32_t width,int32_t height","unknown OH_AVFormat_CreateVideoFormat(const char *,int32_t,int32_t)"
multimedia/player_framework/native_avformat.h,132,OH_AVFormat_Destroy,void,struct OH_AVFormat * format,void OH_AVFormat_Destroy(struct OH_AVFormat *)
multimedia/player_framework/native_avformat.h,323,OH_AVFormat_DumpInfo,const char *,struct OH_AVFormat * format,const char * OH_AVFormat_DumpInfo(struct OH_AVFormat *)
multimedia/player_framework/native_avformat.h,312,OH_AVFormat_GetBuffer,bool,"struct OH_AVFormat * format,const char * key,uint8_t ** addr,size_t * size","bool OH_AVFormat_GetBuffer(struct OH_AVFormat *,const char *,uint8_t **,size_t *)"
multimedia/player_framework/native_avformat.h,281,OH_AVFormat_GetDoubleValue,bool,"struct OH_AVFormat * format,const char * key,double * out","bool OH_AVFormat_GetDoubleValue(struct OH_AVFormat *,const char *,double *)"
multimedia/player_framework/native_avformat.h,267,OH_AVFormat_GetFloatValue,bool,"struct OH_AVFormat * format,const char * key,float * out","bool OH_AVFormat_GetFloatValue(struct OH_AVFormat *,const char *,float *)"
multimedia/player_framework/native_avformat.h,239,OH_AVFormat_GetIntValue,bool,"struct OH_AVFormat * format,const char * key,int32_t * out","bool OH_AVFormat_GetIntValue(struct OH_AVFormat *,const char *,int32_t *)"
multimedia/player_framework/native_avformat.h,253,OH_AVFormat_GetLongValue,bool,"struct OH_AVFormat * format,const char * key,int64_t * out","bool OH_AVFormat_GetLongValue(struct OH_AVFormat *,const char *,int64_t *)"
multimedia/player_framework/native_avformat.h,296,OH_AVFormat_GetStringValue,bool,"struct OH_AVFormat * format,const char * key,const char ** out","bool OH_AVFormat_GetStringValue(struct OH_AVFormat *,const char *,const char **)"
multimedia/player_framework/native_avformat.h,225,OH_AVFormat_SetBuffer,bool,"struct OH_AVFormat * format,const char * key,const uint8_t * addr,size_t size","bool OH_AVFormat_SetBuffer(struct OH_AVFormat *,const char *,const uint8_t *,size_t)"
multimedia/player_framework/native_avformat.h,196,OH_AVFormat_SetDoubleValue,bool,"struct OH_AVFormat * format,const char * key,double value","bool OH_AVFormat_SetDoubleValue(struct OH_AVFormat *,const char *,double)"
multimedia/player_framework/native_avformat.h,183,OH_AVFormat_SetFloatValue,bool,"struct OH_AVFormat * format,const char * key,float value","bool OH_AVFormat_SetFloatValue(struct OH_AVFormat *,const char *,float)"
multimedia/player_framework/native_avformat.h,157,OH_AVFormat_SetIntValue,bool,"struct OH_AVFormat * format,const char * key,int32_t value","bool OH_AVFormat_SetIntValue(struct OH_AVFormat *,const char *,int32_t)"
multimedia/player_framework/native_avformat.h,170,OH_AVFormat_SetLongValue,bool,"struct OH_AVFormat * format,const char * key,int64_t value","bool OH_AVFormat_SetLongValue(struct OH_AVFormat *,const char *,int64_t)"
multimedia/player_framework/native_avformat.h,210,OH_AVFormat_SetStringValue,bool,"struct OH_AVFormat * format,const char * key,const char * value","bool OH_AVFormat_SetStringValue(struct OH_AVFormat *,const char *,const char *)"
multimedia/player_framework/native_avmemory.h,66,OH_AVMemory_Create,OH_AVMemory *,int32_t size,OH_AVMemory * OH_AVMemory_Create(int32_t)
multimedia/player_framework/native_avmemory.h,106,OH_AVMemory_Destroy,OH_AVErrCode,struct OH_AVMemory * mem,OH_AVErrCode OH_AVMemory_Destroy(struct OH_AVMemory *)
multimedia/player_framework/native_avmemory.h,79,OH_AVMemory_GetAddr,uint8_t *,struct OH_AVMemory * mem,uint8_t * OH_AVMemory_GetAddr(struct OH_AVMemory *)
multimedia/player_framework/native_avmemory.h,92,OH_AVMemory_GetSize,int32_t,struct OH_AVMemory * mem,int32_t OH_AVMemory_GetSize(struct OH_AVMemory *)
multimedia/player_framework/native_avmuxer.h,110,OH_AVMuxer_AddTrack,OH_AVErrCode,"OH_AVMuxer * muxer,int32_t * trackIndex,OH_AVFormat * trackFormat","OH_AVErrCode OH_AVMuxer_AddTrack(OH_AVMuxer *,int32_t *,OH_AVFormat *)"
multimedia/player_framework/native_avmuxer.h,63,OH_AVMuxer_Create,OH_AVMuxer *,"int32_t fd,OH_AVOutputFormat format","OH_AVMuxer * OH_AVMuxer_Create(int32_t,OH_AVOutputFormat)"
multimedia/player_framework/native_avmuxer.h,191,OH_AVMuxer_Destroy,OH_AVErrCode,OH_AVMuxer * muxer,OH_AVErrCode OH_AVMuxer_Destroy(OH_AVMuxer *)
multimedia/player_framework/native_avmuxer.h,90,OH_AVMuxer_SetFormat,OH_AVErrCode,"OH_AVMuxer * muxer,OH_AVFormat * format","OH_AVErrCode OH_AVMuxer_SetFormat(OH_AVMuxer *,OH_AVFormat *)"
multimedia/player_framework/native_avmuxer.h,77,OH_AVMuxer_SetRotation,OH_AVErrCode,"OH_AVMuxer * muxer,int32_t rotation","OH_AVErrCode OH_AVMuxer_SetRotation(OH_AVMuxer *,int32_t)"
multimedia/player_framework/native_avmuxer.h,124,OH_AVMuxer_Start,OH_AVErrCode,OH_AVMuxer * muxer,OH_AVErrCode OH_AVMuxer_Start(OH_AVMuxer *)
multimedia/player_framework/native_avmuxer.h,180,OH_AVMuxer_Stop,OH_AVErrCode,OH_AVMuxer * muxer,OH_AVErrCode OH_AVMuxer_Stop(OH_AVMuxer *)
multimedia/player_framework/native_avmuxer.h,146,OH_AVMuxer_WriteSample,OH_AVErrCode,"OH_AVMuxer * muxer,uint32_t trackIndex,OH_AVMemory * sample,OH_AVCodecBufferAttr info","OH_AVErrCode OH_AVMuxer_WriteSample(OH_AVMuxer *,uint32_t,OH_AVMemory *,OH_AVCodecBufferAttr)"
multimedia/player_framework/native_avmuxer.h,166,OH_AVMuxer_WriteSampleBuffer,OH_AVErrCode,"OH_AVMuxer * muxer,uint32_t trackIndex,const OH_AVBuffer * sample","OH_AVErrCode OH_AVMuxer_WriteSampleBuffer(OH_AVMuxer *,uint32_t,const OH_AVBuffer *)"
multimedia/player_framework/native_avscreen_capture.h,145,OH_AVScreenCapture_AcquireAudioBuffer,OH_AVSCREEN_CAPTURE_ErrCode,"struct OH_AVScreenCapture * capture,OH_AudioBuffer ** audiobuffer,OH_AudioCaptureSourceType type","OH_AVSCREEN_CAPTURE_ErrCode OH_AVScreenCapture_AcquireAudioBuffer(struct OH_AVScreenCapture *,OH_AudioBuffer **,OH_AudioCaptureSourceType)"
multimedia/player_framework/native_avscreen_capture.h,159,OH_AVScreenCapture_AcquireVideoBuffer,OH_NativeBuffer *,"struct OH_AVScreenCapture * capture,int32_t * fence,int64_t * timestamp,struct OH_Rect * region","OH_NativeBuffer * OH_AVScreenCapture_AcquireVideoBuffer(struct OH_AVScreenCapture *,int32_t *,int64_t *,struct OH_Rect *)"
multimedia/player_framework/native_avscreen_capture.h,354,OH_AVScreenCapture_ContentFilter_AddAudioContent,OH_AVSCREEN_CAPTURE_ErrCode,"struct OH_AVScreenCapture_ContentFilter * filter,OH_AVScreenCaptureFilterableAudioContent content","OH_AVSCREEN_CAPTURE_ErrCode OH_AVScreenCapture_ContentFilter_AddAudioContent(struct OH_AVScreenCapture_ContentFilter *,OH_AVScreenCaptureFilterableAudioContent)"
multimedia/player_framework/native_avscreen_capture.h,384,OH_AVScreenCapture_ContentFilter_AddWindowContent,OH_AVSCREEN_CAPTURE_ErrCode,"struct OH_AVScreenCapture_ContentFilter * filter,int32_t * windowIDs,int32_t windowCount","OH_AVSCREEN_CAPTURE_ErrCode OH_AVScreenCapture_ContentFilter_AddWindowContent(struct OH_AVScreenCapture_ContentFilter *,int32_t *,int32_t)"
multimedia/player_framework/native_avscreen_capture.h,56,OH_AVScreenCapture_Create,unknown,void,unknown OH_AVScreenCapture_Create(void)
multimedia/player_framework/native_avscreen_capture.h,329,OH_AVScreenCapture_CreateContentFilter,unknown,void,unknown OH_AVScreenCapture_CreateContentFilter(void)
multimedia/player_framework/native_avscreen_capture.h,370,OH_AVScreenCapture_ExcludeContent,OH_AVSCREEN_CAPTURE_ErrCode,"struct OH_AVScreenCapture * capture,struct OH_AVScreenCapture_ContentFilter * filter","OH_AVSCREEN_CAPTURE_ErrCode OH_AVScreenCapture_ExcludeContent(struct OH_AVScreenCapture *,struct OH_AVScreenCapture_ContentFilter *)"
multimedia/player_framework/native_avscreen_capture.h,72,OH_AVScreenCapture_Init,OH_AVSCREEN_CAPTURE_ErrCode,"struct OH_AVScreenCapture * capture,OH_AVScreenCaptureConfig config","OH_AVSCREEN_CAPTURE_ErrCode OH_AVScreenCapture_Init(struct OH_AVScreenCapture *,OH_AVScreenCaptureConfig)"
multimedia/player_framework/native_avscreen_capture.h,219,OH_AVScreenCapture_Release,OH_AVSCREEN_CAPTURE_ErrCode,struct OH_AVScreenCapture * capture,OH_AVSCREEN_CAPTURE_ErrCode OH_AVScreenCapture_Release(struct OH_AVScreenCapture *)
multimedia/player_framework/native_avscreen_capture.h,175,OH_AVScreenCapture_ReleaseAudioBuffer,OH_AVSCREEN_CAPTURE_ErrCode,"struct OH_AVScreenCapture * capture,OH_AudioCaptureSourceType type","OH_AVSCREEN_CAPTURE_ErrCode OH_AVScreenCapture_ReleaseAudioBuffer(struct OH_AVScreenCapture *,OH_AudioCaptureSourceType)"
multimedia/player_framework/native_avscreen_capture.h,341,OH_AVScreenCapture_ReleaseContentFilter,OH_AVSCREEN_CAPTURE_ErrCode,struct OH_AVScreenCapture_ContentFilter * filter,OH_AVSCREEN_CAPTURE_ErrCode OH_AVScreenCapture_ReleaseContentFilter(struct OH_AVScreenCapture_ContentFilter *)
multimedia/player_framework/native_avscreen_capture.h,190,OH_AVScreenCapture_ReleaseVideoBuffer,OH_AVSCREEN_CAPTURE_ErrCode,struct OH_AVScreenCapture * capture,OH_AVSCREEN_CAPTURE_ErrCode OH_AVScreenCapture_ReleaseVideoBuffer(struct OH_AVScreenCapture *)
multimedia/player_framework/native_avscreen_capture.h,400,OH_AVScreenCapture_ResizeCanvas,OH_AVSCREEN_CAPTURE_ErrCode,"struct OH_AVScreenCapture * capture,int32_t width,int32_t height","OH_AVSCREEN_CAPTURE_ErrCode OH_AVScreenCapture_ResizeCanvas(struct OH_AVScreenCapture *,int32_t,int32_t)"
multimedia/player_framework/native_avscreen_capture.h,205,OH_AVScreenCapture_SetCallback,OH_AVSCREEN_CAPTURE_ErrCode,"struct OH_AVScreenCapture * capture,struct OH_AVScreenCaptureCallback callback","OH_AVSCREEN_CAPTURE_ErrCode OH_AVScreenCapture_SetCallback(struct OH_AVScreenCapture *,struct OH_AVScreenCaptureCallback)"
multimedia/player_framework/native_avscreen_capture.h,319,OH_AVScreenCapture_SetCanvasRotation,OH_AVSCREEN_CAPTURE_ErrCode,"struct OH_AVScreenCapture * capture,bool canvasRotation","OH_AVSCREEN_CAPTURE_ErrCode OH_AVScreenCapture_SetCanvasRotation(struct OH_AVScreenCapture *,bool)"
multimedia/player_framework/native_avscreen_capture.h,269,OH_AVScreenCapture_SetDataCallback,OH_AVSCREEN_CAPTURE_ErrCode,"struct OH_AVScreenCapture * capture,OH_AVScreenCapture_OnBufferAvailable callback,void * userData","OH_AVSCREEN_CAPTURE_ErrCode OH_AVScreenCapture_SetDataCallback(struct OH_AVScreenCapture *,OH_AVScreenCapture_OnBufferAvailable,void *)"
multimedia/player_framework/native_avscreen_capture.h,464,OH_AVScreenCapture_SetDisplayCallback,OH_AVSCREEN_CAPTURE_ErrCode,"struct OH_AVScreenCapture * capture,OH_AVScreenCapture_OnDisplaySelected callback,void * userData","OH_AVSCREEN_CAPTURE_ErrCode OH_AVScreenCapture_SetDisplayCallback(struct OH_AVScreenCapture *,OH_AVScreenCapture_OnDisplaySelected,void *)"
multimedia/player_framework/native_avscreen_capture.h,287,OH_AVScreenCapture_SetErrorCallback,OH_AVSCREEN_CAPTURE_ErrCode,"struct OH_AVScreenCapture * capture,OH_AVScreenCapture_OnError callback,void * userData","OH_AVSCREEN_CAPTURE_ErrCode OH_AVScreenCapture_SetErrorCallback(struct OH_AVScreenCapture *,OH_AVScreenCapture_OnError,void *)"
multimedia/player_framework/native_avscreen_capture.h,432,OH_AVScreenCapture_SetMaxVideoFrameRate,OH_AVSCREEN_CAPTURE_ErrCode,"struct OH_AVScreenCapture * capture,int32_t frameRate","OH_AVSCREEN_CAPTURE_ErrCode OH_AVScreenCapture_SetMaxVideoFrameRate(struct OH_AVScreenCapture *,int32_t)"
multimedia/player_framework/native_avscreen_capture.h,233,OH_AVScreenCapture_SetMicrophoneEnabled,OH_AVSCREEN_CAPTURE_ErrCode,"struct OH_AVScreenCapture * capture,bool isMicrophone","OH_AVSCREEN_CAPTURE_ErrCode OH_AVScreenCapture_SetMicrophoneEnabled(struct OH_AVScreenCapture *,bool)"
multimedia/player_framework/native_avscreen_capture.h,251,OH_AVScreenCapture_SetStateCallback,OH_AVSCREEN_CAPTURE_ErrCode,"struct OH_AVScreenCapture * capture,OH_AVScreenCapture_OnStateChange callback,void * userData","OH_AVSCREEN_CAPTURE_ErrCode OH_AVScreenCapture_SetStateCallback(struct OH_AVScreenCapture *,OH_AVScreenCapture_OnStateChange,void *)"
multimedia/player_framework/native_avscreen_capture.h,447,OH_AVScreenCapture_ShowCursor,OH_AVSCREEN_CAPTURE_ErrCode,"struct OH_AVScreenCapture * capture,bool showCursor","OH_AVSCREEN_CAPTURE_ErrCode OH_AVScreenCapture_ShowCursor(struct OH_AVScreenCapture *,bool)"
multimedia/player_framework/native_avscreen_capture.h,417,OH_AVScreenCapture_SkipPrivacyMode,OH_AVSCREEN_CAPTURE_ErrCode,"struct OH_AVScreenCapture * capture,int32_t * windowIDs,int32_t windowCount","OH_AVSCREEN_CAPTURE_ErrCode OH_AVScreenCapture_SkipPrivacyMode(struct OH_AVScreenCapture *,int32_t *,int32_t)"
multimedia/player_framework/native_avscreen_capture.h,88,OH_AVScreenCapture_StartScreenCapture,OH_AVSCREEN_CAPTURE_ErrCode,struct OH_AVScreenCapture * capture,OH_AVSCREEN_CAPTURE_ErrCode OH_AVScreenCapture_StartScreenCapture(struct OH_AVScreenCapture *)
multimedia/player_framework/native_avscreen_capture.h,304,OH_AVScreenCapture_StartScreenCaptureWithSurface,OH_AVSCREEN_CAPTURE_ErrCode,"struct OH_AVScreenCapture * capture,OHNativeWindow * window","OH_AVSCREEN_CAPTURE_ErrCode OH_AVScreenCapture_StartScreenCaptureWithSurface(struct OH_AVScreenCapture *,OHNativeWindow *)"
multimedia/player_framework/native_avscreen_capture.h,115,OH_AVScreenCapture_StartScreenRecording,OH_AVSCREEN_CAPTURE_ErrCode,struct OH_AVScreenCapture * capture,OH_AVSCREEN_CAPTURE_ErrCode OH_AVScreenCapture_StartScreenRecording(struct OH_AVScreenCapture *)
multimedia/player_framework/native_avscreen_capture.h,101,OH_AVScreenCapture_StopScreenCapture,OH_AVSCREEN_CAPTURE_ErrCode,struct OH_AVScreenCapture * capture,OH_AVSCREEN_CAPTURE_ErrCode OH_AVScreenCapture_StopScreenCapture(struct OH_AVScreenCapture *)
multimedia/player_framework/native_avscreen_capture.h,128,OH_AVScreenCapture_StopScreenRecording,OH_AVSCREEN_CAPTURE_ErrCode,struct OH_AVScreenCapture * capture,OH_AVSCREEN_CAPTURE_ErrCode OH_AVScreenCapture_StopScreenRecording(struct OH_AVScreenCapture *)
multimedia/player_framework/native_avsource.h,69,OH_AVSource_CreateWithDataSource,OH_AVSource *,OH_AVDataSource * dataSource,OH_AVSource * OH_AVSource_CreateWithDataSource(OH_AVDataSource *)
multimedia/player_framework/native_avsource.h,99,OH_AVSource_CreateWithFD,OH_AVSource *,"int32_t fd,int64_t offset,int64_t size","OH_AVSource * OH_AVSource_CreateWithFD(int32_t,int64_t,int64_t)"
multimedia/player_framework/native_avsource.h,82,OH_AVSource_CreateWithURI,OH_AVSource *,char * uri,OH_AVSource * OH_AVSource_CreateWithURI(char *)
multimedia/player_framework/native_avsource.h,110,OH_AVSource_Destroy,OH_AVErrCode,OH_AVSource * source,OH_AVErrCode OH_AVSource_Destroy(OH_AVSource *)
multimedia/player_framework/native_avsource.h,121,OH_AVSource_GetSourceFormat,OH_AVFormat *,OH_AVSource * source,OH_AVFormat * OH_AVSource_GetSourceFormat(OH_AVSource *)
multimedia/player_framework/native_avsource.h,134,OH_AVSource_GetTrackFormat,OH_AVFormat *,"OH_AVSource * source,uint32_t trackIndex","OH_AVFormat * OH_AVSource_GetTrackFormat(OH_AVSource *,uint32_t)"
multimedia/player_framework/native_cencinfo.h,150,OH_AVCencInfo_Create,OH_AVCencInfo *,void,OH_AVCencInfo * OH_AVCencInfo_Create(void)
multimedia/player_framework/native_cencinfo.h,165,OH_AVCencInfo_Destroy,OH_AVErrCode,OH_AVCencInfo * cencInfo,OH_AVErrCode OH_AVCencInfo_Destroy(OH_AVCencInfo *)
multimedia/player_framework/native_cencinfo.h,242,OH_AVCencInfo_SetAVBuffer,OH_AVErrCode,"OH_AVCencInfo * cencInfo,OH_AVBuffer * buffer","OH_AVErrCode OH_AVCencInfo_SetAVBuffer(OH_AVCencInfo *,OH_AVBuffer *)"
multimedia/player_framework/native_cencinfo.h,178,OH_AVCencInfo_SetAlgorithm,OH_AVErrCode,"OH_AVCencInfo * cencInfo,enum DrmCencAlgorithm algo","OH_AVErrCode OH_AVCencInfo_SetAlgorithm(OH_AVCencInfo *,enum DrmCencAlgorithm)"
multimedia/player_framework/native_cencinfo.h,195,OH_AVCencInfo_SetKeyIdAndIv,OH_AVErrCode,"OH_AVCencInfo * cencInfo,uint8_t * keyId,uint32_t keyIdLen,uint8_t * iv,uint32_t ivLen","OH_AVErrCode OH_AVCencInfo_SetKeyIdAndIv(OH_AVCencInfo *,uint8_t *,uint32_t,uint8_t *,uint32_t)"
multimedia/player_framework/native_cencinfo.h,228,OH_AVCencInfo_SetMode,OH_AVErrCode,"OH_AVCencInfo * cencInfo,enum DrmCencInfoMode mode","OH_AVErrCode OH_AVCencInfo_SetMode(OH_AVCencInfo *,enum DrmCencInfoMode)"
multimedia/player_framework/native_cencinfo.h,214,OH_AVCencInfo_SetSubsampleInfo,OH_AVErrCode,"OH_AVCencInfo * cencInfo,uint32_t encryptedBlockCount,uint32_t skippedBlockCount,uint32_t firstEncryptedOffset,uint32_t subsampleCount,DrmSubsample * subsamples","OH_AVErrCode OH_AVCencInfo_SetSubsampleInfo(OH_AVCencInfo *,uint32_t,uint32_t,uint32_t,uint32_t,DrmSubsample *)"
multimedia/video_processing_engine/image_processing.h,239,OH_ImageProcessing_Compose,ImageProcessing_ErrorCode,"OH_ImageProcessing * imageProcessor,OH_PixelmapNative * sourceImage,OH_PixelmapNative * sourceGainmap,OH_PixelmapNative * destinationImage","ImageProcessing_ErrorCode OH_ImageProcessing_Compose(OH_ImageProcessing *,OH_PixelmapNative *,OH_PixelmapNative *,OH_PixelmapNative *)"
multimedia/video_processing_engine/image_processing.h,216,OH_ImageProcessing_ConvertColorSpace,ImageProcessing_ErrorCode,"OH_ImageProcessing * imageProcessor,OH_PixelmapNative * sourceImage,OH_PixelmapNative * destinationImage","ImageProcessing_ErrorCode OH_ImageProcessing_ConvertColorSpace(OH_ImageProcessing *,OH_PixelmapNative *,OH_PixelmapNative *)"
multimedia/video_processing_engine/image_processing.h,150,OH_ImageProcessing_Create,ImageProcessing_ErrorCode,"OH_ImageProcessing ** imageProcessor,int32_t type","ImageProcessing_ErrorCode OH_ImageProcessing_Create(OH_ImageProcessing **,int32_t)"
multimedia/video_processing_engine/image_processing.h,262,OH_ImageProcessing_Decompose,ImageProcessing_ErrorCode,"OH_ImageProcessing * imageProcessor,OH_PixelmapNative * sourceImage,OH_PixelmapNative * destinationImage,OH_PixelmapNative * destinationGainmap","ImageProcessing_ErrorCode OH_ImageProcessing_Decompose(OH_ImageProcessing *,OH_PixelmapNative *,OH_PixelmapNative *,OH_PixelmapNative *)"
multimedia/video_processing_engine/image_processing.h,79,OH_ImageProcessing_DeinitializeEnvironment,ImageProcessing_ErrorCode,void,ImageProcessing_ErrorCode OH_ImageProcessing_DeinitializeEnvironment(void)
multimedia/video_processing_engine/image_processing.h,161,OH_ImageProcessing_Destroy,ImageProcessing_ErrorCode,OH_ImageProcessing * imageProcessor,ImageProcessing_ErrorCode OH_ImageProcessing_Destroy(OH_ImageProcessing *)
multimedia/video_processing_engine/image_processing.h,307,OH_ImageProcessing_EnhanceDetail,ImageProcessing_ErrorCode,"OH_ImageProcessing * imageProcessor,OH_PixelmapNative * sourceImage,OH_PixelmapNative * destinationImage","ImageProcessing_ErrorCode OH_ImageProcessing_EnhanceDetail(OH_ImageProcessing *,OH_PixelmapNative *,OH_PixelmapNative *)"
multimedia/video_processing_engine/image_processing.h,283,OH_ImageProcessing_GenerateMetadata,ImageProcessing_ErrorCode,"OH_ImageProcessing * imageProcessor,OH_PixelmapNative * sourceImage","ImageProcessing_ErrorCode OH_ImageProcessing_GenerateMetadata(OH_ImageProcessing *,OH_PixelmapNative *)"
multimedia/video_processing_engine/image_processing.h,193,OH_ImageProcessing_GetParameter,ImageProcessing_ErrorCode,"OH_ImageProcessing * imageProcessor,OH_AVFormat * parameter","ImageProcessing_ErrorCode OH_ImageProcessing_GetParameter(OH_ImageProcessing *,OH_AVFormat *)"
multimedia/video_processing_engine/image_processing.h,63,OH_ImageProcessing_InitializeEnvironment,ImageProcessing_ErrorCode,void,ImageProcessing_ErrorCode OH_ImageProcessing_InitializeEnvironment(void)
multimedia/video_processing_engine/image_processing.h,90,OH_ImageProcessing_IsColorSpaceConversionSupported,bool,"const ImageProcessing_ColorSpaceInfo * sourceImageInfo,const ImageProcessing_ColorSpaceInfo * destinationImageInfo","bool OH_ImageProcessing_IsColorSpaceConversionSupported(const ImageProcessing_ColorSpaceInfo *,const ImageProcessing_ColorSpaceInfo *)"
multimedia/video_processing_engine/image_processing.h,104,OH_ImageProcessing_IsCompositionSupported,bool,"const ImageProcessing_ColorSpaceInfo * sourceImageInfo,const ImageProcessing_ColorSpaceInfo * sourceGainmapInfo,const ImageProcessing_ColorSpaceInfo * destinationImageInfo","bool OH_ImageProcessing_IsCompositionSupported(const ImageProcessing_ColorSpaceInfo *,const ImageProcessing_ColorSpaceInfo *,const ImageProcessing_ColorSpaceInfo *)"
multimedia/video_processing_engine/image_processing.h,119,OH_ImageProcessing_IsDecompositionSupported,bool,"const ImageProcessing_ColorSpaceInfo * sourceImageInfo,const ImageProcessing_ColorSpaceInfo * destinationImageInfo,const ImageProcessing_ColorSpaceInfo * destinationGainmapInfo","bool OH_ImageProcessing_IsDecompositionSupported(const ImageProcessing_ColorSpaceInfo *,const ImageProcessing_ColorSpaceInfo *,const ImageProcessing_ColorSpaceInfo *)"
multimedia/video_processing_engine/image_processing.h,132,OH_ImageProcessing_IsMetadataGenerationSupported,bool,const ImageProcessing_ColorSpaceInfo * sourceImageInfo,bool OH_ImageProcessing_IsMetadataGenerationSupported(const ImageProcessing_ColorSpaceInfo *)
multimedia/video_processing_engine/image_processing.h,178,OH_ImageProcessing_SetParameter,ImageProcessing_ErrorCode,"OH_ImageProcessing * imageProcessor,const OH_AVFormat * parameter","ImageProcessing_ErrorCode OH_ImageProcessing_SetParameter(OH_ImageProcessing *,const OH_AVFormat *)"
multimedia/video_processing_engine/video_processing.h,297,OH_VideoProcessingCallback_BindOnError,VideoProcessing_ErrorCode,"VideoProcessing_Callback * callback,OH_VideoProcessingCallback_OnError onError","VideoProcessing_ErrorCode OH_VideoProcessingCallback_BindOnError(VideoProcessing_Callback *,OH_VideoProcessingCallback_OnError)"
multimedia/video_processing_engine/video_processing.h,321,OH_VideoProcessingCallback_BindOnNewOutputBuffer,VideoProcessing_ErrorCode,"VideoProcessing_Callback * callback,OH_VideoProcessingCallback_OnNewOutputBuffer onNewOutputBuffer","VideoProcessing_ErrorCode OH_VideoProcessingCallback_BindOnNewOutputBuffer(VideoProcessing_Callback *,OH_VideoProcessingCallback_OnNewOutputBuffer)"
multimedia/video_processing_engine/video_processing.h,309,OH_VideoProcessingCallback_BindOnState,VideoProcessing_ErrorCode,"VideoProcessing_Callback * callback,OH_VideoProcessingCallback_OnState onState","VideoProcessing_ErrorCode OH_VideoProcessingCallback_BindOnState(VideoProcessing_Callback *,OH_VideoProcessingCallback_OnState)"
multimedia/video_processing_engine/video_processing.h,273,OH_VideoProcessingCallback_Create,VideoProcessing_ErrorCode,VideoProcessing_Callback ** callback,VideoProcessing_ErrorCode OH_VideoProcessingCallback_Create(VideoProcessing_Callback **)
multimedia/video_processing_engine/video_processing.h,286,OH_VideoProcessingCallback_Destroy,VideoProcessing_ErrorCode,VideoProcessing_Callback * callback,VideoProcessing_ErrorCode OH_VideoProcessingCallback_Destroy(VideoProcessing_Callback *)
multimedia/video_processing_engine/video_processing.h,120,OH_VideoProcessing_Create,VideoProcessing_ErrorCode,"OH_VideoProcessing ** videoProcessor,int type","VideoProcessing_ErrorCode OH_VideoProcessing_Create(OH_VideoProcessing **,int)"
multimedia/video_processing_engine/video_processing.h,79,OH_VideoProcessing_DeinitializeEnvironment,VideoProcessing_ErrorCode,void,VideoProcessing_ErrorCode OH_VideoProcessing_DeinitializeEnvironment(void)
multimedia/video_processing_engine/video_processing.h,134,OH_VideoProcessing_Destroy,VideoProcessing_ErrorCode,OH_VideoProcessing * videoProcessor,VideoProcessing_ErrorCode OH_VideoProcessing_Destroy(OH_VideoProcessing *)
multimedia/video_processing_engine/video_processing.h,215,OH_VideoProcessing_GetParameter,VideoProcessing_ErrorCode,"OH_VideoProcessing * videoProcessor,OH_AVFormat * parameter","VideoProcessing_ErrorCode OH_VideoProcessing_GetParameter(OH_VideoProcessing *,OH_AVFormat *)"
multimedia/video_processing_engine/video_processing.h,183,OH_VideoProcessing_GetSurface,VideoProcessing_ErrorCode,"OH_VideoProcessing * videoProcessor,OHNativeWindow ** window","VideoProcessing_ErrorCode OH_VideoProcessing_GetSurface(OH_VideoProcessing *,OHNativeWindow **)"
multimedia/video_processing_engine/video_processing.h,63,OH_VideoProcessing_InitializeEnvironment,VideoProcessing_ErrorCode,void,VideoProcessing_ErrorCode OH_VideoProcessing_InitializeEnvironment(void)
multimedia/video_processing_engine/video_processing.h,90,OH_VideoProcessing_IsColorSpaceConversionSupported,bool,"const VideoProcessing_ColorSpaceInfo * sourceVideoInfo,const VideoProcessing_ColorSpaceInfo * destinationVideoInfo","bool OH_VideoProcessing_IsColorSpaceConversionSupported(const VideoProcessing_ColorSpaceInfo *,const VideoProcessing_ColorSpaceInfo *)"
multimedia/video_processing_engine/video_processing.h,102,OH_VideoProcessing_IsMetadataGenerationSupported,bool,const VideoProcessing_ColorSpaceInfo * sourceVideoInfo,bool OH_VideoProcessing_IsMetadataGenerationSupported(const VideoProcessing_ColorSpaceInfo *)
multimedia/video_processing_engine/video_processing.h,150,OH_VideoProcessing_RegisterCallback,VideoProcessing_ErrorCode,"OH_VideoProcessing * videoProcessor,const VideoProcessing_Callback * callback,void * userData","VideoProcessing_ErrorCode OH_VideoProcessing_RegisterCallback(OH_VideoProcessing *,const VideoProcessing_Callback *,void *)"
multimedia/video_processing_engine/video_processing.h,261,OH_VideoProcessing_RenderOutputBuffer,VideoProcessing_ErrorCode,"OH_VideoProcessing * videoProcessor,uint32_t index","VideoProcessing_ErrorCode OH_VideoProcessing_RenderOutputBuffer(OH_VideoProcessing *,uint32_t)"
multimedia/video_processing_engine/video_processing.h,200,OH_VideoProcessing_SetParameter,VideoProcessing_ErrorCode,"OH_VideoProcessing * videoProcessor,const OH_AVFormat * parameter","VideoProcessing_ErrorCode OH_VideoProcessing_SetParameter(OH_VideoProcessing *,const OH_AVFormat *)"
multimedia/video_processing_engine/video_processing.h,165,OH_VideoProcessing_SetSurface,VideoProcessing_ErrorCode,"OH_VideoProcessing * videoProcessor,const OHNativeWindow * window","VideoProcessing_ErrorCode OH_VideoProcessing_SetSurface(OH_VideoProcessing *,const OHNativeWindow *)"
multimedia/video_processing_engine/video_processing.h,230,OH_VideoProcessing_Start,VideoProcessing_ErrorCode,OH_VideoProcessing * videoProcessor,VideoProcessing_ErrorCode OH_VideoProcessing_Start(OH_VideoProcessing *)
multimedia/video_processing_engine/video_processing.h,244,OH_VideoProcessing_Stop,VideoProcessing_ErrorCode,OH_VideoProcessing * videoProcessor,VideoProcessing_ErrorCode OH_VideoProcessing_Stop(OH_VideoProcessing *)
multimodalinput/oh_input_manager.h,1317,OH_Input_AddAxisEventMonitor,Input_Result,"InputEvent_AxisEventType axisEventType,Input_AxisEventCallback callback","Input_Result OH_Input_AddAxisEventMonitor(InputEvent_AxisEventType,Input_AxisEventCallback)"
multimodalinput/oh_input_manager.h,1301,OH_Input_AddAxisEventMonitorForAll,Input_Result,Input_AxisEventCallback callback,Input_Result OH_Input_AddAxisEventMonitorForAll(Input_AxisEventCallback)
multimodalinput/oh_input_manager.h,1621,OH_Input_AddHotkeyMonitor,Input_Result,"const Input_Hotkey * hotkey,Input_HotkeyCallback callback","Input_Result OH_Input_AddHotkeyMonitor(const Input_Hotkey *,Input_HotkeyCallback)"
multimodalinput/oh_input_manager.h,1429,OH_Input_AddInputEventInterceptor,Input_Result,"Input_InterceptorEventCallback * callback,Input_InterceptorOptions * option","Input_Result OH_Input_AddInputEventInterceptor(Input_InterceptorEventCallback *,Input_InterceptorOptions *)"
multimodalinput/oh_input_manager.h,1410,OH_Input_AddKeyEventInterceptor,Input_Result,"Input_KeyEventCallback callback,Input_InterceptorOptions * option","Input_Result OH_Input_AddKeyEventInterceptor(Input_KeyEventCallback,Input_InterceptorOptions *)"
multimodalinput/oh_input_manager.h,1254,OH_Input_AddKeyEventMonitor,Input_Result,Input_KeyEventCallback callback,Input_Result OH_Input_AddKeyEventMonitor(Input_KeyEventCallback)
multimodalinput/oh_input_manager.h,1270,OH_Input_AddMouseEventMonitor,Input_Result,Input_MouseEventCallback callback,Input_Result OH_Input_AddMouseEventMonitor(Input_MouseEventCallback)
multimodalinput/oh_input_manager.h,1285,OH_Input_AddTouchEventMonitor,Input_Result,Input_TouchEventCallback callback,Input_Result OH_Input_AddTouchEventMonitor(Input_TouchEventCallback)
multimodalinput/oh_input_manager.h,978,OH_Input_CancelInjection,void,void,void OH_Input_CancelInjection(void)
multimodalinput/oh_input_manager.h,1552,OH_Input_CreateAllSystemHotkeys,Input_Hotkey **,int32_t count,Input_Hotkey ** OH_Input_CreateAllSystemHotkeys(int32_t)
multimodalinput/oh_input_manager.h,988,OH_Input_CreateAxisEvent,Input_AxisEvent *,void,Input_AxisEvent * OH_Input_CreateAxisEvent(void)
multimodalinput/oh_input_manager.h,1673,OH_Input_CreateDeviceInfo,Input_DeviceInfo *,void,Input_DeviceInfo * OH_Input_CreateDeviceInfo(void)
multimodalinput/oh_input_manager.h,1479,OH_Input_CreateHotkey,Input_Hotkey *,void,Input_Hotkey * OH_Input_CreateHotkey(void)
multimodalinput/oh_input_manager.h,477,OH_Input_CreateKeyEvent,unknown,void,unknown OH_Input_CreateKeyEvent(void)
multimodalinput/oh_input_manager.h,385,OH_Input_CreateKeyState,unknown,void,unknown OH_Input_CreateKeyState(void)
multimodalinput/oh_input_manager.h,609,OH_Input_CreateMouseEvent,unknown,void,unknown OH_Input_CreateMouseEvent(void)
multimodalinput/oh_input_manager.h,821,OH_Input_CreateTouchEvent,unknown,void,unknown OH_Input_CreateTouchEvent(void)
multimodalinput/oh_input_manager.h,1563,OH_Input_DestroyAllSystemHotkeys,void,"Input_Hotkey ** hotkeys,int32_t count","void OH_Input_DestroyAllSystemHotkeys(Input_Hotkey **,int32_t)"
multimodalinput/oh_input_manager.h,1000,OH_Input_DestroyAxisEvent,Input_Result,Input_AxisEvent ** axisEvent,Input_Result OH_Input_DestroyAxisEvent(Input_AxisEvent **)
multimodalinput/oh_input_manager.h,1682,OH_Input_DestroyDeviceInfo,void,Input_DeviceInfo ** deviceInfo,void OH_Input_DestroyDeviceInfo(Input_DeviceInfo **)
multimodalinput/oh_input_manager.h,1488,OH_Input_DestroyHotkey,void,Input_Hotkey ** hotkey,void OH_Input_DestroyHotkey(Input_Hotkey **)
multimodalinput/oh_input_manager.h,486,OH_Input_DestroyKeyEvent,void,struct Input_KeyEvent ** keyEvent,void OH_Input_DestroyKeyEvent(struct Input_KeyEvent **)
multimodalinput/oh_input_manager.h,394,OH_Input_DestroyKeyState,void,struct Input_KeyState ** keyState,void OH_Input_DestroyKeyState(struct Input_KeyState **)
multimodalinput/oh_input_manager.h,618,OH_Input_DestroyMouseEvent,void,struct Input_MouseEvent ** mouseEvent,void OH_Input_DestroyMouseEvent(struct Input_MouseEvent **)
multimodalinput/oh_input_manager.h,830,OH_Input_DestroyTouchEvent,void,struct Input_TouchEvent ** touchEvent,void OH_Input_DestroyTouchEvent(struct Input_TouchEvent **)
multimodalinput/oh_input_manager.h,1579,OH_Input_GetAllSystemHotkeys,Input_Result,"Input_Hotkey ** hotkey,int32_t * count","Input_Result OH_Input_GetAllSystemHotkeys(Input_Hotkey **,int32_t *)"
multimodalinput/oh_input_manager.h,1026,OH_Input_GetAxisEventAction,Input_Result,"const Input_AxisEvent * axisEvent,InputEvent_AxisAction * action","Input_Result OH_Input_GetAxisEventAction(const Input_AxisEvent *,InputEvent_AxisAction *)"
multimodalinput/oh_input_manager.h,1135,OH_Input_GetAxisEventActionTime,Input_Result,"const Input_AxisEvent * axisEvent,int64_t * actionTime","Input_Result OH_Input_GetAxisEventActionTime(const Input_AxisEvent *,int64_t *)"
multimodalinput/oh_input_manager.h,1108,OH_Input_GetAxisEventAxisValue,Input_Result,"const Input_AxisEvent * axisEvent,InputEvent_AxisType axisType,double * axisValue","Input_Result OH_Input_GetAxisEventAxisValue(const Input_AxisEvent *,InputEvent_AxisType,double *)"
multimodalinput/oh_input_manager.h,1239,OH_Input_GetAxisEventDisplayId,Input_Result,"const Input_AxisEvent * axisEvent,int32_t * displayId","Input_Result OH_Input_GetAxisEventDisplayId(const Input_AxisEvent *,int32_t *)"
multimodalinput/oh_input_manager.h,1052,OH_Input_GetAxisEventDisplayX,Input_Result,"const Input_AxisEvent * axisEvent,float * displayX","Input_Result OH_Input_GetAxisEventDisplayX(const Input_AxisEvent *,float *)"
multimodalinput/oh_input_manager.h,1078,OH_Input_GetAxisEventDisplayY,Input_Result,"const Input_AxisEvent * axisEvent,float * displayY","Input_Result OH_Input_GetAxisEventDisplayY(const Input_AxisEvent *,float *)"
multimodalinput/oh_input_manager.h,1187,OH_Input_GetAxisEventSourceType,Input_Result,"const Input_AxisEvent * axisEvent,InputEvent_SourceType * sourceType","Input_Result OH_Input_GetAxisEventSourceType(const Input_AxisEvent *,InputEvent_SourceType *)"
multimodalinput/oh_input_manager.h,1161,OH_Input_GetAxisEventType,Input_Result,"const Input_AxisEvent * axisEvent,InputEvent_AxisEventType * axisEventType","Input_Result OH_Input_GetAxisEventType(const Input_AxisEvent *,InputEvent_AxisEventType *)"
multimodalinput/oh_input_manager.h,1213,OH_Input_GetAxisEventWindowId,Input_Result,"const Input_AxisEvent * axisEvent,int32_t * windowId","Input_Result OH_Input_GetAxisEventWindowId(const Input_AxisEvent *,int32_t *)"
multimodalinput/oh_input_manager.h,1734,OH_Input_GetCapabilities,Input_Result,"Input_DeviceInfo * deviceInfo,int32_t * capabilities","Input_Result OH_Input_GetCapabilities(Input_DeviceInfo *,int32_t *)"
multimodalinput/oh_input_manager.h,1663,OH_Input_GetDevice,Input_Result,"int32_t deviceId,Input_DeviceInfo ** deviceInfo","Input_Result OH_Input_GetDevice(int32_t,Input_DeviceInfo **)"
multimodalinput/oh_input_manager.h,1786,OH_Input_GetDeviceAddress,Input_Result,"Input_DeviceInfo * deviceInfo,char ** address","Input_Result OH_Input_GetDeviceAddress(Input_DeviceInfo *,char **)"
multimodalinput/oh_input_manager.h,1708,OH_Input_GetDeviceId,Input_Result,"Input_DeviceInfo * deviceInfo,int32_t * id","Input_Result OH_Input_GetDeviceId(Input_DeviceInfo *,int32_t *)"
multimodalinput/oh_input_manager.h,1649,OH_Input_GetDeviceIds,Input_Result,"int32_t * deviceIds,int32_t inSize,int32_t * outSize","Input_Result OH_Input_GetDeviceIds(int32_t *,int32_t,int32_t *)"
multimodalinput/oh_input_manager.h,1721,OH_Input_GetDeviceName,Input_Result,"Input_DeviceInfo * deviceInfo,char ** name","Input_Result OH_Input_GetDeviceName(Input_DeviceInfo *,char **)"
multimodalinput/oh_input_manager.h,1760,OH_Input_GetDeviceProduct,Input_Result,"Input_DeviceInfo * deviceInfo,int32_t * product","Input_Result OH_Input_GetDeviceProduct(Input_DeviceInfo *,int32_t *)"
multimodalinput/oh_input_manager.h,1773,OH_Input_GetDeviceVendor,Input_Result,"Input_DeviceInfo * deviceInfo,int32_t * vendor","Input_Result OH_Input_GetDeviceVendor(Input_DeviceInfo *,int32_t *)"
multimodalinput/oh_input_manager.h,1747,OH_Input_GetDeviceVersion,Input_Result,"Input_DeviceInfo * deviceInfo,int32_t * version","Input_Result OH_Input_GetDeviceVersion(Input_DeviceInfo *,int32_t *)"
multimodalinput/oh_input_manager.h,1539,OH_Input_GetFinalKey,Input_Result,"const Input_Hotkey * hotkey,int32_t * finalKeyCode","Input_Result OH_Input_GetFinalKey(const Input_Hotkey *,int32_t *)"
multimodalinput/oh_input_manager.h,1839,OH_Input_GetFunctionKeyState,Input_Result,"int32_t keyCode,int32_t * state","Input_Result OH_Input_GetFunctionKeyState(int32_t,int32_t *)"
multimodalinput/oh_input_manager.h,1469,OH_Input_GetIntervalSinceLastInput,Input_Result,int64_t * timeInterval,Input_Result OH_Input_GetIntervalSinceLastInput(int64_t *)
multimodalinput/oh_input_manager.h,414,OH_Input_GetKeyCode,int32_t,const struct Input_KeyState * keyState,int32_t OH_Input_GetKeyCode(const struct Input_KeyState *)
multimodalinput/oh_input_manager.h,506,OH_Input_GetKeyEventAction,int32_t,const struct Input_KeyEvent * keyEvent,int32_t OH_Input_GetKeyEventAction(const struct Input_KeyEvent *)
multimodalinput/oh_input_manager.h,546,OH_Input_GetKeyEventActionTime,int64_t,const struct Input_KeyEvent * keyEvent,int64_t OH_Input_GetKeyEventActionTime(const struct Input_KeyEvent *)
multimodalinput/oh_input_manager.h,586,OH_Input_GetKeyEventDisplayId,int32_t,const struct Input_KeyEvent * keyEvent,int32_t OH_Input_GetKeyEventDisplayId(const struct Input_KeyEvent *)
multimodalinput/oh_input_manager.h,526,OH_Input_GetKeyEventKeyCode,int32_t,const struct Input_KeyEvent * keyEvent,int32_t OH_Input_GetKeyEventKeyCode(const struct Input_KeyEvent *)
multimodalinput/oh_input_manager.h,566,OH_Input_GetKeyEventWindowId,int32_t,const struct Input_KeyEvent * keyEvent,int32_t OH_Input_GetKeyEventWindowId(const struct Input_KeyEvent *)
multimodalinput/oh_input_manager.h,434,OH_Input_GetKeyPressed,int32_t,const struct Input_KeyState * keyState,int32_t OH_Input_GetKeyPressed(const struct Input_KeyState *)
multimodalinput/oh_input_manager.h,375,OH_Input_GetKeyState,Input_Result,struct Input_KeyState * keyState,Input_Result OH_Input_GetKeyState(struct Input_KeyState *)
multimodalinput/oh_input_manager.h,454,OH_Input_GetKeySwitch,int32_t,const struct Input_KeyState * keyState,int32_t OH_Input_GetKeySwitch(const struct Input_KeyState *)
multimodalinput/oh_input_manager.h,1695,OH_Input_GetKeyboardType,Input_Result,"int32_t deviceId,int32_t * keyboardType","Input_Result OH_Input_GetKeyboardType(int32_t,int32_t *)"
multimodalinput/oh_input_manager.h,638,OH_Input_GetMouseEventAction,int32_t,const struct Input_MouseEvent * mouseEvent,int32_t OH_Input_GetMouseEventAction(const struct Input_MouseEvent *)
multimodalinput/oh_input_manager.h,759,OH_Input_GetMouseEventActionTime,int64_t,const struct Input_MouseEvent * mouseEvent,int64_t OH_Input_GetMouseEventActionTime(const struct Input_MouseEvent *)
multimodalinput/oh_input_manager.h,718,OH_Input_GetMouseEventAxisType,int32_t,const struct Input_MouseEvent * mouseEvent,int32_t OH_Input_GetMouseEventAxisType(const struct Input_MouseEvent *)
multimodalinput/oh_input_manager.h,739,OH_Input_GetMouseEventAxisValue,float,const struct Input_MouseEvent * mouseEvent,float OH_Input_GetMouseEventAxisValue(const struct Input_MouseEvent *)
multimodalinput/oh_input_manager.h,698,OH_Input_GetMouseEventButton,int32_t,const struct Input_MouseEvent * mouseEvent,int32_t OH_Input_GetMouseEventButton(const struct Input_MouseEvent *)
multimodalinput/oh_input_manager.h,799,OH_Input_GetMouseEventDisplayId,int32_t,const struct Input_MouseEvent * mouseEvent,int32_t OH_Input_GetMouseEventDisplayId(const struct Input_MouseEvent *)
multimodalinput/oh_input_manager.h,658,OH_Input_GetMouseEventDisplayX,int32_t,const struct Input_MouseEvent * mouseEvent,int32_t OH_Input_GetMouseEventDisplayX(const struct Input_MouseEvent *)
multimodalinput/oh_input_manager.h,678,OH_Input_GetMouseEventDisplayY,int32_t,const struct Input_MouseEvent * mouseEvent,int32_t OH_Input_GetMouseEventDisplayY(const struct Input_MouseEvent *)
multimodalinput/oh_input_manager.h,779,OH_Input_GetMouseEventWindowId,int32_t,const struct Input_MouseEvent * mouseEvent,int32_t OH_Input_GetMouseEventWindowId(const struct Input_MouseEvent *)
multimodalinput/oh_input_manager.h,1515,OH_Input_GetPreKeys,Input_Result,"const Input_Hotkey * hotkey,int32_t ** preKeys,int32_t * preKeyCount","Input_Result OH_Input_GetPreKeys(const Input_Hotkey *,int32_t **,int32_t *)"
multimodalinput/oh_input_manager.h,1604,OH_Input_GetRepeat,Input_Result,"const Input_Hotkey * hotkey,bool * isRepeat","Input_Result OH_Input_GetRepeat(const Input_Hotkey *,bool *)"
multimodalinput/oh_input_manager.h,850,OH_Input_GetTouchEventAction,int32_t,const struct Input_TouchEvent * touchEvent,int32_t OH_Input_GetTouchEventAction(const struct Input_TouchEvent *)
multimodalinput/oh_input_manager.h,930,OH_Input_GetTouchEventActionTime,int64_t,const struct Input_TouchEvent * touchEvent,int64_t OH_Input_GetTouchEventActionTime(const struct Input_TouchEvent *)
multimodalinput/oh_input_manager.h,970,OH_Input_GetTouchEventDisplayId,int32_t,const struct Input_TouchEvent * touchEvent,int32_t OH_Input_GetTouchEventDisplayId(const struct Input_TouchEvent *)
multimodalinput/oh_input_manager.h,890,OH_Input_GetTouchEventDisplayX,int32_t,const struct Input_TouchEvent * touchEvent,int32_t OH_Input_GetTouchEventDisplayX(const struct Input_TouchEvent *)
multimodalinput/oh_input_manager.h,910,OH_Input_GetTouchEventDisplayY,int32_t,const struct Input_TouchEvent * touchEvent,int32_t OH_Input_GetTouchEventDisplayY(const struct Input_TouchEvent *)
multimodalinput/oh_input_manager.h,870,OH_Input_GetTouchEventFingerId,int32_t,const struct Input_TouchEvent * touchEvent,int32_t OH_Input_GetTouchEventFingerId(const struct Input_TouchEvent *)
multimodalinput/oh_input_manager.h,950,OH_Input_GetTouchEventWindowId,int32_t,const struct Input_TouchEvent * touchEvent,int32_t OH_Input_GetTouchEventWindowId(const struct Input_TouchEvent *)
multimodalinput/oh_input_manager.h,467,OH_Input_InjectKeyEvent,int32_t,const struct Input_KeyEvent * keyEvent,int32_t OH_Input_InjectKeyEvent(const struct Input_KeyEvent *)
multimodalinput/oh_input_manager.h,599,OH_Input_InjectMouseEvent,int32_t,const struct Input_MouseEvent * mouseEvent,int32_t OH_Input_InjectMouseEvent(const struct Input_MouseEvent *)
multimodalinput/oh_input_manager.h,811,OH_Input_InjectTouchEvent,int32_t,const struct Input_TouchEvent * touchEvent,int32_t OH_Input_InjectTouchEvent(const struct Input_TouchEvent *)
multimodalinput/oh_input_manager.h,1799,OH_Input_RegisterDeviceListener,Input_Result,Input_DeviceListener * listener,Input_Result OH_Input_RegisterDeviceListener(Input_DeviceListener *)
multimodalinput/oh_input_manager.h,1393,OH_Input_RemoveAxisEventMonitor,Input_Result,"InputEvent_AxisEventType axisEventType,Input_AxisEventCallback callback","Input_Result OH_Input_RemoveAxisEventMonitor(InputEvent_AxisEventType,Input_AxisEventCallback)"
multimodalinput/oh_input_manager.h,1377,OH_Input_RemoveAxisEventMonitorForAll,Input_Result,Input_AxisEventCallback callback,Input_Result OH_Input_RemoveAxisEventMonitorForAll(Input_AxisEventCallback)
multimodalinput/oh_input_manager.h,1635,OH_Input_RemoveHotkeyMonitor,Input_Result,"const Input_Hotkey * hotkey,Input_HotkeyCallback callback","Input_Result OH_Input_RemoveHotkeyMonitor(const Input_Hotkey *,Input_HotkeyCallback)"
multimodalinput/oh_input_manager.h,1456,OH_Input_RemoveInputEventInterceptor,Input_Result,void,Input_Result OH_Input_RemoveInputEventInterceptor(void)
multimodalinput/oh_input_manager.h,1443,OH_Input_RemoveKeyEventInterceptor,Input_Result,void,Input_Result OH_Input_RemoveKeyEventInterceptor(void)
multimodalinput/oh_input_manager.h,1332,OH_Input_RemoveKeyEventMonitor,Input_Result,Input_KeyEventCallback callback,Input_Result OH_Input_RemoveKeyEventMonitor(Input_KeyEventCallback)
multimodalinput/oh_input_manager.h,1347,OH_Input_RemoveMouseEventMonitor,Input_Result,Input_MouseEventCallback callback,Input_Result OH_Input_RemoveMouseEventMonitor(Input_MouseEventCallback)
multimodalinput/oh_input_manager.h,1362,OH_Input_RemoveTouchEventMonitor,Input_Result,Input_TouchEventCallback callback,Input_Result OH_Input_RemoveTouchEventMonitor(Input_TouchEventCallback)
multimodalinput/oh_input_manager.h,1013,OH_Input_SetAxisEventAction,Input_Result,"Input_AxisEvent * axisEvent,InputEvent_AxisAction action","Input_Result OH_Input_SetAxisEventAction(Input_AxisEvent *,InputEvent_AxisAction)"
multimodalinput/oh_input_manager.h,1122,OH_Input_SetAxisEventActionTime,Input_Result,"Input_AxisEvent * axisEvent,int64_t actionTime","Input_Result OH_Input_SetAxisEventActionTime(Input_AxisEvent *,int64_t)"
multimodalinput/oh_input_manager.h,1092,OH_Input_SetAxisEventAxisValue,Input_Result,"Input_AxisEvent * axisEvent,InputEvent_AxisType axisType,double axisValue","Input_Result OH_Input_SetAxisEventAxisValue(Input_AxisEvent *,InputEvent_AxisType,double)"
multimodalinput/oh_input_manager.h,1226,OH_Input_SetAxisEventDisplayId,Input_Result,"Input_AxisEvent * axisEvent,int32_t displayId","Input_Result OH_Input_SetAxisEventDisplayId(Input_AxisEvent *,int32_t)"
multimodalinput/oh_input_manager.h,1039,OH_Input_SetAxisEventDisplayX,Input_Result,"Input_AxisEvent * axisEvent,float displayX","Input_Result OH_Input_SetAxisEventDisplayX(Input_AxisEvent *,float)"
multimodalinput/oh_input_manager.h,1065,OH_Input_SetAxisEventDisplayY,Input_Result,"Input_AxisEvent * axisEvent,float displayY","Input_Result OH_Input_SetAxisEventDisplayY(Input_AxisEvent *,float)"
multimodalinput/oh_input_manager.h,1174,OH_Input_SetAxisEventSourceType,Input_Result,"Input_AxisEvent * axisEvent,InputEvent_SourceType sourceType","Input_Result OH_Input_SetAxisEventSourceType(Input_AxisEvent *,InputEvent_SourceType)"
multimodalinput/oh_input_manager.h,1148,OH_Input_SetAxisEventType,Input_Result,"Input_AxisEvent * axisEvent,InputEvent_AxisEventType axisEventType","Input_Result OH_Input_SetAxisEventType(Input_AxisEvent *,InputEvent_AxisEventType)"
multimodalinput/oh_input_manager.h,1200,OH_Input_SetAxisEventWindowId,Input_Result,"Input_AxisEvent * axisEvent,int32_t windowId","Input_Result OH_Input_SetAxisEventWindowId(Input_AxisEvent *,int32_t)"
multimodalinput/oh_input_manager.h,1525,OH_Input_SetFinalKey,void,"Input_Hotkey * hotkey,int32_t finalKey","void OH_Input_SetFinalKey(Input_Hotkey *,int32_t)"
multimodalinput/oh_input_manager.h,404,OH_Input_SetKeyCode,void,"struct Input_KeyState * keyState,int32_t keyCode","void OH_Input_SetKeyCode(struct Input_KeyState *,int32_t)"
multimodalinput/oh_input_manager.h,496,OH_Input_SetKeyEventAction,void,"struct Input_KeyEvent * keyEvent,int32_t action","void OH_Input_SetKeyEventAction(struct Input_KeyEvent *,int32_t)"
multimodalinput/oh_input_manager.h,536,OH_Input_SetKeyEventActionTime,void,"struct Input_KeyEvent * keyEvent,int64_t actionTime","void OH_Input_SetKeyEventActionTime(struct Input_KeyEvent *,int64_t)"
multimodalinput/oh_input_manager.h,576,OH_Input_SetKeyEventDisplayId,void,"struct Input_KeyEvent * keyEvent,int32_t displayId","void OH_Input_SetKeyEventDisplayId(struct Input_KeyEvent *,int32_t)"
multimodalinput/oh_input_manager.h,516,OH_Input_SetKeyEventKeyCode,void,"struct Input_KeyEvent * keyEvent,int32_t keyCode","void OH_Input_SetKeyEventKeyCode(struct Input_KeyEvent *,int32_t)"
multimodalinput/oh_input_manager.h,556,OH_Input_SetKeyEventWindowId,void,"struct Input_KeyEvent * keyEvent,int32_t windowId","void OH_Input_SetKeyEventWindowId(struct Input_KeyEvent *,int32_t)"
multimodalinput/oh_input_manager.h,424,OH_Input_SetKeyPressed,void,"struct Input_KeyState * keyState,int32_t keyAction","void OH_Input_SetKeyPressed(struct Input_KeyState *,int32_t)"
multimodalinput/oh_input_manager.h,444,OH_Input_SetKeySwitch,void,"struct Input_KeyState * keyState,int32_t keySwitch","void OH_Input_SetKeySwitch(struct Input_KeyState *,int32_t)"
multimodalinput/oh_input_manager.h,628,OH_Input_SetMouseEventAction,void,"struct Input_MouseEvent * mouseEvent,int32_t action","void OH_Input_SetMouseEventAction(struct Input_MouseEvent *,int32_t)"
multimodalinput/oh_input_manager.h,749,OH_Input_SetMouseEventActionTime,void,"struct Input_MouseEvent * mouseEvent,int64_t actionTime","void OH_Input_SetMouseEventActionTime(struct Input_MouseEvent *,int64_t)"
multimodalinput/oh_input_manager.h,708,OH_Input_SetMouseEventAxisType,void,"struct Input_MouseEvent * mouseEvent,int32_t axisType","void OH_Input_SetMouseEventAxisType(struct Input_MouseEvent *,int32_t)"
multimodalinput/oh_input_manager.h,729,OH_Input_SetMouseEventAxisValue,void,"struct Input_MouseEvent * mouseEvent,float axisValue","void OH_Input_SetMouseEventAxisValue(struct Input_MouseEvent *,float)"
multimodalinput/oh_input_manager.h,688,OH_Input_SetMouseEventButton,void,"struct Input_MouseEvent * mouseEvent,int32_t button","void OH_Input_SetMouseEventButton(struct Input_MouseEvent *,int32_t)"
multimodalinput/oh_input_manager.h,789,OH_Input_SetMouseEventDisplayId,void,"struct Input_MouseEvent * mouseEvent,int32_t displayId","void OH_Input_SetMouseEventDisplayId(struct Input_MouseEvent *,int32_t)"
multimodalinput/oh_input_manager.h,648,OH_Input_SetMouseEventDisplayX,void,"struct Input_MouseEvent * mouseEvent,int32_t displayX","void OH_Input_SetMouseEventDisplayX(struct Input_MouseEvent *,int32_t)"
multimodalinput/oh_input_manager.h,668,OH_Input_SetMouseEventDisplayY,void,"struct Input_MouseEvent * mouseEvent,int32_t displayY","void OH_Input_SetMouseEventDisplayY(struct Input_MouseEvent *,int32_t)"
multimodalinput/oh_input_manager.h,769,OH_Input_SetMouseEventWindowId,void,"struct Input_MouseEvent * mouseEvent,int32_t windowId","void OH_Input_SetMouseEventWindowId(struct Input_MouseEvent *,int32_t)"
multimodalinput/oh_input_manager.h,1499,OH_Input_SetPreKeys,void,"Input_Hotkey * hotkey,int32_t * preKeys,int32_t size","void OH_Input_SetPreKeys(Input_Hotkey *,int32_t *,int32_t)"
multimodalinput/oh_input_manager.h,1590,OH_Input_SetRepeat,void,"Input_Hotkey * hotkey,bool isRepeat","void OH_Input_SetRepeat(Input_Hotkey *,bool)"
multimodalinput/oh_input_manager.h,840,OH_Input_SetTouchEventAction,void,"struct Input_TouchEvent * touchEvent,int32_t action","void OH_Input_SetTouchEventAction(struct Input_TouchEvent *,int32_t)"
multimodalinput/oh_input_manager.h,920,OH_Input_SetTouchEventActionTime,void,"struct Input_TouchEvent * touchEvent,int64_t actionTime","void OH_Input_SetTouchEventActionTime(struct Input_TouchEvent *,int64_t)"
multimodalinput/oh_input_manager.h,960,OH_Input_SetTouchEventDisplayId,void,"struct Input_TouchEvent * touchEvent,int32_t displayId","void OH_Input_SetTouchEventDisplayId(struct Input_TouchEvent *,int32_t)"
multimodalinput/oh_input_manager.h,880,OH_Input_SetTouchEventDisplayX,void,"struct Input_TouchEvent * touchEvent,int32_t displayX","void OH_Input_SetTouchEventDisplayX(struct Input_TouchEvent *,int32_t)"
multimodalinput/oh_input_manager.h,900,OH_Input_SetTouchEventDisplayY,void,"struct Input_TouchEvent * touchEvent,int32_t displayY","void OH_Input_SetTouchEventDisplayY(struct Input_TouchEvent *,int32_t)"
multimodalinput/oh_input_manager.h,860,OH_Input_SetTouchEventFingerId,void,"struct Input_TouchEvent * touchEvent,int32_t id","void OH_Input_SetTouchEventFingerId(struct Input_TouchEvent *,int32_t)"
multimodalinput/oh_input_manager.h,940,OH_Input_SetTouchEventWindowId,void,"struct Input_TouchEvent * touchEvent,int32_t windowId","void OH_Input_SetTouchEventWindowId(struct Input_TouchEvent *,int32_t)"
multimodalinput/oh_input_manager.h,1813,OH_Input_UnregisterDeviceListener,Input_Result,Input_DeviceListener * listener,Input_Result OH_Input_UnregisterDeviceListener(Input_DeviceListener *)
multimodalinput/oh_input_manager.h,1824,OH_Input_UnregisterDeviceListeners,Input_Result,void,Input_Result OH_Input_UnregisterDeviceListeners(void)
napi/native_api.h,195,napi_add_async_cleanup_hook,NAPI_EXTERN napi_status,"napi_env env,napi_async_cleanup_hook hook,void * arg,napi_async_cleanup_hook_handle * remove_handle","NAPI_EXTERN napi_status napi_add_async_cleanup_hook(napi_env,napi_async_cleanup_hook,void *,napi_async_cleanup_hook_handle *)"
napi/native_api.h,166,napi_add_env_cleanup_hook,NAPI_EXTERN napi_status,"napi_env env,void (* fun)(void * arg),void * arg","NAPI_EXTERN napi_status napi_add_env_cleanup_hook(napi_env,void (* fun)(void * arg),void *)"
napi/native_api.h,349,napi_add_finalizer,NAPI_EXTERN napi_status,"napi_env env,napi_value js_object,void * native_object,napi_finalize finalize_cb,void * finalize_hint,napi_ref * result","NAPI_EXTERN napi_status napi_add_finalizer(napi_env,napi_value,void *,napi_finalize,void *,napi_ref *)"
napi/native_api.h,87,napi_adjust_external_memory,NAPI_INNER_EXTERN napi_status,"napi_env env,int64_t change_in_bytes,int64_t * adjusted_value","NAPI_INNER_EXTERN napi_status napi_adjust_external_memory(napi_env,int64_t,int64_t *)"
napi/native_api.h,237,napi_async_destroy,NAPI_EXTERN napi_status,"napi_env env,napi_async_context async_context","NAPI_EXTERN napi_status napi_async_destroy(napi_env,napi_async_context)"
napi/native_api.h,222,napi_async_init,NAPI_EXTERN napi_status,"napi_env env,napi_value async_resource,napi_value async_resource_name,napi_async_context * result","NAPI_EXTERN napi_status napi_async_init(napi_env,napi_value,napi_value,napi_async_context *)"
napi/native_api.h,664,napi_call_threadsafe_function_with_priority,NAPI_EXTERN napi_status,"napi_threadsafe_function func,void * data,napi_task_priority priority,bool isTail","NAPI_EXTERN napi_status napi_call_threadsafe_function_with_priority(napi_threadsafe_function,void *,napi_task_priority,bool)"
napi/native_api.h,82,napi_check_object_type_tag,NAPI_EXTERN napi_status,"napi_env env,napi_value value,const napi_type_tag * type_tag,bool * result","NAPI_EXTERN napi_status napi_check_object_type_tag(napi_env,napi_value,const napi_type_tag *,bool *)"
napi/native_api.h,264,napi_close_callback_scope,NAPI_EXTERN napi_status,"napi_env env,napi_callback_scope scope","NAPI_EXTERN napi_status napi_close_callback_scope(napi_env,napi_callback_scope)"
napi/native_api.h,328,napi_coerce_to_native_binding_object,NAPI_EXTERN napi_status,"napi_env env,napi_value js_object,napi_native_binding_detach_callback detach_cb,napi_native_binding_attach_callback attach_cb,void * native_object,void * hint","NAPI_EXTERN napi_status napi_coerce_to_native_binding_object(napi_env,napi_value,napi_native_binding_detach_callback,napi_native_binding_attach_callback,void *,void *)"
napi/native_api.h,380,napi_create_ark_runtime,NAPI_EXTERN napi_status,napi_env * env,NAPI_EXTERN napi_status napi_create_ark_runtime(napi_env *)
napi/native_api.h,712,napi_create_buffer,NAPI_EXTERN napi_status,"napi_env env,size_t length,void ** data,napi_value * result","NAPI_EXTERN napi_status napi_create_buffer(napi_env,size_t,void **,napi_value *)"
napi/native_api.h,309,napi_create_object_with_named_properties,NAPI_EXTERN napi_status,"napi_env env,napi_value * result,size_t property_count,const char ** keys,const napi_value * values","NAPI_EXTERN napi_status napi_create_object_with_named_properties(napi_env,napi_value *,size_t,const char **,const napi_value *)"
napi/native_api.h,291,napi_create_object_with_properties,NAPI_EXTERN napi_status,"napi_env env,napi_value * result,size_t property_count,const napi_property_descriptor * properties","NAPI_EXTERN napi_status napi_create_object_with_properties(napi_env,napi_value *,size_t,const napi_property_descriptor *)"
napi/native_api.h,526,napi_create_sendable_array,NAPI_EXTERN napi_status,"napi_env env,napi_value * result","NAPI_EXTERN napi_status napi_create_sendable_array(napi_env,napi_value *)"
napi/native_api.h,539,napi_create_sendable_array_with_length,NAPI_EXTERN napi_status,"napi_env env,size_t length,napi_value * result","NAPI_EXTERN napi_status napi_create_sendable_array_with_length(napi_env,size_t,napi_value *)"
napi/native_api.h,554,napi_create_sendable_arraybuffer,NAPI_EXTERN napi_status,"napi_env env,size_t byte_length,void ** data,napi_value * result","NAPI_EXTERN napi_status napi_create_sendable_arraybuffer(napi_env,size_t,void **,napi_value *)"
napi/native_api.h,444,napi_create_sendable_object_with_properties,NAPI_EXTERN napi_status,"napi_env env,size_t property_count,const napi_property_descriptor * properties,napi_value * result","NAPI_EXTERN napi_status napi_create_sendable_object_with_properties(napi_env,size_t,const napi_property_descriptor *,napi_value *)"
napi/native_api.h,573,napi_create_sendable_typedarray,NAPI_EXTERN napi_status,"napi_env env,napi_typedarray_type type,size_t length,napi_value arraybuffer,size_t byte_offset,napi_value * result","NAPI_EXTERN napi_status napi_create_sendable_typedarray(napi_env,napi_typedarray_type,size_t,napi_value,size_t,napi_value *)"
napi/native_api.h,67,napi_create_string_utf16,NAPI_EXTERN napi_status,"napi_env env,const char16_t * str,size_t length,napi_value * result","NAPI_EXTERN napi_status napi_create_string_utf16(napi_env,const char16_t *,size_t,napi_value *)"
napi/native_api.h,409,napi_define_sendable_class,NAPI_EXTERN napi_status,"napi_env env,const char * utf8name,size_t length,napi_callback constructor,void * data,size_t property_count,const napi_property_descriptor * properties,napi_value parent,napi_value * result","NAPI_EXTERN napi_status napi_define_sendable_class(napi_env,const char *,size_t,napi_callback,void *,size_t,const napi_property_descriptor *,napi_value,napi_value *)"
napi/native_api.h,647,napi_delete_serialization_data,NAPI_EXTERN napi_status,"napi_env env,void * buffer","NAPI_EXTERN napi_status napi_delete_serialization_data(napi_env,void *)"
napi/native_api.h,634,napi_deserialize,NAPI_EXTERN napi_status,"napi_env env,void * buffer,napi_value * object","NAPI_EXTERN napi_status napi_deserialize(napi_env,void *,napi_value *)"
napi/native_api.h,390,napi_destroy_ark_runtime,NAPI_EXTERN napi_status,napi_env * env,NAPI_EXTERN napi_status napi_destroy_ark_runtime(napi_env *)
napi/native_api.h,677,napi_fatal_exception,NAPI_EXTERN napi_status,"napi_env env,napi_value err","NAPI_EXTERN napi_status napi_fatal_exception(napi_env,napi_value)"
napi/native_api.h,153,napi_get_instance_data,NAPI_EXTERN napi_status,"napi_env env,void ** data","NAPI_EXTERN napi_status napi_get_instance_data(napi_env,void **)"
napi/native_api.h,72,napi_get_value_string_utf16,NAPI_EXTERN napi_status,"napi_env env,napi_value value,char16_t * buf,size_t bufsize,size_t * result","NAPI_EXTERN napi_status napi_get_value_string_utf16(napi_env,napi_value,char16_t *,size_t,size_t *)"
napi/native_api.h,429,napi_is_sendable,NAPI_EXTERN napi_status,"napi_env env,napi_value value,bool * result","NAPI_EXTERN napi_status napi_is_sendable(napi_env,napi_value,bool *)"
napi/native_api.h,123,napi_load_module,NAPI_EXTERN napi_status,"napi_env env,const char * path,napi_value * result","NAPI_EXTERN napi_status napi_load_module(napi_env,const char *,napi_value *)"
napi/native_api.h,367,napi_load_module_with_info,NAPI_EXTERN napi_status,"napi_env env,const char * path,const char * module_info,napi_value * result","NAPI_EXTERN napi_status napi_load_module_with_info(napi_env,const char *,const char *,napi_value *)"
napi/native_api.h,694,napi_make_callback,NAPI_EXTERN napi_status,"napi_env env,napi_async_context async_context,napi_value recv,napi_value func,size_t argc,const napi_value * argv,napi_value * result","NAPI_EXTERN napi_status napi_make_callback(napi_env,napi_async_context,napi_value,napi_value,size_t,const napi_value *,napi_value *)"
napi/native_api.h,250,napi_open_callback_scope,NAPI_EXTERN napi_status,"napi_env env,napi_value resource_object,napi_async_context context,napi_callback_scope * result","NAPI_EXTERN napi_status napi_open_callback_scope(napi_env,napi_value,napi_async_context,napi_callback_scope *)"
napi/native_api.h,112,napi_queue_async_work_with_qos,NAPI_EXTERN napi_status,"napi_env env,napi_async_work work,napi_qos_t qos","NAPI_EXTERN napi_status napi_queue_async_work_with_qos(napi_env,napi_async_work,napi_qos_t)"
napi/native_api.h,208,napi_remove_async_cleanup_hook,NAPI_EXTERN napi_status,napi_async_cleanup_hook_handle remove_handle,NAPI_EXTERN napi_status napi_remove_async_cleanup_hook(napi_async_cleanup_hook_handle)
napi/native_api.h,180,napi_remove_env_cleanup_hook,NAPI_EXTERN napi_status,"napi_env env,void (* fun)(void * arg),void * arg","NAPI_EXTERN napi_status napi_remove_env_cleanup_hook(napi_env,void (* fun)(void * arg),void *)"
napi/native_api.h,513,napi_remove_wrap_sendable,NAPI_EXTERN napi_status,"napi_env env,napi_value js_object,void ** result","NAPI_EXTERN napi_status napi_remove_wrap_sendable(napi_env,napi_value,void **)"
napi/native_api.h,591,napi_run_event_loop,NAPI_EXTERN napi_status,"napi_env env,napi_event_mode mode","NAPI_EXTERN napi_status napi_run_event_loop(napi_env,napi_event_mode)"
napi/native_api.h,111,napi_run_script_path,NAPI_EXTERN napi_status,"napi_env env,const char * path,napi_value * result","NAPI_EXTERN napi_status napi_run_script_path(napi_env,const char *,napi_value *)"
napi/native_api.h,618,napi_serialize,NAPI_EXTERN napi_status,"napi_env env,napi_value object,napi_value transfer_list,napi_value clone_list,void ** result","NAPI_EXTERN napi_status napi_serialize(napi_env,napi_value,napi_value,napi_value,void **)"
napi/native_api.h,139,napi_set_instance_data,NAPI_EXTERN napi_status,"napi_env env,void * data,napi_finalize finalize_cb,void * finalize_hint","NAPI_EXTERN napi_status napi_set_instance_data(napi_env,void *,napi_finalize,void *)"
napi/native_api.h,604,napi_stop_event_loop,NAPI_EXTERN napi_status,napi_env env,NAPI_EXTERN napi_status napi_stop_event_loop(napi_env)
napi/native_api.h,78,napi_type_tag_object,NAPI_EXTERN napi_status,"napi_env env,napi_value value,const napi_type_tag * type_tag","NAPI_EXTERN napi_status napi_type_tag_object(napi_env,napi_value,const napi_type_tag *)"
napi/native_api.h,499,napi_unwrap_sendable,NAPI_EXTERN napi_status,"napi_env env,napi_value js_object,void ** result","NAPI_EXTERN napi_status napi_unwrap_sendable(napi_env,napi_value,void **)"
napi/native_api.h,462,napi_wrap_sendable,NAPI_EXTERN napi_status,"napi_env env,napi_value js_object,void * native_object,napi_finalize finalize_cb,void * finalize_hint","NAPI_EXTERN napi_status napi_wrap_sendable(napi_env,napi_value,void *,napi_finalize,void *)"
napi/native_api.h,482,napi_wrap_sendable_with_size,NAPI_EXTERN napi_status,"napi_env env,napi_value js_object,void * native_object,napi_finalize finalize_cb,void * finalize_hint,size_t native_binding_size","NAPI_EXTERN napi_status napi_wrap_sendable_with_size(napi_env,napi_value,void *,napi_finalize,void *,size_t)"
napi/native_api.h,276,node_api_get_module_file_name,NAPI_EXTERN napi_status,"napi_env env,const char ** result","NAPI_EXTERN napi_status node_api_get_module_file_name(napi_env,const char **)"
native_buffer/native_buffer.h,312,OH_NativeBuffer_Alloc,OH_NativeBuffer *,const OH_NativeBuffer_Config * config,OH_NativeBuffer * OH_NativeBuffer_Alloc(const OH_NativeBuffer_Config *)
native_buffer/native_buffer.h,418,OH_NativeBuffer_FromNativeWindowBuffer,int32_t,"OHNativeWindowBuffer * nativeWindowBuffer,OH_NativeBuffer ** buffer","int32_t OH_NativeBuffer_FromNativeWindowBuffer(OHNativeWindowBuffer *,OH_NativeBuffer **)"
native_buffer/native_buffer.h,446,OH_NativeBuffer_GetColorSpace,int32_t,"OH_NativeBuffer * buffer,OH_NativeBuffer_ColorSpace * colorSpace","int32_t OH_NativeBuffer_GetColorSpace(OH_NativeBuffer *,OH_NativeBuffer_ColorSpace *)"
native_buffer/native_buffer.h,352,OH_NativeBuffer_GetConfig,void,"OH_NativeBuffer * buffer,OH_NativeBuffer_Config * config","void OH_NativeBuffer_GetConfig(OH_NativeBuffer *,OH_NativeBuffer_Config *)"
native_buffer/native_buffer.h,483,OH_NativeBuffer_GetMetadataValue,int32_t,"OH_NativeBuffer * buffer,OH_NativeBuffer_MetadataKey metadataKey,int32_t * size,uint8_t ** metadata","int32_t OH_NativeBuffer_GetMetadataValue(OH_NativeBuffer *,OH_NativeBuffer_MetadataKey,int32_t *,uint8_t **)"
native_buffer/native_buffer.h,391,OH_NativeBuffer_GetSeqNum,uint32_t,OH_NativeBuffer * buffer,uint32_t OH_NativeBuffer_GetSeqNum(OH_NativeBuffer *)
native_buffer/native_buffer.h,367,OH_NativeBuffer_Map,int32_t,"OH_NativeBuffer * buffer,void ** virAddr","int32_t OH_NativeBuffer_Map(OH_NativeBuffer *,void **)"
native_buffer/native_buffer.h,405,OH_NativeBuffer_MapPlanes,int32_t,"OH_NativeBuffer * buffer,void ** virAddr,OH_NativeBuffer_Planes * outPlanes","int32_t OH_NativeBuffer_MapPlanes(OH_NativeBuffer *,void **,OH_NativeBuffer_Planes *)"
native_buffer/native_buffer.h,326,OH_NativeBuffer_Reference,int32_t,OH_NativeBuffer * buffer,int32_t OH_NativeBuffer_Reference(OH_NativeBuffer *)
native_buffer/native_buffer.h,431,OH_NativeBuffer_SetColorSpace,int32_t,"OH_NativeBuffer * buffer,OH_NativeBuffer_ColorSpace colorSpace","int32_t OH_NativeBuffer_SetColorSpace(OH_NativeBuffer *,OH_NativeBuffer_ColorSpace)"
native_buffer/native_buffer.h,464,OH_NativeBuffer_SetMetadataValue,int32_t,"OH_NativeBuffer * buffer,OH_NativeBuffer_MetadataKey metadataKey,int32_t size,uint8_t * metadata","int32_t OH_NativeBuffer_SetMetadataValue(OH_NativeBuffer *,OH_NativeBuffer_MetadataKey,int32_t,uint8_t *)"
native_buffer/native_buffer.h,379,OH_NativeBuffer_Unmap,int32_t,OH_NativeBuffer * buffer,int32_t OH_NativeBuffer_Unmap(OH_NativeBuffer *)
native_buffer/native_buffer.h,339,OH_NativeBuffer_Unreference,int32_t,OH_NativeBuffer * buffer,int32_t OH_NativeBuffer_Unreference(OH_NativeBuffer *)
native_color_space_manager/native_color_space_manager.h,164,OH_NativeColorSpaceManager_CreateFromName,OH_NativeColorSpaceManager *,ColorSpaceName colorSpaceName,OH_NativeColorSpaceManager * OH_NativeColorSpaceManager_CreateFromName(ColorSpaceName)
native_color_space_manager/native_color_space_manager.h,178,OH_NativeColorSpaceManager_CreateFromPrimariesAndGamma,OH_NativeColorSpaceManager *,"ColorSpacePrimaries primaries,float gamma","OH_NativeColorSpaceManager * OH_NativeColorSpaceManager_CreateFromPrimariesAndGamma(ColorSpacePrimaries,float)"
native_color_space_manager/native_color_space_manager.h,189,OH_NativeColorSpaceManager_Destroy,void,OH_NativeColorSpaceManager * nativeColorSpaceManager,void OH_NativeColorSpaceManager_Destroy(OH_NativeColorSpaceManager *)
native_color_space_manager/native_color_space_manager.h,200,OH_NativeColorSpaceManager_GetColorSpaceName,int,OH_NativeColorSpaceManager * nativeColorSpaceManager,int OH_NativeColorSpaceManager_GetColorSpaceName(OH_NativeColorSpaceManager *)
native_color_space_manager/native_color_space_manager.h,224,OH_NativeColorSpaceManager_GetGamma,float,OH_NativeColorSpaceManager * nativeColorSpaceManager,float OH_NativeColorSpaceManager_GetGamma(OH_NativeColorSpaceManager *)
native_color_space_manager/native_color_space_manager.h,212,OH_NativeColorSpaceManager_GetWhitePoint,WhitePointArray,OH_NativeColorSpaceManager * nativeColorSpaceManager,WhitePointArray OH_NativeColorSpaceManager_GetWhitePoint(OH_NativeColorSpaceManager *)
native_display_soloist/native_display_soloist.h,91,OH_DisplaySoloist_Create,OH_DisplaySoloist *,bool useExclusiveThread,OH_DisplaySoloist * OH_DisplaySoloist_Create(bool)
native_display_soloist/native_display_soloist.h,101,OH_DisplaySoloist_Destroy,int32_t,OH_DisplaySoloist * displaySoloist,int32_t OH_DisplaySoloist_Destroy(OH_DisplaySoloist *)
native_display_soloist/native_display_soloist.h,137,OH_DisplaySoloist_SetExpectedFrameRateRange,int32_t,"OH_DisplaySoloist * displaySoloist,DisplaySoloist_ExpectedRateRange * range","int32_t OH_DisplaySoloist_SetExpectedFrameRateRange(OH_DisplaySoloist *,DisplaySoloist_ExpectedRateRange *)"
native_display_soloist/native_display_soloist.h,114,OH_DisplaySoloist_Start,int32_t,"OH_DisplaySoloist * displaySoloist,OH_DisplaySoloist_FrameCallback callback,void * data","int32_t OH_DisplaySoloist_Start(OH_DisplaySoloist *,OH_DisplaySoloist_FrameCallback,void *)"
native_display_soloist/native_display_soloist.h,125,OH_DisplaySoloist_Stop,int32_t,OH_DisplaySoloist * displaySoloist,int32_t OH_DisplaySoloist_Stop(OH_DisplaySoloist *)
native_drawing/drawing_bitmap.h,109,OH_Drawing_BitmapBuild,void,"OH_Drawing_Bitmap * bitmap,const uint32_t width,const uint32_t height,const OH_Drawing_BitmapFormat * bitmapFormat","void OH_Drawing_BitmapBuild(OH_Drawing_Bitmap *,const uint32_t,const uint32_t,const OH_Drawing_BitmapFormat *)"
native_drawing/drawing_bitmap.h,70,OH_Drawing_BitmapCreate,OH_Drawing_Bitmap *,void,OH_Drawing_Bitmap * OH_Drawing_BitmapCreate(void)
native_drawing/drawing_bitmap.h,94,OH_Drawing_BitmapCreateFromPixels,OH_Drawing_Bitmap *,"OH_Drawing_Image_Info * imageInfo,void * pixels,uint32_t rowBytes","OH_Drawing_Bitmap * OH_Drawing_BitmapCreateFromPixels(OH_Drawing_Image_Info *,void *,uint32_t)"
native_drawing/drawing_bitmap.h,80,OH_Drawing_BitmapDestroy,void,OH_Drawing_Bitmap * bitmap,void OH_Drawing_BitmapDestroy(OH_Drawing_Bitmap *)
native_drawing/drawing_bitmap.h,154,OH_Drawing_BitmapGetAlphaFormat,OH_Drawing_AlphaFormat,OH_Drawing_Bitmap * bitmap,OH_Drawing_AlphaFormat OH_Drawing_BitmapGetAlphaFormat(OH_Drawing_Bitmap *)
native_drawing/drawing_bitmap.h,143,OH_Drawing_BitmapGetColorFormat,OH_Drawing_ColorFormat,OH_Drawing_Bitmap * bitmap,OH_Drawing_ColorFormat OH_Drawing_BitmapGetColorFormat(OH_Drawing_Bitmap *)
native_drawing/drawing_bitmap.h,132,OH_Drawing_BitmapGetHeight,uint32_t,OH_Drawing_Bitmap * bitmap,uint32_t OH_Drawing_BitmapGetHeight(OH_Drawing_Bitmap *)
native_drawing/drawing_bitmap.h,176,OH_Drawing_BitmapGetImageInfo,void,"OH_Drawing_Bitmap * bitmap,OH_Drawing_Image_Info * imageInfo","void OH_Drawing_BitmapGetImageInfo(OH_Drawing_Bitmap *,OH_Drawing_Image_Info *)"
native_drawing/drawing_bitmap.h,165,OH_Drawing_BitmapGetPixels,void *,OH_Drawing_Bitmap * bitmap,void * OH_Drawing_BitmapGetPixels(OH_Drawing_Bitmap *)
native_drawing/drawing_bitmap.h,121,OH_Drawing_BitmapGetWidth,uint32_t,OH_Drawing_Bitmap * bitmap,uint32_t OH_Drawing_BitmapGetWidth(OH_Drawing_Bitmap *)
native_drawing/drawing_bitmap.h,193,OH_Drawing_BitmapReadPixels,bool,"OH_Drawing_Bitmap * bitmap,const OH_Drawing_Image_Info * dstInfo,void * dstPixels,size_t dstRowBytes,int32_t srcX,int32_t srcY","bool OH_Drawing_BitmapReadPixels(OH_Drawing_Bitmap *,const OH_Drawing_Image_Info *,void *,size_t,int32_t,int32_t)"
native_drawing/drawing_brush.h,70,OH_Drawing_BrushCopy,OH_Drawing_Brush *,OH_Drawing_Brush * brush,OH_Drawing_Brush * OH_Drawing_BrushCopy(OH_Drawing_Brush *)
native_drawing/drawing_brush.h,57,OH_Drawing_BrushCreate,OH_Drawing_Brush *,void,OH_Drawing_Brush * OH_Drawing_BrushCreate(void)
native_drawing/drawing_brush.h,80,OH_Drawing_BrushDestroy,void,OH_Drawing_Brush * brush,void OH_Drawing_BrushDestroy(OH_Drawing_Brush *)
native_drawing/drawing_brush.h,138,OH_Drawing_BrushGetAlpha,uint8_t,const OH_Drawing_Brush * brush,uint8_t OH_Drawing_BrushGetAlpha(const OH_Drawing_Brush *)
native_drawing/drawing_brush.h,116,OH_Drawing_BrushGetColor,uint32_t,const OH_Drawing_Brush * brush,uint32_t OH_Drawing_BrushGetColor(const OH_Drawing_Brush *)
native_drawing/drawing_brush.h,193,OH_Drawing_BrushGetFilter,void,"OH_Drawing_Brush * brush,OH_Drawing_Filter * filter","void OH_Drawing_BrushGetFilter(OH_Drawing_Brush *,OH_Drawing_Filter *)"
native_drawing/drawing_brush.h,92,OH_Drawing_BrushIsAntiAlias,bool,const OH_Drawing_Brush * brush,bool OH_Drawing_BrushIsAntiAlias(const OH_Drawing_Brush *)
native_drawing/drawing_brush.h,214,OH_Drawing_BrushReset,void,OH_Drawing_Brush * brush,void OH_Drawing_BrushReset(OH_Drawing_Brush *)
native_drawing/drawing_brush.h,149,OH_Drawing_BrushSetAlpha,void,"OH_Drawing_Brush * brush,uint8_t alpha","void OH_Drawing_BrushSetAlpha(OH_Drawing_Brush *,uint8_t)"
native_drawing/drawing_brush.h,105,OH_Drawing_BrushSetAntiAlias,void,"OH_Drawing_Brush * brush,bool antiAlias","void OH_Drawing_BrushSetAntiAlias(OH_Drawing_Brush *,bool)"
native_drawing/drawing_brush.h,204,OH_Drawing_BrushSetBlendMode,void,"OH_Drawing_Brush * brush,OH_Drawing_BlendMode blendMode","void OH_Drawing_BrushSetBlendMode(OH_Drawing_Brush *,OH_Drawing_BlendMode)"
native_drawing/drawing_brush.h,127,OH_Drawing_BrushSetColor,void,"OH_Drawing_Brush * brush,uint32_t color","void OH_Drawing_BrushSetColor(OH_Drawing_Brush *,uint32_t)"
native_drawing/drawing_brush.h,182,OH_Drawing_BrushSetFilter,void,"OH_Drawing_Brush * brush,OH_Drawing_Filter * filter","void OH_Drawing_BrushSetFilter(OH_Drawing_Brush *,OH_Drawing_Filter *)"
native_drawing/drawing_brush.h,160,OH_Drawing_BrushSetShaderEffect,void,"OH_Drawing_Brush * brush,OH_Drawing_ShaderEffect * shaderEffect","void OH_Drawing_BrushSetShaderEffect(OH_Drawing_Brush *,OH_Drawing_ShaderEffect *)"
native_drawing/drawing_brush.h,171,OH_Drawing_BrushSetShadowLayer,void,"OH_Drawing_Brush * brush,OH_Drawing_ShadowLayer * shadowLayer","void OH_Drawing_BrushSetShadowLayer(OH_Drawing_Brush *,OH_Drawing_ShadowLayer *)"
native_drawing/drawing_canvas.h,130,OH_Drawing_CanvasAttachBrush,void,"OH_Drawing_Canvas * canvas,const OH_Drawing_Brush * brush","void OH_Drawing_CanvasAttachBrush(OH_Drawing_Canvas *,const OH_Drawing_Brush *)"
native_drawing/drawing_canvas.h,108,OH_Drawing_CanvasAttachPen,void,"OH_Drawing_Canvas * canvas,const OH_Drawing_Pen * pen","void OH_Drawing_CanvasAttachPen(OH_Drawing_Canvas *,const OH_Drawing_Pen *)"
native_drawing/drawing_canvas.h,97,OH_Drawing_CanvasBind,void,"OH_Drawing_Canvas * canvas,OH_Drawing_Bitmap * bitmap","void OH_Drawing_CanvasBind(OH_Drawing_Canvas *,OH_Drawing_Bitmap *)"
native_drawing/drawing_canvas.h,677,OH_Drawing_CanvasClear,void,"OH_Drawing_Canvas * canvas,uint32_t color","void OH_Drawing_CanvasClear(OH_Drawing_Canvas *,uint32_t)"
native_drawing/drawing_canvas.h,501,OH_Drawing_CanvasClipPath,void,"OH_Drawing_Canvas * canvas,const OH_Drawing_Path * path,OH_Drawing_CanvasClipOp clipOp,bool doAntiAlias","void OH_Drawing_CanvasClipPath(OH_Drawing_Canvas *,const OH_Drawing_Path *,OH_Drawing_CanvasClipOp,bool)"
native_drawing/drawing_canvas.h,473,OH_Drawing_CanvasClipRect,void,"OH_Drawing_Canvas * canvas,const OH_Drawing_Rect * rect,OH_Drawing_CanvasClipOp clipOp,bool doAntiAlias","void OH_Drawing_CanvasClipRect(OH_Drawing_Canvas *,const OH_Drawing_Rect *,OH_Drawing_CanvasClipOp,bool)"
native_drawing/drawing_canvas.h,517,OH_Drawing_CanvasClipRegion,OH_Drawing_ErrorCode,"OH_Drawing_Canvas * canvas,const OH_Drawing_Region * region,OH_Drawing_CanvasClipOp clipOp","OH_Drawing_ErrorCode OH_Drawing_CanvasClipRegion(OH_Drawing_Canvas *,const OH_Drawing_Region *,OH_Drawing_CanvasClipOp)"
native_drawing/drawing_canvas.h,487,OH_Drawing_CanvasClipRoundRect,void,"OH_Drawing_Canvas * canvas,const OH_Drawing_RoundRect * roundRect,OH_Drawing_CanvasClipOp clipOp,bool doAntiAlias","void OH_Drawing_CanvasClipRoundRect(OH_Drawing_Canvas *,const OH_Drawing_RoundRect *,OH_Drawing_CanvasClipOp,bool)"
native_drawing/drawing_canvas.h,621,OH_Drawing_CanvasConcatMatrix,void,"OH_Drawing_Canvas * canvas,OH_Drawing_Matrix * matrix","void OH_Drawing_CanvasConcatMatrix(OH_Drawing_Canvas *,OH_Drawing_Matrix *)"
native_drawing/drawing_canvas.h,75,OH_Drawing_CanvasCreate,OH_Drawing_Canvas *,void,OH_Drawing_Canvas * OH_Drawing_CanvasCreate(void)
native_drawing/drawing_canvas.h,85,OH_Drawing_CanvasDestroy,void,OH_Drawing_Canvas * canvas,void OH_Drawing_CanvasDestroy(OH_Drawing_Canvas *)
native_drawing/drawing_canvas.h,141,OH_Drawing_CanvasDetachBrush,void,OH_Drawing_Canvas * canvas,void OH_Drawing_CanvasDetachBrush(OH_Drawing_Canvas *)
native_drawing/drawing_canvas.h,119,OH_Drawing_CanvasDetachPen,void,OH_Drawing_Canvas * canvas,void OH_Drawing_CanvasDetachPen(OH_Drawing_Canvas *)
native_drawing/drawing_canvas.h,399,OH_Drawing_CanvasDrawArc,void,"OH_Drawing_Canvas * canvas,const OH_Drawing_Rect * rect,float startAngle,float sweepAngle","void OH_Drawing_CanvasDrawArc(OH_Drawing_Canvas *,const OH_Drawing_Rect *,float,float)"
native_drawing/drawing_canvas.h,247,OH_Drawing_CanvasDrawBackground,void,"OH_Drawing_Canvas * canvas,const OH_Drawing_Brush * brush","void OH_Drawing_CanvasDrawBackground(OH_Drawing_Canvas *,const OH_Drawing_Brush *)"
native_drawing/drawing_canvas.h,321,OH_Drawing_CanvasDrawBitmap,void,"OH_Drawing_Canvas * canvas,const OH_Drawing_Bitmap * bitmap,float left,float top","void OH_Drawing_CanvasDrawBitmap(OH_Drawing_Canvas *,const OH_Drawing_Bitmap *,float,float)"
native_drawing/drawing_canvas.h,335,OH_Drawing_CanvasDrawBitmapRect,void,"OH_Drawing_Canvas * canvas,const OH_Drawing_Bitmap * bitmap,const OH_Drawing_Rect * src,const OH_Drawing_Rect * dst,const OH_Drawing_SamplingOptions * samplingOptions","void OH_Drawing_CanvasDrawBitmapRect(OH_Drawing_Canvas *,const OH_Drawing_Bitmap *,const OH_Drawing_Rect *,const OH_Drawing_Rect *,const OH_Drawing_SamplingOptions *)"
native_drawing/drawing_canvas.h,359,OH_Drawing_CanvasDrawCircle,void,"OH_Drawing_Canvas * canvas,const OH_Drawing_Point * point,float radius","void OH_Drawing_CanvasDrawCircle(OH_Drawing_Canvas *,const OH_Drawing_Point *,float)"
native_drawing/drawing_canvas.h,374,OH_Drawing_CanvasDrawColor,OH_Drawing_ErrorCode,"OH_Drawing_Canvas * canvas,uint32_t color,OH_Drawing_BlendMode blendMode","OH_Drawing_ErrorCode OH_Drawing_CanvasDrawColor(OH_Drawing_Canvas *,uint32_t,OH_Drawing_BlendMode)"
native_drawing/drawing_canvas.h,730,OH_Drawing_CanvasDrawImageRect,void,"OH_Drawing_Canvas * canvas,OH_Drawing_Image * image,OH_Drawing_Rect * rect,OH_Drawing_SamplingOptions * samplingOptions","void OH_Drawing_CanvasDrawImageRect(OH_Drawing_Canvas *,OH_Drawing_Image *,OH_Drawing_Rect *,OH_Drawing_SamplingOptions *)"
native_drawing/drawing_canvas.h,714,OH_Drawing_CanvasDrawImageRectWithSrc,void,"OH_Drawing_Canvas * canvas,const OH_Drawing_Image * image,const OH_Drawing_Rect * src,const OH_Drawing_Rect * dst,const OH_Drawing_SamplingOptions * samplingOptions,OH_Drawing_SrcRectConstraint srcRectConstraint","void OH_Drawing_CanvasDrawImageRectWithSrc(OH_Drawing_Canvas *,const OH_Drawing_Image *,const OH_Drawing_Rect *,const OH_Drawing_Rect *,const OH_Drawing_SamplingOptions *,OH_Drawing_SrcRectConstraint)"
native_drawing/drawing_canvas.h,210,OH_Drawing_CanvasDrawLine,void,"OH_Drawing_Canvas * canvas,float x1,float y1,float x2,float y2","void OH_Drawing_CanvasDrawLine(OH_Drawing_Canvas *,float,float,float,float)"
native_drawing/drawing_canvas.h,386,OH_Drawing_CanvasDrawOval,void,"OH_Drawing_Canvas * canvas,const OH_Drawing_Rect * rect","void OH_Drawing_CanvasDrawOval(OH_Drawing_Canvas *,const OH_Drawing_Rect *)"
native_drawing/drawing_canvas.h,221,OH_Drawing_CanvasDrawPath,void,"OH_Drawing_Canvas * canvas,const OH_Drawing_Path * path","void OH_Drawing_CanvasDrawPath(OH_Drawing_Canvas *,const OH_Drawing_Path *)"
native_drawing/drawing_canvas.h,235,OH_Drawing_CanvasDrawPixelMapRect,void,"OH_Drawing_Canvas * canvas,OH_Drawing_PixelMap * pixelMap,const OH_Drawing_Rect * src,const OH_Drawing_Rect * dst,const OH_Drawing_SamplingOptions * samplingOptions","void OH_Drawing_CanvasDrawPixelMapRect(OH_Drawing_Canvas *,OH_Drawing_PixelMap *,const OH_Drawing_Rect *,const OH_Drawing_Rect *,const OH_Drawing_SamplingOptions *)"
native_drawing/drawing_canvas.h,294,OH_Drawing_CanvasDrawPoint,OH_Drawing_ErrorCode,"OH_Drawing_Canvas * canvas,const OH_Drawing_Point2D * point","OH_Drawing_ErrorCode OH_Drawing_CanvasDrawPoint(OH_Drawing_Canvas *,const OH_Drawing_Point2D *)"
native_drawing/drawing_canvas.h,307,OH_Drawing_CanvasDrawPoints,void,"OH_Drawing_Canvas * canvas,OH_Drawing_PointMode mode,uint32_t count,const OH_Drawing_Point2D * point2D","void OH_Drawing_CanvasDrawPoints(OH_Drawing_Canvas *,OH_Drawing_PointMode,uint32_t,const OH_Drawing_Point2D *)"
native_drawing/drawing_canvas.h,846,OH_Drawing_CanvasDrawRecordCmd,OH_Drawing_ErrorCode,"OH_Drawing_Canvas * canvas,OH_Drawing_RecordCmd * recordCmd","OH_Drawing_ErrorCode OH_Drawing_CanvasDrawRecordCmd(OH_Drawing_Canvas *,OH_Drawing_RecordCmd *)"
native_drawing/drawing_canvas.h,347,OH_Drawing_CanvasDrawRect,void,"OH_Drawing_Canvas * canvas,const OH_Drawing_Rect * rect","void OH_Drawing_CanvasDrawRect(OH_Drawing_Canvas *,const OH_Drawing_Rect *)"
native_drawing/drawing_canvas.h,258,OH_Drawing_CanvasDrawRegion,void,"OH_Drawing_Canvas * canvas,const OH_Drawing_Region * region","void OH_Drawing_CanvasDrawRegion(OH_Drawing_Canvas *,const OH_Drawing_Region *)"
native_drawing/drawing_canvas.h,411,OH_Drawing_CanvasDrawRoundRect,void,"OH_Drawing_Canvas * canvas,const OH_Drawing_RoundRect * roundRect","void OH_Drawing_CanvasDrawRoundRect(OH_Drawing_Canvas *,const OH_Drawing_RoundRect *)"
native_drawing/drawing_canvas.h,664,OH_Drawing_CanvasDrawShadow,void,"OH_Drawing_Canvas * canvas,OH_Drawing_Path * path,OH_Drawing_Point3D planeParams,OH_Drawing_Point3D devLightPos,float lightRadius,uint32_t ambientColor,uint32_t spotColor,OH_Drawing_CanvasShadowFlags flag","void OH_Drawing_CanvasDrawShadow(OH_Drawing_Canvas *,OH_Drawing_Path *,OH_Drawing_Point3D,OH_Drawing_Point3D,float,uint32_t,uint32_t,OH_Drawing_CanvasShadowFlags)"
native_drawing/drawing_canvas.h,429,OH_Drawing_CanvasDrawSingleCharacter,OH_Drawing_ErrorCode,"OH_Drawing_Canvas * canvas,const char * str,const OH_Drawing_Font * font,float x,float y","OH_Drawing_ErrorCode OH_Drawing_CanvasDrawSingleCharacter(OH_Drawing_Canvas *,const char *,const OH_Drawing_Font *,float,float)"
native_drawing/drawing_canvas.h,443,OH_Drawing_CanvasDrawTextBlob,void,"OH_Drawing_Canvas * canvas,const OH_Drawing_TextBlob * textBlob,float x,float y","void OH_Drawing_CanvasDrawTextBlob(OH_Drawing_Canvas *,const OH_Drawing_TextBlob *,float,float)"
native_drawing/drawing_canvas.h,770,OH_Drawing_CanvasDrawVertices,void,"OH_Drawing_Canvas * canvas,OH_Drawing_VertexMode vertexMmode,int32_t vertexCount,const OH_Drawing_Point2D * positions,const OH_Drawing_Point2D * texs,const uint32_t * colors,int32_t indexCount,const uint16_t * indices,OH_Drawing_BlendMode mode","void OH_Drawing_CanvasDrawVertices(OH_Drawing_Canvas *,OH_Drawing_VertexMode,int32_t,const OH_Drawing_Point2D *,const OH_Drawing_Point2D *,const uint32_t *,int32_t,const uint16_t *,OH_Drawing_BlendMode)"
native_drawing/drawing_canvas.h,587,OH_Drawing_CanvasGetHeight,int32_t,OH_Drawing_Canvas * canvas,int32_t OH_Drawing_CanvasGetHeight(OH_Drawing_Canvas *)
native_drawing/drawing_canvas.h,832,OH_Drawing_CanvasGetImageInfo,OH_Drawing_ErrorCode,"OH_Drawing_Canvas * canvas,OH_Drawing_Image_Info * imageInfo","OH_Drawing_ErrorCode OH_Drawing_CanvasGetImageInfo(OH_Drawing_Canvas *,OH_Drawing_Image_Info *)"
native_drawing/drawing_canvas.h,598,OH_Drawing_CanvasGetLocalClipBounds,void,"OH_Drawing_Canvas * canvas,OH_Drawing_Rect * rect","void OH_Drawing_CanvasGetLocalClipBounds(OH_Drawing_Canvas *,OH_Drawing_Rect *)"
native_drawing/drawing_canvas.h,185,OH_Drawing_CanvasGetSaveCount,uint32_t,OH_Drawing_Canvas * canvas,uint32_t OH_Drawing_CanvasGetSaveCount(OH_Drawing_Canvas *)
native_drawing/drawing_canvas.h,609,OH_Drawing_CanvasGetTotalMatrix,void,"OH_Drawing_Canvas * canvas,OH_Drawing_Matrix * matrix","void OH_Drawing_CanvasGetTotalMatrix(OH_Drawing_Canvas *,OH_Drawing_Matrix *)"
native_drawing/drawing_canvas.h,577,OH_Drawing_CanvasGetWidth,int32_t,OH_Drawing_Canvas * canvas,int32_t OH_Drawing_CanvasGetWidth(OH_Drawing_Canvas *)
native_drawing/drawing_canvas.h,818,OH_Drawing_CanvasIsClipEmpty,OH_Drawing_ErrorCode,"OH_Drawing_Canvas * canvas,bool * isClipEmpty","OH_Drawing_ErrorCode OH_Drawing_CanvasIsClipEmpty(OH_Drawing_Canvas *,bool *)"
native_drawing/drawing_canvas.h,788,OH_Drawing_CanvasReadPixels,bool,"OH_Drawing_Canvas * canvas,OH_Drawing_Image_Info * imageInfo,void * dstPixels,uint32_t dstRowBytes,int32_t srcX,int32_t srcY","bool OH_Drawing_CanvasReadPixels(OH_Drawing_Canvas *,OH_Drawing_Image_Info *,void *,uint32_t,int32_t,int32_t)"
native_drawing/drawing_canvas.h,803,OH_Drawing_CanvasReadPixelsToBitmap,bool,"OH_Drawing_Canvas * canvas,OH_Drawing_Bitmap * bitmap,int32_t srcX,int32_t srcY","bool OH_Drawing_CanvasReadPixelsToBitmap(OH_Drawing_Canvas *,OH_Drawing_Bitmap *,int32_t,int32_t)"
native_drawing/drawing_canvas.h,698,OH_Drawing_CanvasResetMatrix,void,OH_Drawing_Canvas * canvas,void OH_Drawing_CanvasResetMatrix(OH_Drawing_Canvas *)
native_drawing/drawing_canvas.h,174,OH_Drawing_CanvasRestore,void,OH_Drawing_Canvas * canvas,void OH_Drawing_CanvasRestore(OH_Drawing_Canvas *)
native_drawing/drawing_canvas.h,196,OH_Drawing_CanvasRestoreToCount,void,"OH_Drawing_Canvas * canvas,uint32_t saveCount","void OH_Drawing_CanvasRestoreToCount(OH_Drawing_Canvas *,uint32_t)"
native_drawing/drawing_canvas.h,531,OH_Drawing_CanvasRotate,void,"OH_Drawing_Canvas * canvas,float degrees,float px,float py","void OH_Drawing_CanvasRotate(OH_Drawing_Canvas *,float,float,float)"
native_drawing/drawing_canvas.h,151,OH_Drawing_CanvasSave,void,OH_Drawing_Canvas * canvas,void OH_Drawing_CanvasSave(OH_Drawing_Canvas *)
native_drawing/drawing_canvas.h,164,OH_Drawing_CanvasSaveLayer,void,"OH_Drawing_Canvas * canvas,const OH_Drawing_Rect * rect,const OH_Drawing_Brush * brush","void OH_Drawing_CanvasSaveLayer(OH_Drawing_Canvas *,const OH_Drawing_Rect *,const OH_Drawing_Brush *)"
native_drawing/drawing_canvas.h,555,OH_Drawing_CanvasScale,void,"OH_Drawing_Canvas * canvas,float sx,float sy","void OH_Drawing_CanvasScale(OH_Drawing_Canvas *,float,float)"
native_drawing/drawing_canvas.h,688,OH_Drawing_CanvasSetMatrix,void,"OH_Drawing_Canvas * canvas,OH_Drawing_Matrix * matrix","void OH_Drawing_CanvasSetMatrix(OH_Drawing_Canvas *,OH_Drawing_Matrix *)"
native_drawing/drawing_canvas.h,567,OH_Drawing_CanvasSkew,void,"OH_Drawing_Canvas * canvas,float sx,float sy","void OH_Drawing_CanvasSkew(OH_Drawing_Canvas *,float,float)"
native_drawing/drawing_canvas.h,543,OH_Drawing_CanvasTranslate,void,"OH_Drawing_Canvas * canvas,float dx,float dy","void OH_Drawing_CanvasTranslate(OH_Drawing_Canvas *,float,float)"
native_drawing/drawing_color.h,61,OH_Drawing_ColorSetArgb,uint32_t,"uint32_t alpha,uint32_t red,uint32_t green,uint32_t blue","uint32_t OH_Drawing_ColorSetArgb(uint32_t,uint32_t,uint32_t,uint32_t)"
native_drawing/drawing_color_filter.h,59,OH_Drawing_ColorFilterCreateBlendMode,OH_Drawing_ColorFilter *,"uint32_t color,OH_Drawing_BlendMode blendMode","OH_Drawing_ColorFilter * OH_Drawing_ColorFilterCreateBlendMode(uint32_t,OH_Drawing_BlendMode)"
native_drawing/drawing_color_filter.h,71,OH_Drawing_ColorFilterCreateCompose,OH_Drawing_ColorFilter *,"OH_Drawing_ColorFilter * outerColorFilter,OH_Drawing_ColorFilter * innerColorFilter","OH_Drawing_ColorFilter * OH_Drawing_ColorFilterCreateCompose(OH_Drawing_ColorFilter *,OH_Drawing_ColorFilter *)"
native_drawing/drawing_color_filter.h,93,OH_Drawing_ColorFilterCreateLinearToSrgbGamma,OH_Drawing_ColorFilter *,void,OH_Drawing_ColorFilter * OH_Drawing_ColorFilterCreateLinearToSrgbGamma(void)
native_drawing/drawing_color_filter.h,114,OH_Drawing_ColorFilterCreateLuma,OH_Drawing_ColorFilter *,void,OH_Drawing_ColorFilter * OH_Drawing_ColorFilterCreateLuma(void)
native_drawing/drawing_color_filter.h,83,OH_Drawing_ColorFilterCreateMatrix,OH_Drawing_ColorFilter *,const float matrix[20],OH_Drawing_ColorFilter * OH_Drawing_ColorFilterCreateMatrix(const float matrix[20])
native_drawing/drawing_color_filter.h,103,OH_Drawing_ColorFilterCreateSrgbGammaToLinear,OH_Drawing_ColorFilter *,void,OH_Drawing_ColorFilter * OH_Drawing_ColorFilterCreateSrgbGammaToLinear(void)
native_drawing/drawing_color_filter.h,124,OH_Drawing_ColorFilterDestroy,void,OH_Drawing_ColorFilter * colorFilter,void OH_Drawing_ColorFilterDestroy(OH_Drawing_ColorFilter *)
native_drawing/drawing_color_space.h,57,OH_Drawing_ColorSpaceCreateSrgb,OH_Drawing_ColorSpace *,void,OH_Drawing_ColorSpace * OH_Drawing_ColorSpaceCreateSrgb(void)
native_drawing/drawing_color_space.h,67,OH_Drawing_ColorSpaceCreateSrgbLinear,OH_Drawing_ColorSpace *,void,OH_Drawing_ColorSpace * OH_Drawing_ColorSpaceCreateSrgbLinear(void)
native_drawing/drawing_color_space.h,77,OH_Drawing_ColorSpaceDestroy,void,OH_Drawing_ColorSpace * colorSpace,void OH_Drawing_ColorSpaceDestroy(OH_Drawing_ColorSpace *)
native_drawing/drawing_error_code.h,83,OH_Drawing_ErrorCodeGet,OH_Drawing_ErrorCode,void,OH_Drawing_ErrorCode OH_Drawing_ErrorCodeGet(void)
native_drawing/drawing_filter.h,57,OH_Drawing_FilterCreate,OH_Drawing_Filter *,void,OH_Drawing_Filter * OH_Drawing_FilterCreate(void)
native_drawing/drawing_filter.h,111,OH_Drawing_FilterDestroy,void,OH_Drawing_Filter * filter,void OH_Drawing_FilterDestroy(OH_Drawing_Filter *)
native_drawing/drawing_filter.h,101,OH_Drawing_FilterGetColorFilter,void,"OH_Drawing_Filter * filter,OH_Drawing_ColorFilter * colorFilter","void OH_Drawing_FilterGetColorFilter(OH_Drawing_Filter *,OH_Drawing_ColorFilter *)"
native_drawing/drawing_filter.h,90,OH_Drawing_FilterSetColorFilter,void,"OH_Drawing_Filter * filter,OH_Drawing_ColorFilter * colorFilter","void OH_Drawing_FilterSetColorFilter(OH_Drawing_Filter *,OH_Drawing_ColorFilter *)"
native_drawing/drawing_filter.h,68,OH_Drawing_FilterSetImageFilter,void,"OH_Drawing_Filter * filter,OH_Drawing_ImageFilter * imageFilter","void OH_Drawing_FilterSetImageFilter(OH_Drawing_Filter *,OH_Drawing_ImageFilter *)"
native_drawing/drawing_filter.h,79,OH_Drawing_FilterSetMaskFilter,void,"OH_Drawing_Filter * filter,OH_Drawing_MaskFilter * maskFilter","void OH_Drawing_FilterSetMaskFilter(OH_Drawing_Filter *,OH_Drawing_MaskFilter *)"
native_drawing/drawing_font.h,213,OH_Drawing_FontCountText,int,"OH_Drawing_Font * font,const void * text,size_t byteLength,OH_Drawing_TextEncoding encoding","int OH_Drawing_FontCountText(OH_Drawing_Font *,const void *,size_t,OH_Drawing_TextEncoding)"
native_drawing/drawing_font.h,58,OH_Drawing_FontCreate,OH_Drawing_Font *,void,OH_Drawing_Font * OH_Drawing_FontCreate(void)
native_drawing/drawing_font.h,445,OH_Drawing_FontDestroy,void,OH_Drawing_Font * font,void OH_Drawing_FontDestroy(OH_Drawing_Font *)
native_drawing/drawing_font.h,435,OH_Drawing_FontGetEdging,OH_Drawing_FontEdging,const OH_Drawing_Font * font,OH_Drawing_FontEdging OH_Drawing_FontGetEdging(const OH_Drawing_Font *)
native_drawing/drawing_font.h,391,OH_Drawing_FontGetHinting,OH_Drawing_FontHinting,const OH_Drawing_Font * font,OH_Drawing_FontHinting OH_Drawing_FontGetHinting(const OH_Drawing_Font *)
native_drawing/drawing_font.h,498,OH_Drawing_FontGetMetrics,float,"OH_Drawing_Font * font,OH_Drawing_Font_Metrics * fontMetrics","float OH_Drawing_FontGetMetrics(OH_Drawing_Font *,OH_Drawing_Font_Metrics *)"
native_drawing/drawing_font.h,369,OH_Drawing_FontGetScaleX,float,const OH_Drawing_Font * font,float OH_Drawing_FontGetScaleX(const OH_Drawing_Font *)
native_drawing/drawing_font.h,200,OH_Drawing_FontGetTextSize,float,const OH_Drawing_Font * font,float OH_Drawing_FontGetTextSize(const OH_Drawing_Font *)
native_drawing/drawing_font.h,325,OH_Drawing_FontGetTextSkewX,float,const OH_Drawing_Font * font,float OH_Drawing_FontGetTextSkewX(const OH_Drawing_Font *)
native_drawing/drawing_font.h,178,OH_Drawing_FontGetTypeface,OH_Drawing_Typeface *,OH_Drawing_Font * font,OH_Drawing_Typeface * OH_Drawing_FontGetTypeface(OH_Drawing_Font *)
native_drawing/drawing_font.h,244,OH_Drawing_FontGetWidths,void,"const OH_Drawing_Font * font,const uint16_t * glyphs,int count,float * widths","void OH_Drawing_FontGetWidths(const OH_Drawing_Font *,const uint16_t *,int,float *)"
native_drawing/drawing_font.h,112,OH_Drawing_FontIsBaselineSnap,bool,const OH_Drawing_Font * font,bool OH_Drawing_FontIsBaselineSnap(const OH_Drawing_Font *)
native_drawing/drawing_font.h,413,OH_Drawing_FontIsEmbeddedBitmaps,bool,const OH_Drawing_Font * font,bool OH_Drawing_FontIsEmbeddedBitmaps(const OH_Drawing_Font *)
native_drawing/drawing_font.h,347,OH_Drawing_FontIsFakeBoldText,bool,const OH_Drawing_Font * font,bool OH_Drawing_FontIsFakeBoldText(const OH_Drawing_Font *)
native_drawing/drawing_font.h,156,OH_Drawing_FontIsForceAutoHinting,bool,const OH_Drawing_Font * font,bool OH_Drawing_FontIsForceAutoHinting(const OH_Drawing_Font *)
native_drawing/drawing_font.h,303,OH_Drawing_FontIsLinearText,bool,const OH_Drawing_Font * font,bool OH_Drawing_FontIsLinearText(const OH_Drawing_Font *)
native_drawing/drawing_font.h,134,OH_Drawing_FontIsSubpixel,bool,const OH_Drawing_Font * font,bool OH_Drawing_FontIsSubpixel(const OH_Drawing_Font *)
native_drawing/drawing_font.h,525,OH_Drawing_FontIsThemeFontFollowed,OH_Drawing_ErrorCode,"const OH_Drawing_Font * font,bool * followed","OH_Drawing_ErrorCode OH_Drawing_FontIsThemeFontFollowed(const OH_Drawing_Font *,bool *)"
native_drawing/drawing_font.h,260,OH_Drawing_FontMeasureSingleCharacter,OH_Drawing_ErrorCode,"const OH_Drawing_Font * font,const char * str,float * textWidth","OH_Drawing_ErrorCode OH_Drawing_FontMeasureSingleCharacter(const OH_Drawing_Font *,const char *,float *)"
native_drawing/drawing_font.h,280,OH_Drawing_FontMeasureText,OH_Drawing_ErrorCode,"const OH_Drawing_Font * font,const void * text,size_t byteLength,OH_Drawing_TextEncoding encoding,OH_Drawing_Rect * bounds,float * textWidth","OH_Drawing_ErrorCode OH_Drawing_FontMeasureText(const OH_Drawing_Font *,const void *,size_t,OH_Drawing_TextEncoding,OH_Drawing_Rect *,float *)"
native_drawing/drawing_font.h,101,OH_Drawing_FontSetBaselineSnap,void,"OH_Drawing_Font * font,bool baselineSnap","void OH_Drawing_FontSetBaselineSnap(OH_Drawing_Font *,bool)"
native_drawing/drawing_font.h,424,OH_Drawing_FontSetEdging,void,"OH_Drawing_Font * font,OH_Drawing_FontEdging fontEdging","void OH_Drawing_FontSetEdging(OH_Drawing_Font *,OH_Drawing_FontEdging)"
native_drawing/drawing_font.h,402,OH_Drawing_FontSetEmbeddedBitmaps,void,"OH_Drawing_Font * font,bool isEmbeddedBitmaps","void OH_Drawing_FontSetEmbeddedBitmaps(OH_Drawing_Font *,bool)"
native_drawing/drawing_font.h,336,OH_Drawing_FontSetFakeBoldText,void,"OH_Drawing_Font * font,bool isFakeBoldText","void OH_Drawing_FontSetFakeBoldText(OH_Drawing_Font *,bool)"
native_drawing/drawing_font.h,145,OH_Drawing_FontSetForceAutoHinting,void,"OH_Drawing_Font * font,bool isForceAutoHinting","void OH_Drawing_FontSetForceAutoHinting(OH_Drawing_Font *,bool)"
native_drawing/drawing_font.h,380,OH_Drawing_FontSetHinting,void,"OH_Drawing_Font * font,OH_Drawing_FontHinting fontHinting","void OH_Drawing_FontSetHinting(OH_Drawing_Font *,OH_Drawing_FontHinting)"
native_drawing/drawing_font.h,292,OH_Drawing_FontSetLinearText,void,"OH_Drawing_Font * font,bool isLinearText","void OH_Drawing_FontSetLinearText(OH_Drawing_Font *,bool)"
native_drawing/drawing_font.h,358,OH_Drawing_FontSetScaleX,void,"OH_Drawing_Font * font,float scaleX","void OH_Drawing_FontSetScaleX(OH_Drawing_Font *,float)"
native_drawing/drawing_font.h,123,OH_Drawing_FontSetSubpixel,void,"OH_Drawing_Font * font,bool isSubpixel","void OH_Drawing_FontSetSubpixel(OH_Drawing_Font *,bool)"
native_drawing/drawing_font.h,189,OH_Drawing_FontSetTextSize,void,"OH_Drawing_Font * font,float textSize","void OH_Drawing_FontSetTextSize(OH_Drawing_Font *,float)"
native_drawing/drawing_font.h,314,OH_Drawing_FontSetTextSkewX,void,"OH_Drawing_Font * font,float skewX","void OH_Drawing_FontSetTextSkewX(OH_Drawing_Font *,float)"
native_drawing/drawing_font.h,512,OH_Drawing_FontSetThemeFontFollowed,OH_Drawing_ErrorCode,"OH_Drawing_Font * font,bool followed","OH_Drawing_ErrorCode OH_Drawing_FontSetThemeFontFollowed(OH_Drawing_Font *,bool)"
native_drawing/drawing_font.h,167,OH_Drawing_FontSetTypeface,void,"OH_Drawing_Font * font,OH_Drawing_Typeface * typeface","void OH_Drawing_FontSetTypeface(OH_Drawing_Font *,OH_Drawing_Typeface *)"
native_drawing/drawing_font.h,230,OH_Drawing_FontTextToGlyphs,uint32_t,"const OH_Drawing_Font * font,const void * text,uint32_t byteLength,OH_Drawing_TextEncoding encoding,uint16_t * glyphs,int maxGlyphCount","uint32_t OH_Drawing_FontTextToGlyphs(const OH_Drawing_Font *,const void *,uint32_t,OH_Drawing_TextEncoding,uint16_t *,int)"
native_drawing/drawing_font_collection.h,107,OH_Drawing_ClearFontCaches,void,OH_Drawing_FontCollection * fontCollection,void OH_Drawing_ClearFontCaches(OH_Drawing_FontCollection *)
native_drawing/drawing_font_collection.h,56,OH_Drawing_CreateFontCollection,OH_Drawing_FontCollection *,void,OH_Drawing_FontCollection * OH_Drawing_CreateFontCollection(void)
native_drawing/drawing_font_collection.h,97,OH_Drawing_CreateSharedFontCollection,OH_Drawing_FontCollection *,void,OH_Drawing_FontCollection * OH_Drawing_CreateSharedFontCollection(void)
native_drawing/drawing_font_collection.h,66,OH_Drawing_DestroyFontCollection,void,OH_Drawing_FontCollection * fontCollection,void OH_Drawing_DestroyFontCollection(OH_Drawing_FontCollection *)
native_drawing/drawing_font_collection.h,76,OH_Drawing_DisableFontCollectionFallback,void,OH_Drawing_FontCollection * fontCollection,void OH_Drawing_DisableFontCollectionFallback(OH_Drawing_FontCollection *)
native_drawing/drawing_font_collection.h,86,OH_Drawing_DisableFontCollectionSystemFont,void,OH_Drawing_FontCollection * fontCollection,void OH_Drawing_DisableFontCollectionSystemFont(OH_Drawing_FontCollection *)
native_drawing/drawing_font_collection.h,117,OH_Drawing_GetFontCollectionGlobalInstance,OH_Drawing_FontCollection *,void,OH_Drawing_FontCollection * OH_Drawing_GetFontCollectionGlobalInstance(void)
native_drawing/drawing_font_mgr.h,59,OH_Drawing_FontMgrCreate,OH_Drawing_FontMgr *,void,OH_Drawing_FontMgr * OH_Drawing_FontMgrCreate(void)
native_drawing/drawing_font_mgr.h,114,OH_Drawing_FontMgrCreateFontStyleSet,OH_Drawing_FontStyleSet *,"OH_Drawing_FontMgr * drawingFontMgr,int index","OH_Drawing_FontStyleSet * OH_Drawing_FontMgrCreateFontStyleSet(OH_Drawing_FontMgr *,int)"
native_drawing/drawing_font_mgr.h,69,OH_Drawing_FontMgrDestroy,void,OH_Drawing_FontMgr * drawingFontMgr,void OH_Drawing_FontMgrDestroy(OH_Drawing_FontMgr *)
native_drawing/drawing_font_mgr.h,102,OH_Drawing_FontMgrDestroyFamilyName,void,char * familyName,void OH_Drawing_FontMgrDestroyFamilyName(char *)
native_drawing/drawing_font_mgr.h,124,OH_Drawing_FontMgrDestroyFontStyleSet,void,OH_Drawing_FontStyleSet * drawingFontStyleSet,void OH_Drawing_FontMgrDestroyFontStyleSet(OH_Drawing_FontStyleSet *)
native_drawing/drawing_font_mgr.h,80,OH_Drawing_FontMgrGetFamilyCount,int,OH_Drawing_FontMgr * drawingFontMgr,int OH_Drawing_FontMgrGetFamilyCount(OH_Drawing_FontMgr *)
native_drawing/drawing_font_mgr.h,92,OH_Drawing_FontMgrGetFamilyName,char *,"OH_Drawing_FontMgr * drawingFontMgr,int index","char * OH_Drawing_FontMgrGetFamilyName(OH_Drawing_FontMgr *,int)"
native_drawing/drawing_font_mgr.h,136,OH_Drawing_FontMgrMatchFamily,OH_Drawing_FontStyleSet *,"OH_Drawing_FontMgr * drawingFontMgr,const char * familyName","OH_Drawing_FontStyleSet * OH_Drawing_FontMgrMatchFamily(OH_Drawing_FontMgr *,const char *)"
native_drawing/drawing_font_mgr.h,149,OH_Drawing_FontMgrMatchFamilyStyle,OH_Drawing_Typeface *,"OH_Drawing_FontMgr * drawingFontMgr,const char * familyName,OH_Drawing_FontStyleStruct fontStyle","OH_Drawing_Typeface * OH_Drawing_FontMgrMatchFamilyStyle(OH_Drawing_FontMgr *,const char *,OH_Drawing_FontStyleStruct)"
native_drawing/drawing_font_mgr.h,166,OH_Drawing_FontMgrMatchFamilyStyleCharacter,OH_Drawing_Typeface *,"OH_Drawing_FontMgr * drawingFontMgr,const char * familyName,OH_Drawing_FontStyleStruct fontStyle,const char * bcp47[],int bcp47Count,int32_t character","OH_Drawing_Typeface * OH_Drawing_FontMgrMatchFamilyStyleCharacter(OH_Drawing_FontMgr *,const char *,OH_Drawing_FontStyleStruct,const char * bcp47[],int,int32_t)"
native_drawing/drawing_font_mgr.h,228,OH_Drawing_FontStyleSetCount,int,OH_Drawing_FontStyleSet * fontStyleSet,int OH_Drawing_FontStyleSetCount(OH_Drawing_FontStyleSet *)
native_drawing/drawing_font_mgr.h,180,OH_Drawing_FontStyleSetCreateTypeface,OH_Drawing_Typeface *,"OH_Drawing_FontStyleSet * fontStyleSet,int index","OH_Drawing_Typeface * OH_Drawing_FontStyleSetCreateTypeface(OH_Drawing_FontStyleSet *,int)"
native_drawing/drawing_font_mgr.h,204,OH_Drawing_FontStyleSetFreeStyleName,void,char ** styleName,void OH_Drawing_FontStyleSetFreeStyleName(char **)
native_drawing/drawing_font_mgr.h,193,OH_Drawing_FontStyleSetGetStyle,OH_Drawing_FontStyleStruct,"OH_Drawing_FontStyleSet * fontStyleSet,int32_t index,char ** styleName","OH_Drawing_FontStyleStruct OH_Drawing_FontStyleSetGetStyle(OH_Drawing_FontStyleSet *,int32_t,char **)"
native_drawing/drawing_font_mgr.h,216,OH_Drawing_FontStyleSetMatchStyle,OH_Drawing_Typeface *,"OH_Drawing_FontStyleSet * fontStyleSet,OH_Drawing_FontStyleStruct fontStyleStruct","OH_Drawing_Typeface * OH_Drawing_FontStyleSetMatchStyle(OH_Drawing_FontStyleSet *,OH_Drawing_FontStyleStruct)"
native_drawing/drawing_gpu_context.h,79,OH_Drawing_GpuContextCreate,OH_Drawing_GpuContext *,void,OH_Drawing_GpuContext * OH_Drawing_GpuContextCreate(void)
native_drawing/drawing_gpu_context.h,69,OH_Drawing_GpuContextCreateFromGL,OH_Drawing_GpuContext *,OH_Drawing_GpuContextOptions gpuContextOptions,OH_Drawing_GpuContext * OH_Drawing_GpuContextCreateFromGL(OH_Drawing_GpuContextOptions)
native_drawing/drawing_gpu_context.h,89,OH_Drawing_GpuContextDestroy,void,OH_Drawing_GpuContext * gpuContext,void OH_Drawing_GpuContextDestroy(OH_Drawing_GpuContext *)
native_drawing/drawing_image.h,79,OH_Drawing_ImageBuildFromBitmap,bool,"OH_Drawing_Image * image,OH_Drawing_Bitmap * bitmap","bool OH_Drawing_ImageBuildFromBitmap(OH_Drawing_Image *,OH_Drawing_Bitmap *)"
native_drawing/drawing_image.h,57,OH_Drawing_ImageCreate,OH_Drawing_Image *,void,OH_Drawing_Image * OH_Drawing_ImageCreate(void)
native_drawing/drawing_image.h,67,OH_Drawing_ImageDestroy,void,OH_Drawing_Image * image,void OH_Drawing_ImageDestroy(OH_Drawing_Image *)
native_drawing/drawing_image.h,101,OH_Drawing_ImageGetHeight,int32_t,OH_Drawing_Image * image,int32_t OH_Drawing_ImageGetHeight(OH_Drawing_Image *)
native_drawing/drawing_image.h,112,OH_Drawing_ImageGetImageInfo,void,"OH_Drawing_Image * image,OH_Drawing_Image_Info * imageInfo","void OH_Drawing_ImageGetImageInfo(OH_Drawing_Image *,OH_Drawing_Image_Info *)"
native_drawing/drawing_image.h,90,OH_Drawing_ImageGetWidth,int32_t,OH_Drawing_Image * image,int32_t OH_Drawing_ImageGetWidth(OH_Drawing_Image *)
native_drawing/drawing_image_filter.h,63,OH_Drawing_ImageFilterCreateBlur,OH_Drawing_ImageFilter *,"float sigmaX,float sigmaY,OH_Drawing_TileMode tileMode,OH_Drawing_ImageFilter * imageFilter","OH_Drawing_ImageFilter * OH_Drawing_ImageFilterCreateBlur(float,float,OH_Drawing_TileMode,OH_Drawing_ImageFilter *)"
native_drawing/drawing_image_filter.h,79,OH_Drawing_ImageFilterCreateFromColorFilter,OH_Drawing_ImageFilter *,"OH_Drawing_ColorFilter * colorFilter,OH_Drawing_ImageFilter * imageFilter","OH_Drawing_ImageFilter * OH_Drawing_ImageFilterCreateFromColorFilter(OH_Drawing_ColorFilter *,OH_Drawing_ImageFilter *)"
native_drawing/drawing_image_filter.h,90,OH_Drawing_ImageFilterDestroy,void,OH_Drawing_ImageFilter * imageFilter,void OH_Drawing_ImageFilterDestroy(OH_Drawing_ImageFilter *)
native_drawing/drawing_mask_filter.h,85,OH_Drawing_MaskFilterCreateBlur,OH_Drawing_MaskFilter *,"OH_Drawing_BlurType blurType,float sigma,bool respectCTM","OH_Drawing_MaskFilter * OH_Drawing_MaskFilterCreateBlur(OH_Drawing_BlurType,float,bool)"
native_drawing/drawing_mask_filter.h,95,OH_Drawing_MaskFilterDestroy,void,OH_Drawing_MaskFilter * maskFilter,void OH_Drawing_MaskFilterDestroy(OH_Drawing_MaskFilter *)
native_drawing/drawing_matrix.h,356,OH_Drawing_MatrixConcat,void,"OH_Drawing_Matrix * total,const OH_Drawing_Matrix * a,const OH_Drawing_Matrix * b","void OH_Drawing_MatrixConcat(OH_Drawing_Matrix *,const OH_Drawing_Matrix *,const OH_Drawing_Matrix *)"
native_drawing/drawing_matrix.h,58,OH_Drawing_MatrixCreate,OH_Drawing_Matrix *,void,OH_Drawing_Matrix * OH_Drawing_MatrixCreate(void)
native_drawing/drawing_matrix.h,71,OH_Drawing_MatrixCreateRotation,OH_Drawing_Matrix *,"float deg,float x,float y","OH_Drawing_Matrix * OH_Drawing_MatrixCreateRotation(float,float,float)"
native_drawing/drawing_matrix.h,86,OH_Drawing_MatrixCreateScale,OH_Drawing_Matrix *,"float sx,float sy,float px,float py","OH_Drawing_Matrix * OH_Drawing_MatrixCreateScale(float,float,float,float)"
native_drawing/drawing_matrix.h,98,OH_Drawing_MatrixCreateTranslation,OH_Drawing_Matrix *,"float dx,float dy","OH_Drawing_Matrix * OH_Drawing_MatrixCreateTranslation(float,float)"
native_drawing/drawing_matrix.h,514,OH_Drawing_MatrixDestroy,void,OH_Drawing_Matrix * matrix,void OH_Drawing_MatrixDestroy(OH_Drawing_Matrix *)
native_drawing/drawing_matrix.h,371,OH_Drawing_MatrixGetAll,OH_Drawing_ErrorCode,"OH_Drawing_Matrix * matrix,float value[9]","OH_Drawing_ErrorCode OH_Drawing_MatrixGetAll(OH_Drawing_Matrix *,float value[9])"
native_drawing/drawing_matrix.h,382,OH_Drawing_MatrixGetValue,float,"OH_Drawing_Matrix * matrix,int index","float OH_Drawing_MatrixGetValue(OH_Drawing_Matrix *,int)"
native_drawing/drawing_matrix.h,435,OH_Drawing_MatrixInvert,bool,"OH_Drawing_Matrix * matrix,OH_Drawing_Matrix * inverse","bool OH_Drawing_MatrixInvert(OH_Drawing_Matrix *,OH_Drawing_Matrix *)"
native_drawing/drawing_matrix.h,490,OH_Drawing_MatrixIsEqual,bool,"OH_Drawing_Matrix * matrix,OH_Drawing_Matrix * other","bool OH_Drawing_MatrixIsEqual(OH_Drawing_Matrix *,OH_Drawing_Matrix *)"
native_drawing/drawing_matrix.h,504,OH_Drawing_MatrixIsIdentity,bool,OH_Drawing_Matrix * matrix,bool OH_Drawing_MatrixIsIdentity(OH_Drawing_Matrix *)
native_drawing/drawing_matrix.h,464,OH_Drawing_MatrixMapPoints,void,"const OH_Drawing_Matrix * matrix,const OH_Drawing_Point2D * src,OH_Drawing_Point2D * dst,int count","void OH_Drawing_MatrixMapPoints(const OH_Drawing_Matrix *,const OH_Drawing_Point2D *,OH_Drawing_Point2D *,int)"
native_drawing/drawing_matrix.h,478,OH_Drawing_MatrixMapRect,bool,"const OH_Drawing_Matrix * matrix,const OH_Drawing_Rect * src,OH_Drawing_Rect * dst","bool OH_Drawing_MatrixMapRect(const OH_Drawing_Matrix *,const OH_Drawing_Rect *,OH_Drawing_Rect *)"
native_drawing/drawing_matrix.h,276,OH_Drawing_MatrixPostRotate,void,"OH_Drawing_Matrix * matrix,float degree,float px,float py","void OH_Drawing_MatrixPostRotate(OH_Drawing_Matrix *,float,float,float)"
native_drawing/drawing_matrix.h,301,OH_Drawing_MatrixPostScale,void,"OH_Drawing_Matrix * matrix,float sx,float sy,float px,float py","void OH_Drawing_MatrixPostScale(OH_Drawing_Matrix *,float,float,float,float)"
native_drawing/drawing_matrix.h,324,OH_Drawing_MatrixPostTranslate,void,"OH_Drawing_Matrix * matrix,float dx,float dy","void OH_Drawing_MatrixPostTranslate(OH_Drawing_Matrix *,float,float)"
native_drawing/drawing_matrix.h,194,OH_Drawing_MatrixPreRotate,void,"OH_Drawing_Matrix * matrix,float degree,float px,float py","void OH_Drawing_MatrixPreRotate(OH_Drawing_Matrix *,float,float,float)"
native_drawing/drawing_matrix.h,224,OH_Drawing_MatrixPreScale,void,"OH_Drawing_Matrix * matrix,float sx,float sy,float px,float py","void OH_Drawing_MatrixPreScale(OH_Drawing_Matrix *,float,float,float,float)"
native_drawing/drawing_matrix.h,244,OH_Drawing_MatrixPreTranslate,void,"OH_Drawing_Matrix * matrix,float dx,float dy","void OH_Drawing_MatrixPreTranslate(OH_Drawing_Matrix *,float,float)"
native_drawing/drawing_matrix.h,337,OH_Drawing_MatrixReset,void,OH_Drawing_Matrix * matrix,void OH_Drawing_MatrixReset(OH_Drawing_Matrix *)
native_drawing/drawing_matrix.h,396,OH_Drawing_MatrixRotate,void,"OH_Drawing_Matrix * matrix,float degree,float px,float py","void OH_Drawing_MatrixRotate(OH_Drawing_Matrix *,float,float,float)"
native_drawing/drawing_matrix.h,422,OH_Drawing_MatrixScale,void,"OH_Drawing_Matrix * matrix,float sx,float sy,float px,float py","void OH_Drawing_MatrixScale(OH_Drawing_Matrix *,float,float,float,float)"
native_drawing/drawing_matrix.h,117,OH_Drawing_MatrixSetMatrix,void,"OH_Drawing_Matrix * matrix,float scaleX,float skewX,float transX,float skewY,float scaleY,float transY,float persp0,float persp1,float persp2","void OH_Drawing_MatrixSetMatrix(OH_Drawing_Matrix *,float,float,float,float,float,float,float,float,float)"
native_drawing/drawing_matrix.h,450,OH_Drawing_MatrixSetPolyToPoly,bool,"OH_Drawing_Matrix * matrix,const OH_Drawing_Point2D * src,const OH_Drawing_Point2D * dst,uint32_t count","bool OH_Drawing_MatrixSetPolyToPoly(OH_Drawing_Matrix *,const OH_Drawing_Point2D *,const OH_Drawing_Point2D *,uint32_t)"
native_drawing/drawing_matrix.h,161,OH_Drawing_MatrixSetRectToRect,bool,"OH_Drawing_Matrix * matrix,const OH_Drawing_Rect * src,const OH_Drawing_Rect * dst,OH_Drawing_ScaleToFit stf","bool OH_Drawing_MatrixSetRectToRect(OH_Drawing_Matrix *,const OH_Drawing_Rect *,const OH_Drawing_Rect *,OH_Drawing_ScaleToFit)"
native_drawing/drawing_matrix.h,408,OH_Drawing_MatrixTranslate,void,"OH_Drawing_Matrix * matrix,float dx,float dy","void OH_Drawing_MatrixTranslate(OH_Drawing_Matrix *,float,float)"
native_drawing/drawing_memory_stream.h,60,OH_Drawing_MemoryStreamCreate,OH_Drawing_MemoryStream *,"const void * data,size_t length,bool copyData","OH_Drawing_MemoryStream * OH_Drawing_MemoryStreamCreate(const void *,size_t,bool)"
native_drawing/drawing_memory_stream.h,70,OH_Drawing_MemoryStreamDestroy,void,OH_Drawing_MemoryStream * memoryStream,void OH_Drawing_MemoryStreamDestroy(OH_Drawing_MemoryStream *)
native_drawing/drawing_path.h,420,OH_Drawing_PathAddArc,void,"OH_Drawing_Path * path,const OH_Drawing_Rect * rect,float startAngle,float sweepAngle","void OH_Drawing_PathAddArc(OH_Drawing_Path *,const OH_Drawing_Rect *,float,float)"
native_drawing/drawing_path.h,505,OH_Drawing_PathAddCircle,void,"OH_Drawing_Path * path,float x,float y,float radius,OH_Drawing_PathDirection pathDirection","void OH_Drawing_PathAddCircle(OH_Drawing_Path *,float,float,float,OH_Drawing_PathDirection)"
native_drawing/drawing_path.h,402,OH_Drawing_PathAddOval,void,"OH_Drawing_Path * path,const OH_Drawing_Rect * rect,OH_Drawing_PathDirection pathDirection","void OH_Drawing_PathAddOval(OH_Drawing_Path *,const OH_Drawing_Rect *,OH_Drawing_PathDirection)"
native_drawing/drawing_path.h,389,OH_Drawing_PathAddOvalWithInitialPoint,void,"OH_Drawing_Path * path,const OH_Drawing_Rect * rect,uint32_t start,OH_Drawing_PathDirection pathDirection","void OH_Drawing_PathAddOvalWithInitialPoint(OH_Drawing_Path *,const OH_Drawing_Rect *,uint32_t,OH_Drawing_PathDirection)"
native_drawing/drawing_path.h,433,OH_Drawing_PathAddPath,void,"OH_Drawing_Path * path,const OH_Drawing_Path * src,const OH_Drawing_Matrix * matrix","void OH_Drawing_PathAddPath(OH_Drawing_Path *,const OH_Drawing_Path *,const OH_Drawing_Matrix *)"
native_drawing/drawing_path.h,447,OH_Drawing_PathAddPathWithMatrixAndMode,void,"OH_Drawing_Path * path,const OH_Drawing_Path * src,const OH_Drawing_Matrix * matrix,OH_Drawing_PathAddMode pathAddMode","void OH_Drawing_PathAddPathWithMatrixAndMode(OH_Drawing_Path *,const OH_Drawing_Path *,const OH_Drawing_Matrix *,OH_Drawing_PathAddMode)"
native_drawing/drawing_path.h,461,OH_Drawing_PathAddPathWithMode,void,"OH_Drawing_Path * path,const OH_Drawing_Path * src,OH_Drawing_PathAddMode pathAddMode","void OH_Drawing_PathAddPathWithMode(OH_Drawing_Path *,const OH_Drawing_Path *,OH_Drawing_PathAddMode)"
native_drawing/drawing_path.h,477,OH_Drawing_PathAddPathWithOffsetAndMode,void,"OH_Drawing_Path * path,const OH_Drawing_Path * src,float dx,float dy,OH_Drawing_PathAddMode pathAddMode","void OH_Drawing_PathAddPathWithOffsetAndMode(OH_Drawing_Path *,const OH_Drawing_Path *,float,float,OH_Drawing_PathAddMode)"
native_drawing/drawing_path.h,491,OH_Drawing_PathAddPolygon,void,"OH_Drawing_Path * path,const OH_Drawing_Point2D * points,uint32_t count,bool isClosed","void OH_Drawing_PathAddPolygon(OH_Drawing_Path *,const OH_Drawing_Point2D *,uint32_t,bool)"
native_drawing/drawing_path.h,348,OH_Drawing_PathAddRect,void,"OH_Drawing_Path * path,float left,float top,float right,float bottom,OH_Drawing_PathDirection pathDirection","void OH_Drawing_PathAddRect(OH_Drawing_Path *,float,float,float,float,OH_Drawing_PathDirection)"
native_drawing/drawing_path.h,362,OH_Drawing_PathAddRectWithInitialCorner,void,"OH_Drawing_Path * path,const OH_Drawing_Rect * rect,OH_Drawing_PathDirection pathDirection,uint32_t start","void OH_Drawing_PathAddRectWithInitialCorner(OH_Drawing_Path *,const OH_Drawing_Rect *,OH_Drawing_PathDirection,uint32_t)"
native_drawing/drawing_path.h,375,OH_Drawing_PathAddRoundRect,void,"OH_Drawing_Path * path,const OH_Drawing_RoundRect * roundRect,OH_Drawing_PathDirection pathDirection","void OH_Drawing_PathAddRoundRect(OH_Drawing_Path *,const OH_Drawing_RoundRect *,OH_Drawing_PathDirection)"
native_drawing/drawing_path.h,216,OH_Drawing_PathArcTo,void,"OH_Drawing_Path * path,float x1,float y1,float x2,float y2,float startDeg,float sweepDeg","void OH_Drawing_PathArcTo(OH_Drawing_Path *,float,float,float,float,float,float)"
native_drawing/drawing_path.h,518,OH_Drawing_PathBuildFromSvgString,bool,"OH_Drawing_Path * path,const char * str","bool OH_Drawing_PathBuildFromSvgString(OH_Drawing_Path *,const char *)"
native_drawing/drawing_path.h,602,OH_Drawing_PathClose,void,OH_Drawing_Path * path,void OH_Drawing_PathClose(OH_Drawing_Path *)
native_drawing/drawing_path.h,246,OH_Drawing_PathConicTo,void,"OH_Drawing_Path * path,float ctrlX,float ctrlY,float endX,float endY,float weight","void OH_Drawing_PathConicTo(OH_Drawing_Path *,float,float,float,float,float)"
native_drawing/drawing_path.h,531,OH_Drawing_PathContains,bool,"OH_Drawing_Path * path,float x,float y","bool OH_Drawing_PathContains(OH_Drawing_Path *,float,float)"
native_drawing/drawing_path.h,161,OH_Drawing_PathCopy,OH_Drawing_Path *,OH_Drawing_Path * path,OH_Drawing_Path * OH_Drawing_PathCopy(OH_Drawing_Path *)
native_drawing/drawing_path.h,150,OH_Drawing_PathCreate,OH_Drawing_Path *,void,OH_Drawing_Path * OH_Drawing_PathCreate(void)
native_drawing/drawing_path.h,262,OH_Drawing_PathCubicTo,void,"OH_Drawing_Path * path,float ctrlX1,float ctrlY1,float ctrlX2,float ctrlY2,float endX,float endY","void OH_Drawing_PathCubicTo(OH_Drawing_Path *,float,float,float,float,float,float)"
native_drawing/drawing_path.h,171,OH_Drawing_PathDestroy,void,OH_Drawing_Path * path,void OH_Drawing_PathDestroy(OH_Drawing_Path *)
native_drawing/drawing_path.h,592,OH_Drawing_PathGetBounds,void,"OH_Drawing_Path * path,OH_Drawing_Rect * rect","void OH_Drawing_PathGetBounds(OH_Drawing_Path *,OH_Drawing_Rect *)"
native_drawing/drawing_path.h,581,OH_Drawing_PathGetLength,float,"OH_Drawing_Path * path,bool forceClosed","float OH_Drawing_PathGetLength(OH_Drawing_Path *,bool)"
native_drawing/drawing_path.h,682,OH_Drawing_PathGetMatrix,bool,"OH_Drawing_Path * path,bool forceClosed,float distance,OH_Drawing_Matrix * matrix,OH_Drawing_PathMeasureMatrixFlags flag","bool OH_Drawing_PathGetMatrix(OH_Drawing_Path *,bool,float,OH_Drawing_Matrix *,OH_Drawing_PathMeasureMatrixFlags)"
native_drawing/drawing_path.h,652,OH_Drawing_PathGetPositionTangent,bool,"OH_Drawing_Path * path,bool forceClosed,float distance,OH_Drawing_Point2D * position,OH_Drawing_Point2D * tangent","bool OH_Drawing_PathGetPositionTangent(OH_Drawing_Path *,bool,float,OH_Drawing_Point2D *,OH_Drawing_Point2D *)"
native_drawing/drawing_path.h,637,OH_Drawing_PathIsClosed,bool,"OH_Drawing_Path * path,bool forceClosed","bool OH_Drawing_PathIsClosed(OH_Drawing_Path *,bool)"
native_drawing/drawing_path.h,195,OH_Drawing_PathLineTo,void,"OH_Drawing_Path * path,float x,float y","void OH_Drawing_PathLineTo(OH_Drawing_Path *,float,float)"
native_drawing/drawing_path.h,183,OH_Drawing_PathMoveTo,void,"OH_Drawing_Path * path,float x,float y","void OH_Drawing_PathMoveTo(OH_Drawing_Path *,float,float)"
native_drawing/drawing_path.h,615,OH_Drawing_PathOffset,void,"OH_Drawing_Path * path,OH_Drawing_Path * dst,float dx,float dy","void OH_Drawing_PathOffset(OH_Drawing_Path *,OH_Drawing_Path *,float,float)"
native_drawing/drawing_path.h,666,OH_Drawing_PathOp,bool,"OH_Drawing_Path * path,const OH_Drawing_Path * other,OH_Drawing_PathOpMode op","bool OH_Drawing_PathOp(OH_Drawing_Path *,const OH_Drawing_Path *,OH_Drawing_PathOpMode)"
native_drawing/drawing_path.h,231,OH_Drawing_PathQuadTo,void,"OH_Drawing_Path * path,float ctrlX,float ctrlY,float endX,float endY","void OH_Drawing_PathQuadTo(OH_Drawing_Path *,float,float,float,float)"
native_drawing/drawing_path.h,316,OH_Drawing_PathRConicTo,void,"OH_Drawing_Path * path,float ctrlX,float ctrlY,float endX,float endY,float weight","void OH_Drawing_PathRConicTo(OH_Drawing_Path *,float,float,float,float,float)"
native_drawing/drawing_path.h,332,OH_Drawing_PathRCubicTo,void,"OH_Drawing_Path * path,float ctrlX1,float ctrlY1,float ctrlX2,float ctrlY2,float endX,float endY","void OH_Drawing_PathRCubicTo(OH_Drawing_Path *,float,float,float,float,float,float)"
native_drawing/drawing_path.h,287,OH_Drawing_PathRLineTo,void,"OH_Drawing_Path * path,float x,float y","void OH_Drawing_PathRLineTo(OH_Drawing_Path *,float,float)"
native_drawing/drawing_path.h,275,OH_Drawing_PathRMoveTo,void,"OH_Drawing_Path * path,float x,float y","void OH_Drawing_PathRMoveTo(OH_Drawing_Path *,float,float)"
native_drawing/drawing_path.h,301,OH_Drawing_PathRQuadTo,void,"OH_Drawing_Path * path,float ctrlX,float ctrlY,float endX,float endY","void OH_Drawing_PathRQuadTo(OH_Drawing_Path *,float,float,float,float)"
native_drawing/drawing_path.h,625,OH_Drawing_PathReset,void,OH_Drawing_Path * path,void OH_Drawing_PathReset(OH_Drawing_Path *)
native_drawing/drawing_path.h,569,OH_Drawing_PathSetFillType,void,"OH_Drawing_Path * path,OH_Drawing_PathFillType pathFillType","void OH_Drawing_PathSetFillType(OH_Drawing_Path *,OH_Drawing_PathFillType)"
native_drawing/drawing_path.h,543,OH_Drawing_PathTransform,void,"OH_Drawing_Path * path,const OH_Drawing_Matrix * matrix","void OH_Drawing_PathTransform(OH_Drawing_Path *,const OH_Drawing_Matrix *)"
native_drawing/drawing_path.h,557,OH_Drawing_PathTransformWithPerspectiveClip,void,"OH_Drawing_Path * src,const OH_Drawing_Matrix * matrix,OH_Drawing_Path * dst,bool applyPerspectiveClip","void OH_Drawing_PathTransformWithPerspectiveClip(OH_Drawing_Path *,const OH_Drawing_Matrix *,OH_Drawing_Path *,bool)"
native_drawing/drawing_path_effect.h,60,OH_Drawing_CreateDashPathEffect,OH_Drawing_PathEffect *,"float * intervals,int count,float phase","OH_Drawing_PathEffect * OH_Drawing_CreateDashPathEffect(float *,int,float)"
native_drawing/drawing_path_effect.h,70,OH_Drawing_PathEffectDestroy,void,OH_Drawing_PathEffect * pathEffect,void OH_Drawing_PathEffectDestroy(OH_Drawing_PathEffect *)
native_drawing/drawing_pen.h,70,OH_Drawing_PenCopy,OH_Drawing_Pen *,OH_Drawing_Pen * pen,OH_Drawing_Pen * OH_Drawing_PenCopy(OH_Drawing_Pen *)
native_drawing/drawing_pen.h,57,OH_Drawing_PenCreate,OH_Drawing_Pen *,void,OH_Drawing_Pen * OH_Drawing_PenCreate(void)
native_drawing/drawing_pen.h,80,OH_Drawing_PenDestroy,void,OH_Drawing_Pen * pen,void OH_Drawing_PenDestroy(OH_Drawing_Pen *)
native_drawing/drawing_pen.h,138,OH_Drawing_PenGetAlpha,uint8_t,const OH_Drawing_Pen * pen,uint8_t OH_Drawing_PenGetAlpha(const OH_Drawing_Pen *)
native_drawing/drawing_pen.h,234,OH_Drawing_PenGetCap,OH_Drawing_PenLineCapStyle,const OH_Drawing_Pen * pen,OH_Drawing_PenLineCapStyle OH_Drawing_PenGetCap(const OH_Drawing_Pen *)
native_drawing/drawing_pen.h,116,OH_Drawing_PenGetColor,uint32_t,const OH_Drawing_Pen * pen,uint32_t OH_Drawing_PenGetColor(const OH_Drawing_Pen *)
native_drawing/drawing_pen.h,369,OH_Drawing_PenGetFillPath,bool,"OH_Drawing_Pen * pen,const OH_Drawing_Path * src,OH_Drawing_Path * dst,const OH_Drawing_Rect * rect,const OH_Drawing_Matrix * matrix","bool OH_Drawing_PenGetFillPath(OH_Drawing_Pen *,const OH_Drawing_Path *,OH_Drawing_Path *,const OH_Drawing_Rect *,const OH_Drawing_Matrix *)"
native_drawing/drawing_pen.h,341,OH_Drawing_PenGetFilter,void,"OH_Drawing_Pen * pen,OH_Drawing_Filter * filter","void OH_Drawing_PenGetFilter(OH_Drawing_Pen *,OH_Drawing_Filter *)"
native_drawing/drawing_pen.h,275,OH_Drawing_PenGetJoin,OH_Drawing_PenLineJoinStyle,const OH_Drawing_Pen * pen,OH_Drawing_PenLineJoinStyle OH_Drawing_PenGetJoin(const OH_Drawing_Pen *)
native_drawing/drawing_pen.h,185,OH_Drawing_PenGetMiterLimit,float,const OH_Drawing_Pen * pen,float OH_Drawing_PenGetMiterLimit(const OH_Drawing_Pen *)
native_drawing/drawing_pen.h,160,OH_Drawing_PenGetWidth,float,const OH_Drawing_Pen * pen,float OH_Drawing_PenGetWidth(const OH_Drawing_Pen *)
native_drawing/drawing_pen.h,92,OH_Drawing_PenIsAntiAlias,bool,const OH_Drawing_Pen * pen,bool OH_Drawing_PenIsAntiAlias(const OH_Drawing_Pen *)
native_drawing/drawing_pen.h,380,OH_Drawing_PenReset,void,OH_Drawing_Pen * pen,void OH_Drawing_PenReset(OH_Drawing_Pen *)
native_drawing/drawing_pen.h,149,OH_Drawing_PenSetAlpha,void,"OH_Drawing_Pen * pen,uint8_t alpha","void OH_Drawing_PenSetAlpha(OH_Drawing_Pen *,uint8_t)"
native_drawing/drawing_pen.h,105,OH_Drawing_PenSetAntiAlias,void,"OH_Drawing_Pen * pen,bool antiAlias","void OH_Drawing_PenSetAntiAlias(OH_Drawing_Pen *,bool)"
native_drawing/drawing_pen.h,352,OH_Drawing_PenSetBlendMode,void,"OH_Drawing_Pen * pen,OH_Drawing_BlendMode blendMode","void OH_Drawing_PenSetBlendMode(OH_Drawing_Pen *,OH_Drawing_BlendMode)"
native_drawing/drawing_pen.h,245,OH_Drawing_PenSetCap,void,"OH_Drawing_Pen * pen,OH_Drawing_PenLineCapStyle capStyle","void OH_Drawing_PenSetCap(OH_Drawing_Pen *,OH_Drawing_PenLineCapStyle)"
native_drawing/drawing_pen.h,127,OH_Drawing_PenSetColor,void,"OH_Drawing_Pen * pen,uint32_t color","void OH_Drawing_PenSetColor(OH_Drawing_Pen *,uint32_t)"
native_drawing/drawing_pen.h,330,OH_Drawing_PenSetFilter,void,"OH_Drawing_Pen * pen,OH_Drawing_Filter * filter","void OH_Drawing_PenSetFilter(OH_Drawing_Pen *,OH_Drawing_Filter *)"
native_drawing/drawing_pen.h,286,OH_Drawing_PenSetJoin,void,"OH_Drawing_Pen * pen,OH_Drawing_PenLineJoinStyle joinStyle","void OH_Drawing_PenSetJoin(OH_Drawing_Pen *,OH_Drawing_PenLineJoinStyle)"
native_drawing/drawing_pen.h,199,OH_Drawing_PenSetMiterLimit,void,"OH_Drawing_Pen * pen,float miter","void OH_Drawing_PenSetMiterLimit(OH_Drawing_Pen *,float)"
native_drawing/drawing_pen.h,319,OH_Drawing_PenSetPathEffect,void,"OH_Drawing_Pen * pen,OH_Drawing_PathEffect * pathEffect","void OH_Drawing_PenSetPathEffect(OH_Drawing_Pen *,OH_Drawing_PathEffect *)"
native_drawing/drawing_pen.h,297,OH_Drawing_PenSetShaderEffect,void,"OH_Drawing_Pen * pen,OH_Drawing_ShaderEffect * shaderEffect","void OH_Drawing_PenSetShaderEffect(OH_Drawing_Pen *,OH_Drawing_ShaderEffect *)"
native_drawing/drawing_pen.h,308,OH_Drawing_PenSetShadowLayer,void,"OH_Drawing_Pen * pen,OH_Drawing_ShadowLayer * shadowLayer","void OH_Drawing_PenSetShadowLayer(OH_Drawing_Pen *,OH_Drawing_ShadowLayer *)"
native_drawing/drawing_pen.h,171,OH_Drawing_PenSetWidth,void,"OH_Drawing_Pen * pen,float width","void OH_Drawing_PenSetWidth(OH_Drawing_Pen *,float)"
native_drawing/drawing_pixel_map.h,96,OH_Drawing_PixelMapDissolve,void,OH_Drawing_PixelMap * pixelMap,void OH_Drawing_PixelMapDissolve(OH_Drawing_PixelMap *)
native_drawing/drawing_pixel_map.h,72,OH_Drawing_PixelMapGetFromNativePixelMap,OH_Drawing_PixelMap *,NativePixelMap_ * nativePixelMap,OH_Drawing_PixelMap * OH_Drawing_PixelMapGetFromNativePixelMap(NativePixelMap_ *)
native_drawing/drawing_pixel_map.h,85,OH_Drawing_PixelMapGetFromOhPixelMapNative,OH_Drawing_PixelMap *,OH_PixelmapNative * pixelmapNative,OH_Drawing_PixelMap * OH_Drawing_PixelMapGetFromOhPixelMapNative(OH_PixelmapNative *)
native_drawing/drawing_point.h,60,OH_Drawing_PointCreate,OH_Drawing_Point *,"float x,float y","OH_Drawing_Point * OH_Drawing_PointCreate(float,float)"
native_drawing/drawing_point.h,113,OH_Drawing_PointDestroy,void,OH_Drawing_Point * point,void OH_Drawing_PointDestroy(OH_Drawing_Point *)
native_drawing/drawing_point.h,74,OH_Drawing_PointGetX,OH_Drawing_ErrorCode,"const OH_Drawing_Point * point,float * x","OH_Drawing_ErrorCode OH_Drawing_PointGetX(const OH_Drawing_Point *,float *)"
native_drawing/drawing_point.h,88,OH_Drawing_PointGetY,OH_Drawing_ErrorCode,"const OH_Drawing_Point * point,float * y","OH_Drawing_ErrorCode OH_Drawing_PointGetY(const OH_Drawing_Point *,float *)"
native_drawing/drawing_point.h,103,OH_Drawing_PointSet,OH_Drawing_ErrorCode,"OH_Drawing_Point * point,float x,float y","OH_Drawing_ErrorCode OH_Drawing_PointSet(OH_Drawing_Point *,float,float)"
native_drawing/drawing_record_cmd.h,119,OH_Drawing_RecordCmdDestroy,OH_Drawing_ErrorCode,OH_Drawing_RecordCmd * recordCmd,OH_Drawing_ErrorCode OH_Drawing_RecordCmdDestroy(OH_Drawing_RecordCmd *)
native_drawing/drawing_record_cmd.h,89,OH_Drawing_RecordCmdUtilsBeginRecording,OH_Drawing_ErrorCode,"OH_Drawing_RecordCmdUtils * recordCmdUtils,int32_t width,int32_t height,OH_Drawing_Canvas ** canvas","OH_Drawing_ErrorCode OH_Drawing_RecordCmdUtilsBeginRecording(OH_Drawing_RecordCmdUtils *,int32_t,int32_t,OH_Drawing_Canvas **)"
native_drawing/drawing_record_cmd.h,58,OH_Drawing_RecordCmdUtilsCreate,OH_Drawing_RecordCmdUtils *,void,OH_Drawing_RecordCmdUtils * OH_Drawing_RecordCmdUtilsCreate(void)
native_drawing/drawing_record_cmd.h,71,OH_Drawing_RecordCmdUtilsDestroy,OH_Drawing_ErrorCode,OH_Drawing_RecordCmdUtils * recordCmdUtils,OH_Drawing_ErrorCode OH_Drawing_RecordCmdUtilsDestroy(OH_Drawing_RecordCmdUtils *)
native_drawing/drawing_record_cmd.h,105,OH_Drawing_RecordCmdUtilsFinishRecording,OH_Drawing_ErrorCode,"OH_Drawing_RecordCmdUtils * recordCmdUtils,OH_Drawing_RecordCmd ** recordCmd","OH_Drawing_ErrorCode OH_Drawing_RecordCmdUtilsFinishRecording(OH_Drawing_RecordCmdUtils *,OH_Drawing_RecordCmd **)"
native_drawing/drawing_rect.h,207,OH_Drawing_RectCopy,void,"OH_Drawing_Rect * src,OH_Drawing_Rect * dst","void OH_Drawing_RectCopy(OH_Drawing_Rect *,OH_Drawing_Rect *)"
native_drawing/drawing_rect.h,62,OH_Drawing_RectCreate,OH_Drawing_Rect *,"float left,float top,float right,float bottom","OH_Drawing_Rect * OH_Drawing_RectCreate(float,float,float,float)"
native_drawing/drawing_rect.h,217,OH_Drawing_RectDestroy,void,OH_Drawing_Rect * rect,void OH_Drawing_RectDestroy(OH_Drawing_Rect *)
native_drawing/drawing_rect.h,175,OH_Drawing_RectGetBottom,float,OH_Drawing_Rect * rect,float OH_Drawing_RectGetBottom(OH_Drawing_Rect *)
native_drawing/drawing_rect.h,185,OH_Drawing_RectGetHeight,float,OH_Drawing_Rect * rect,float OH_Drawing_RectGetHeight(OH_Drawing_Rect *)
native_drawing/drawing_rect.h,142,OH_Drawing_RectGetLeft,float,OH_Drawing_Rect * rect,float OH_Drawing_RectGetLeft(OH_Drawing_Rect *)
native_drawing/drawing_rect.h,164,OH_Drawing_RectGetRight,float,OH_Drawing_Rect * rect,float OH_Drawing_RectGetRight(OH_Drawing_Rect *)
native_drawing/drawing_rect.h,153,OH_Drawing_RectGetTop,float,OH_Drawing_Rect * rect,float OH_Drawing_RectGetTop(OH_Drawing_Rect *)
native_drawing/drawing_rect.h,196,OH_Drawing_RectGetWidth,float,OH_Drawing_Rect * rect,float OH_Drawing_RectGetWidth(OH_Drawing_Rect *)
native_drawing/drawing_rect.h,74,OH_Drawing_RectIntersect,bool,"OH_Drawing_Rect * rect,const OH_Drawing_Rect * other","bool OH_Drawing_RectIntersect(OH_Drawing_Rect *,const OH_Drawing_Rect *)"
native_drawing/drawing_rect.h,87,OH_Drawing_RectJoin,bool,"OH_Drawing_Rect * rect,const OH_Drawing_Rect * other","bool OH_Drawing_RectJoin(OH_Drawing_Rect *,const OH_Drawing_Rect *)"
native_drawing/drawing_rect.h,131,OH_Drawing_RectSetBottom,void,"OH_Drawing_Rect * rect,float bottom","void OH_Drawing_RectSetBottom(OH_Drawing_Rect *,float)"
native_drawing/drawing_rect.h,98,OH_Drawing_RectSetLeft,void,"OH_Drawing_Rect * rect,float left","void OH_Drawing_RectSetLeft(OH_Drawing_Rect *,float)"
native_drawing/drawing_rect.h,120,OH_Drawing_RectSetRight,void,"OH_Drawing_Rect * rect,float right","void OH_Drawing_RectSetRight(OH_Drawing_Rect *,float)"
native_drawing/drawing_rect.h,109,OH_Drawing_RectSetTop,void,"OH_Drawing_Rect * rect,float top","void OH_Drawing_RectSetTop(OH_Drawing_Rect *,float)"
native_drawing/drawing_region.h,103,OH_Drawing_RegionContains,bool,"OH_Drawing_Region * region,int32_t x,int32_t y","bool OH_Drawing_RegionContains(OH_Drawing_Region *,int32_t,int32_t)"
native_drawing/drawing_region.h,90,OH_Drawing_RegionCreate,OH_Drawing_Region *,void,OH_Drawing_Region * OH_Drawing_RegionCreate(void)
native_drawing/drawing_region.h,151,OH_Drawing_RegionDestroy,void,OH_Drawing_Region * region,void OH_Drawing_RegionDestroy(OH_Drawing_Region *)
native_drawing/drawing_region.h,116,OH_Drawing_RegionOp,bool,"OH_Drawing_Region * region,const OH_Drawing_Region * other,OH_Drawing_RegionOpMode op","bool OH_Drawing_RegionOp(OH_Drawing_Region *,const OH_Drawing_Region *,OH_Drawing_RegionOpMode)"
native_drawing/drawing_region.h,141,OH_Drawing_RegionSetPath,bool,"OH_Drawing_Region * region,const OH_Drawing_Path * path,const OH_Drawing_Region * clip","bool OH_Drawing_RegionSetPath(OH_Drawing_Region *,const OH_Drawing_Path *,const OH_Drawing_Region *)"
native_drawing/drawing_region.h,128,OH_Drawing_RegionSetRect,bool,"OH_Drawing_Region * region,const OH_Drawing_Rect * rect","bool OH_Drawing_RegionSetRect(OH_Drawing_Region *,const OH_Drawing_Rect *)"
native_drawing/drawing_register_font.h,60,OH_Drawing_RegisterFont,uint32_t,"OH_Drawing_FontCollection *,const char * fontFamily,const char * familySrc","uint32_t OH_Drawing_RegisterFont(OH_Drawing_FontCollection *,const char *,const char *)"
native_drawing/drawing_register_font.h,75,OH_Drawing_RegisterFontBuffer,uint32_t,"OH_Drawing_FontCollection *,const char * fontFamily,uint8_t * fontBuffer,size_t length","uint32_t OH_Drawing_RegisterFontBuffer(OH_Drawing_FontCollection *,const char *,uint8_t *,size_t)"
native_drawing/drawing_round_rect.h,86,OH_Drawing_RoundRectCreate,OH_Drawing_RoundRect *,"const OH_Drawing_Rect * rect,float xRad,float yRad","OH_Drawing_RoundRect * OH_Drawing_RoundRectCreate(const OH_Drawing_Rect *,float,float)"
native_drawing/drawing_round_rect.h,121,OH_Drawing_RoundRectDestroy,void,OH_Drawing_RoundRect * roundRect,void OH_Drawing_RoundRectDestroy(OH_Drawing_RoundRect *)
native_drawing/drawing_round_rect.h,111,OH_Drawing_RoundRectGetCorner,OH_Drawing_Corner_Radii,"OH_Drawing_RoundRect * roundRect,OH_Drawing_CornerPos pos","OH_Drawing_Corner_Radii OH_Drawing_RoundRectGetCorner(OH_Drawing_RoundRect *,OH_Drawing_CornerPos)"
native_drawing/drawing_round_rect.h,136,OH_Drawing_RoundRectOffset,OH_Drawing_ErrorCode,"OH_Drawing_RoundRect * roundRect,float dx,float dy","OH_Drawing_ErrorCode OH_Drawing_RoundRectOffset(OH_Drawing_RoundRect *,float,float)"
native_drawing/drawing_round_rect.h,98,OH_Drawing_RoundRectSetCorner,void,"OH_Drawing_RoundRect * roundRect,OH_Drawing_CornerPos pos,OH_Drawing_Corner_Radii radii","void OH_Drawing_RoundRectSetCorner(OH_Drawing_RoundRect *,OH_Drawing_CornerPos,OH_Drawing_Corner_Radii)"
native_drawing/drawing_sampling_options.h,87,OH_Drawing_SamplingOptionsCreate,OH_Drawing_SamplingOptions *,"OH_Drawing_FilterMode filterMode,OH_Drawing_MipmapMode mipmapMode","OH_Drawing_SamplingOptions * OH_Drawing_SamplingOptionsCreate(OH_Drawing_FilterMode,OH_Drawing_MipmapMode)"
native_drawing/drawing_sampling_options.h,98,OH_Drawing_SamplingOptionsDestroy,void,OH_Drawing_SamplingOptions * samplingOptions,void OH_Drawing_SamplingOptionsDestroy(OH_Drawing_SamplingOptions *)
native_drawing/drawing_shader_effect.h,86,OH_Drawing_ShaderEffectCreateColorShader,OH_Drawing_ShaderEffect *,const uint32_t color,OH_Drawing_ShaderEffect * OH_Drawing_ShaderEffectCreateColorShader(const uint32_t)
native_drawing/drawing_shader_effect.h,200,OH_Drawing_ShaderEffectCreateImageShader,OH_Drawing_ShaderEffect *,"OH_Drawing_Image * image,OH_Drawing_TileMode tileX,OH_Drawing_TileMode tileY,const OH_Drawing_SamplingOptions * samplingOptions,const OH_Drawing_Matrix * matrix","OH_Drawing_ShaderEffect * OH_Drawing_ShaderEffectCreateImageShader(OH_Drawing_Image *,OH_Drawing_TileMode,OH_Drawing_TileMode,const OH_Drawing_SamplingOptions *,const OH_Drawing_Matrix *)"
native_drawing/drawing_shader_effect.h,102,OH_Drawing_ShaderEffectCreateLinearGradient,OH_Drawing_ShaderEffect *,"const OH_Drawing_Point * startPt,const OH_Drawing_Point * endPt,const uint32_t * colors,const float * pos,uint32_t size,OH_Drawing_TileMode tileMode","OH_Drawing_ShaderEffect * OH_Drawing_ShaderEffectCreateLinearGradient(const OH_Drawing_Point *,const OH_Drawing_Point *,const uint32_t *,const float *,uint32_t,OH_Drawing_TileMode)"
native_drawing/drawing_shader_effect.h,126,OH_Drawing_ShaderEffectCreateLinearGradientWithLocalMatrix,OH_Drawing_ShaderEffect *,"const OH_Drawing_Point2D * startPt,const OH_Drawing_Point2D * endPt,const uint32_t * colors,const float * pos,uint32_t size,OH_Drawing_TileMode tileMode,const OH_Drawing_Matrix * matrix","OH_Drawing_ShaderEffect * OH_Drawing_ShaderEffectCreateLinearGradientWithLocalMatrix(const OH_Drawing_Point2D *,const OH_Drawing_Point2D *,const uint32_t *,const float *,uint32_t,OH_Drawing_TileMode,const OH_Drawing_Matrix *)"
native_drawing/drawing_shader_effect.h,144,OH_Drawing_ShaderEffectCreateRadialGradient,OH_Drawing_ShaderEffect *,"const OH_Drawing_Point * centerPt,float radius,const uint32_t * colors,const float * pos,uint32_t size,OH_Drawing_TileMode tileMode","OH_Drawing_ShaderEffect * OH_Drawing_ShaderEffectCreateRadialGradient(const OH_Drawing_Point *,float,const uint32_t *,const float *,uint32_t,OH_Drawing_TileMode)"
native_drawing/drawing_shader_effect.h,166,OH_Drawing_ShaderEffectCreateRadialGradientWithLocalMatrix,OH_Drawing_ShaderEffect *,"const OH_Drawing_Point2D * centerPt,float radius,const uint32_t * colors,const float * pos,uint32_t size,OH_Drawing_TileMode tileMode,const OH_Drawing_Matrix * matrix","OH_Drawing_ShaderEffect * OH_Drawing_ShaderEffectCreateRadialGradientWithLocalMatrix(const OH_Drawing_Point2D *,float,const uint32_t *,const float *,uint32_t,OH_Drawing_TileMode,const OH_Drawing_Matrix *)"
native_drawing/drawing_shader_effect.h,183,OH_Drawing_ShaderEffectCreateSweepGradient,OH_Drawing_ShaderEffect *,"const OH_Drawing_Point * centerPt,const uint32_t * colors,const float * pos,uint32_t size,OH_Drawing_TileMode tileMode","OH_Drawing_ShaderEffect * OH_Drawing_ShaderEffectCreateSweepGradient(const OH_Drawing_Point *,const uint32_t *,const float *,uint32_t,OH_Drawing_TileMode)"
native_drawing/drawing_shader_effect.h,225,OH_Drawing_ShaderEffectCreateTwoPointConicalGradient,OH_Drawing_ShaderEffect *,"const OH_Drawing_Point2D * startPt,float startRadius,const OH_Drawing_Point2D * endPt,float endRadius,const uint32_t * colors,const float * pos,uint32_t size,OH_Drawing_TileMode tileMode,const OH_Drawing_Matrix * matrix","OH_Drawing_ShaderEffect * OH_Drawing_ShaderEffectCreateTwoPointConicalGradient(const OH_Drawing_Point2D *,float,const OH_Drawing_Point2D *,float,const uint32_t *,const float *,uint32_t,OH_Drawing_TileMode,const OH_Drawing_Matrix *)"
native_drawing/drawing_shader_effect.h,237,OH_Drawing_ShaderEffectDestroy,void,OH_Drawing_ShaderEffect * shaderEffect,void OH_Drawing_ShaderEffectDestroy(OH_Drawing_ShaderEffect *)
native_drawing/drawing_shadow_layer.h,61,OH_Drawing_ShadowLayerCreate,OH_Drawing_ShadowLayer *,"float blurRadius,float x,float y,uint32_t color","OH_Drawing_ShadowLayer * OH_Drawing_ShadowLayerCreate(float,float,float,uint32_t)"
native_drawing/drawing_shadow_layer.h,71,OH_Drawing_ShadowLayerDestroy,void,OH_Drawing_ShadowLayer * shadowLayer,void OH_Drawing_ShadowLayerDestroy(OH_Drawing_ShadowLayer *)
native_drawing/drawing_surface.h,61,OH_Drawing_SurfaceCreateFromGpuContext,OH_Drawing_Surface *,"OH_Drawing_GpuContext * gpuContext,bool flag,OH_Drawing_Image_Info imageInfo","OH_Drawing_Surface * OH_Drawing_SurfaceCreateFromGpuContext(OH_Drawing_GpuContext *,bool,OH_Drawing_Image_Info)"
native_drawing/drawing_surface.h,75,OH_Drawing_SurfaceCreateOnScreen,OH_Drawing_Surface *,"OH_Drawing_GpuContext * gpuContext,OH_Drawing_Image_Info imageInfo,void * window","OH_Drawing_Surface * OH_Drawing_SurfaceCreateOnScreen(OH_Drawing_GpuContext *,OH_Drawing_Image_Info,void *)"
native_drawing/drawing_surface.h,111,OH_Drawing_SurfaceDestroy,void,OH_Drawing_Surface * surface,void OH_Drawing_SurfaceDestroy(OH_Drawing_Surface *)
native_drawing/drawing_surface.h,101,OH_Drawing_SurfaceFlush,OH_Drawing_ErrorCode,OH_Drawing_Surface * surface,OH_Drawing_ErrorCode OH_Drawing_SurfaceFlush(OH_Drawing_Surface *)
native_drawing/drawing_surface.h,88,OH_Drawing_SurfaceGetCanvas,OH_Drawing_Canvas *,OH_Drawing_Surface * surface,OH_Drawing_Canvas * OH_Drawing_SurfaceGetCanvas(OH_Drawing_Surface *)
native_drawing/drawing_text_blob.h,155,OH_Drawing_TextBlobBuilderAllocRunPos,const OH_Drawing_RunBuffer *,"OH_Drawing_TextBlobBuilder * textBlobBuilder,const OH_Drawing_Font * font,int32_t count,const OH_Drawing_Rect * rect","const OH_Drawing_RunBuffer * OH_Drawing_TextBlobBuilderAllocRunPos(OH_Drawing_TextBlobBuilder *,const OH_Drawing_Font *,int32_t,const OH_Drawing_Rect *)"
native_drawing/drawing_text_blob.h,57,OH_Drawing_TextBlobBuilderCreate,OH_Drawing_TextBlobBuilder *,void,OH_Drawing_TextBlobBuilder * OH_Drawing_TextBlobBuilderCreate(void)
native_drawing/drawing_text_blob.h,187,OH_Drawing_TextBlobBuilderDestroy,void,OH_Drawing_TextBlobBuilder * textBlobBuilder,void OH_Drawing_TextBlobBuilderDestroy(OH_Drawing_TextBlobBuilder *)
native_drawing/drawing_text_blob.h,167,OH_Drawing_TextBlobBuilderMake,OH_Drawing_TextBlob *,OH_Drawing_TextBlobBuilder * textBlobBuilder,OH_Drawing_TextBlob * OH_Drawing_TextBlobBuilderMake(OH_Drawing_TextBlobBuilder *)
native_drawing/drawing_text_blob.h,87,OH_Drawing_TextBlobCreateFromPosText,OH_Drawing_TextBlob *,"const void * text,size_t byteLength,OH_Drawing_Point2D * point2D,const OH_Drawing_Font * font,OH_Drawing_TextEncoding textEncoding","OH_Drawing_TextBlob * OH_Drawing_TextBlobCreateFromPosText(const void *,size_t,OH_Drawing_Point2D *,const OH_Drawing_Font *,OH_Drawing_TextEncoding)"
native_drawing/drawing_text_blob.h,101,OH_Drawing_TextBlobCreateFromString,OH_Drawing_TextBlob *,"const char * str,const OH_Drawing_Font * font,OH_Drawing_TextEncoding textEncoding","OH_Drawing_TextBlob * OH_Drawing_TextBlobCreateFromString(const char *,const OH_Drawing_Font *,OH_Drawing_TextEncoding)"
native_drawing/drawing_text_blob.h,71,OH_Drawing_TextBlobCreateFromText,OH_Drawing_TextBlob *,"const void * text,size_t byteLength,const OH_Drawing_Font * font,OH_Drawing_TextEncoding textEncoding","OH_Drawing_TextBlob * OH_Drawing_TextBlobCreateFromText(const void *,size_t,const OH_Drawing_Font *,OH_Drawing_TextEncoding)"
native_drawing/drawing_text_blob.h,177,OH_Drawing_TextBlobDestroy,void,OH_Drawing_TextBlob * textBlob,void OH_Drawing_TextBlobDestroy(OH_Drawing_TextBlob *)
native_drawing/drawing_text_blob.h,113,OH_Drawing_TextBlobGetBounds,void,"OH_Drawing_TextBlob * textBlob,OH_Drawing_Rect * rect","void OH_Drawing_TextBlobGetBounds(OH_Drawing_TextBlob *,OH_Drawing_Rect *)"
native_drawing/drawing_text_blob.h,124,OH_Drawing_TextBlobUniqueID,uint32_t,const OH_Drawing_TextBlob * textBlob,uint32_t OH_Drawing_TextBlobUniqueID(const OH_Drawing_TextBlob *)
native_drawing/drawing_text_font_descriptor.h,107,OH_Drawing_DestroySystemFontFullNames,void,OH_Drawing_Array * fullNameArray,void OH_Drawing_DestroySystemFontFullNames(OH_Drawing_Array *)
native_drawing/drawing_text_font_descriptor.h,75,OH_Drawing_GetFontDescriptorByFullName,OH_Drawing_FontDescriptor *,"const OH_Drawing_String * fullName,OH_Drawing_SystemFontType fontType","OH_Drawing_FontDescriptor * OH_Drawing_GetFontDescriptorByFullName(const OH_Drawing_String *,OH_Drawing_SystemFontType)"
native_drawing/drawing_text_font_descriptor.h,98,OH_Drawing_GetSystemFontFullNameByIndex,const OH_Drawing_String *,"OH_Drawing_Array * fullNameArray,size_t index","const OH_Drawing_String * OH_Drawing_GetSystemFontFullNameByIndex(OH_Drawing_Array *,size_t)"
native_drawing/drawing_text_font_descriptor.h,86,OH_Drawing_GetSystemFontFullNamesByType,OH_Drawing_Array *,OH_Drawing_SystemFontType fontType,OH_Drawing_Array * OH_Drawing_GetSystemFontFullNamesByType(OH_Drawing_SystemFontType)
native_drawing/drawing_text_typography.h,1489,OH_Drawing_CreateFontDescriptor,OH_Drawing_FontDescriptor *,void,OH_Drawing_FontDescriptor * OH_Drawing_CreateFontDescriptor(void)
native_drawing/drawing_text_typography.h,1509,OH_Drawing_CreateFontParser,OH_Drawing_FontParser *,void,OH_Drawing_FontParser * OH_Drawing_CreateFontParser(void)
native_drawing/drawing_text_typography.h,1923,OH_Drawing_CreateTextShadow,OH_Drawing_TextShadow *,void,OH_Drawing_TextShadow * OH_Drawing_CreateTextShadow(void)
native_drawing/drawing_text_typography.h,693,OH_Drawing_CreateTextStyle,OH_Drawing_TextStyle *,void,OH_Drawing_TextStyle * OH_Drawing_CreateTextStyle(void)
native_drawing/drawing_text_typography.h,969,OH_Drawing_CreateTypography,OH_Drawing_Typography *,OH_Drawing_TypographyCreate * handler,OH_Drawing_Typography * OH_Drawing_CreateTypography(OH_Drawing_TypographyCreate *)
native_drawing/drawing_text_typography.h,915,OH_Drawing_CreateTypographyHandler,OH_Drawing_TypographyCreate *,"OH_Drawing_TypographyStyle * style,OH_Drawing_FontCollection * fontCollection","OH_Drawing_TypographyCreate * OH_Drawing_CreateTypographyHandler(OH_Drawing_TypographyStyle *,OH_Drawing_FontCollection *)"
native_drawing/drawing_text_typography.h,640,OH_Drawing_CreateTypographyStyle,OH_Drawing_TypographyStyle *,void,OH_Drawing_TypographyStyle * OH_Drawing_CreateTypographyStyle(void)
native_drawing/drawing_text_typography.h,1499,OH_Drawing_DestroyFontDescriptor,void,OH_Drawing_FontDescriptor * descriptor,void OH_Drawing_DestroyFontDescriptor(OH_Drawing_FontDescriptor *)
native_drawing/drawing_text_typography.h,1519,OH_Drawing_DestroyFontParser,void,OH_Drawing_FontParser * parser,void OH_Drawing_DestroyFontParser(OH_Drawing_FontParser *)
native_drawing/drawing_text_typography.h,1586,OH_Drawing_DestroyLineMetrics,void,OH_Drawing_LineMetrics * lineMetrics,void OH_Drawing_DestroyLineMetrics(OH_Drawing_LineMetrics *)
native_drawing/drawing_text_typography.h,2459,OH_Drawing_DestroySystemFontConfigInfo,void,OH_Drawing_FontConfigInfo * drawFontCfgInfo,void OH_Drawing_DestroySystemFontConfigInfo(OH_Drawing_FontConfigInfo *)
native_drawing/drawing_text_typography.h,1542,OH_Drawing_DestroySystemFontList,void,"char ** fontList,size_t num","void OH_Drawing_DestroySystemFontList(char **,size_t)"
native_drawing/drawing_text_typography.h,1933,OH_Drawing_DestroyTextShadow,void,OH_Drawing_TextShadow * shadow,void OH_Drawing_DestroyTextShadow(OH_Drawing_TextShadow *)
native_drawing/drawing_text_typography.h,2025,OH_Drawing_DestroyTextShadows,void,OH_Drawing_TextShadow * shadow,void OH_Drawing_DestroyTextShadows(OH_Drawing_TextShadow *)
native_drawing/drawing_text_typography.h,703,OH_Drawing_DestroyTextStyle,void,OH_Drawing_TextStyle * style,void OH_Drawing_DestroyTextStyle(OH_Drawing_TextStyle *)
native_drawing/drawing_text_typography.h,979,OH_Drawing_DestroyTypography,void,OH_Drawing_Typography * typography,void OH_Drawing_DestroyTypography(OH_Drawing_Typography *)
native_drawing/drawing_text_typography.h,926,OH_Drawing_DestroyTypographyHandler,void,OH_Drawing_TypographyCreate * handler,void OH_Drawing_DestroyTypographyHandler(OH_Drawing_TypographyCreate *)
native_drawing/drawing_text_typography.h,650,OH_Drawing_DestroyTypographyStyle,void,OH_Drawing_TypographyStyle * style,void OH_Drawing_DestroyTypographyStyle(OH_Drawing_TypographyStyle *)
native_drawing/drawing_text_typography.h,1554,OH_Drawing_FontParserGetFontByName,OH_Drawing_FontDescriptor *,"OH_Drawing_FontParser * fontParser,const char * name","OH_Drawing_FontDescriptor * OH_Drawing_FontParserGetFontByName(OH_Drawing_FontParser *,const char *)"
native_drawing/drawing_text_typography.h,1531,OH_Drawing_FontParserGetSystemFontList,char **,"OH_Drawing_FontParser * fontParser,size_t * num","char ** OH_Drawing_FontParserGetSystemFontList(OH_Drawing_FontParser *,size_t *)"
native_drawing/drawing_text_typography.h,1285,OH_Drawing_GetAffinityFromPositionAndAffinity,int,OH_Drawing_PositionAndAffinity * positionandaffinity,int OH_Drawing_GetAffinityFromPositionAndAffinity(OH_Drawing_PositionAndAffinity *)
native_drawing/drawing_text_typography.h,1212,OH_Drawing_GetBottomFromTextBox,float,"OH_Drawing_TextBox * textbox,int index","float OH_Drawing_GetBottomFromTextBox(OH_Drawing_TextBox *,int)"
native_drawing/drawing_text_typography.h,2811,OH_Drawing_GetDrawingArraySize,size_t,OH_Drawing_Array * drawingArray,size_t OH_Drawing_GetDrawingArraySize(OH_Drawing_Array *)
native_drawing/drawing_text_typography.h,1319,OH_Drawing_GetEndFromRange,size_t,OH_Drawing_Range * range,size_t OH_Drawing_GetEndFromRange(OH_Drawing_Range *)
native_drawing/drawing_text_typography.h,1176,OH_Drawing_GetLeftFromTextBox,float,"OH_Drawing_TextBox * textbox,int index","float OH_Drawing_GetLeftFromTextBox(OH_Drawing_TextBox *,int)"
native_drawing/drawing_text_typography.h,1274,OH_Drawing_GetPositionFromPositionAndAffinity,size_t,OH_Drawing_PositionAndAffinity * positionAndAffinity,size_t OH_Drawing_GetPositionFromPositionAndAffinity(OH_Drawing_PositionAndAffinity *)
native_drawing/drawing_text_typography.h,1188,OH_Drawing_GetRightFromTextBox,float,"OH_Drawing_TextBox * textbox,int index","float OH_Drawing_GetRightFromTextBox(OH_Drawing_TextBox *,int)"
native_drawing/drawing_text_typography.h,1235,OH_Drawing_GetSizeOfTextBox,size_t,OH_Drawing_TextBox * textBox,size_t OH_Drawing_GetSizeOfTextBox(OH_Drawing_TextBox *)
native_drawing/drawing_text_typography.h,1308,OH_Drawing_GetStartFromRange,size_t,OH_Drawing_Range * range,size_t OH_Drawing_GetStartFromRange(OH_Drawing_Range *)
native_drawing/drawing_text_typography.h,2449,OH_Drawing_GetSystemFontConfigInfo,OH_Drawing_FontConfigInfo *,OH_Drawing_FontConfigInfoErrorCode * errorCode,OH_Drawing_FontConfigInfo * OH_Drawing_GetSystemFontConfigInfo(OH_Drawing_FontConfigInfoErrorCode *)
native_drawing/drawing_text_typography.h,1224,OH_Drawing_GetTextDirectionFromTextBox,int,"OH_Drawing_TextBox * textbox,int index","int OH_Drawing_GetTextDirectionFromTextBox(OH_Drawing_TextBox *,int)"
native_drawing/drawing_text_typography.h,1200,OH_Drawing_GetTopFromTextBox,float,"OH_Drawing_TextBox * textbox,int index","float OH_Drawing_GetTopFromTextBox(OH_Drawing_TextBox *,int)"
native_drawing/drawing_text_typography.h,1576,OH_Drawing_LineMetricsGetSize,size_t,OH_Drawing_LineMetrics * lineMetrics,size_t OH_Drawing_LineMetricsGetSize(OH_Drawing_LineMetrics *)
native_drawing/drawing_text_typography.h,2799,OH_Drawing_SetTextShadow,void,"OH_Drawing_TextShadow * shadow,uint32_t color,OH_Drawing_Point * offset,double blurRadius","void OH_Drawing_SetTextShadow(OH_Drawing_TextShadow *,uint32_t,OH_Drawing_Point *,double)"
native_drawing/drawing_text_typography.h,870,OH_Drawing_SetTextStyleBackgroundBrush,void,"OH_Drawing_TextStyle * style,OH_Drawing_Brush * foregroundPen","void OH_Drawing_SetTextStyleBackgroundBrush(OH_Drawing_TextStyle *,OH_Drawing_Brush *)"
native_drawing/drawing_text_typography.h,892,OH_Drawing_SetTextStyleBackgroundPen,void,"OH_Drawing_TextStyle * style,OH_Drawing_Pen * backgroundPen","void OH_Drawing_SetTextStyleBackgroundPen(OH_Drawing_TextStyle *,OH_Drawing_Pen *)"
native_drawing/drawing_text_typography.h,747,OH_Drawing_SetTextStyleBaseLine,void,"OH_Drawing_TextStyle * style,int baseline","void OH_Drawing_SetTextStyleBaseLine(OH_Drawing_TextStyle *,int)"
native_drawing/drawing_text_typography.h,714,OH_Drawing_SetTextStyleColor,void,"OH_Drawing_TextStyle * style,uint32_t color","void OH_Drawing_SetTextStyleColor(OH_Drawing_TextStyle *,uint32_t)"
native_drawing/drawing_text_typography.h,758,OH_Drawing_SetTextStyleDecoration,void,"OH_Drawing_TextStyle * style,int decoration","void OH_Drawing_SetTextStyleDecoration(OH_Drawing_TextStyle *,int)"
native_drawing/drawing_text_typography.h,769,OH_Drawing_SetTextStyleDecorationColor,void,"OH_Drawing_TextStyle * style,uint32_t color","void OH_Drawing_SetTextStyleDecorationColor(OH_Drawing_TextStyle *,uint32_t)"
native_drawing/drawing_text_typography.h,1342,OH_Drawing_SetTextStyleDecorationStyle,void,"OH_Drawing_TextStyle * style,int decorationStyle","void OH_Drawing_SetTextStyleDecorationStyle(OH_Drawing_TextStyle *,int)"
native_drawing/drawing_text_typography.h,1353,OH_Drawing_SetTextStyleDecorationThicknessScale,void,"OH_Drawing_TextStyle * style,double decorationThicknessScale","void OH_Drawing_SetTextStyleDecorationThicknessScale(OH_Drawing_TextStyle *,double)"
native_drawing/drawing_text_typography.h,1397,OH_Drawing_SetTextStyleEllipsis,void,"OH_Drawing_TextStyle * style,const char * ellipsis","void OH_Drawing_SetTextStyleEllipsis(OH_Drawing_TextStyle *,const char *)"
native_drawing/drawing_text_typography.h,1408,OH_Drawing_SetTextStyleEllipsisModal,void,"OH_Drawing_TextStyle * style,int ellipsisModal","void OH_Drawing_SetTextStyleEllipsisModal(OH_Drawing_TextStyle *,int)"
native_drawing/drawing_text_typography.h,792,OH_Drawing_SetTextStyleFontFamilies,void,"OH_Drawing_TextStyle * style,int fontFamiliesNumber,const char * fontFamilies[]","void OH_Drawing_SetTextStyleFontFamilies(OH_Drawing_TextStyle *,int,const char * fontFamilies[])"
native_drawing/drawing_text_typography.h,780,OH_Drawing_SetTextStyleFontHeight,void,"OH_Drawing_TextStyle * style,double fontHeight","void OH_Drawing_SetTextStyleFontHeight(OH_Drawing_TextStyle *,double)"
native_drawing/drawing_text_typography.h,725,OH_Drawing_SetTextStyleFontSize,void,"OH_Drawing_TextStyle * style,double fontSize","void OH_Drawing_SetTextStyleFontSize(OH_Drawing_TextStyle *,double)"
native_drawing/drawing_text_typography.h,804,OH_Drawing_SetTextStyleFontStyle,void,"OH_Drawing_TextStyle * style,int fontStyle","void OH_Drawing_SetTextStyleFontStyle(OH_Drawing_TextStyle *,int)"
native_drawing/drawing_text_typography.h,2319,OH_Drawing_SetTextStyleFontStyleStruct,void,"OH_Drawing_TextStyle * drawingTextStyle,OH_Drawing_FontStyleStruct fontStyle","void OH_Drawing_SetTextStyleFontStyleStruct(OH_Drawing_TextStyle *,OH_Drawing_FontStyleStruct)"
native_drawing/drawing_text_typography.h,736,OH_Drawing_SetTextStyleFontWeight,void,"OH_Drawing_TextStyle * style,int fontWeight","void OH_Drawing_SetTextStyleFontWeight(OH_Drawing_TextStyle *,int)"
native_drawing/drawing_text_typography.h,826,OH_Drawing_SetTextStyleForegroundBrush,void,"OH_Drawing_TextStyle * style,OH_Drawing_Brush * foregroundBrush","void OH_Drawing_SetTextStyleForegroundBrush(OH_Drawing_TextStyle *,OH_Drawing_Brush *)"
native_drawing/drawing_text_typography.h,848,OH_Drawing_SetTextStyleForegroundPen,void,"OH_Drawing_TextStyle * style,OH_Drawing_Pen * foregroundPen","void OH_Drawing_SetTextStyleForegroundPen(OH_Drawing_TextStyle *,OH_Drawing_Pen *)"
native_drawing/drawing_text_typography.h,1386,OH_Drawing_SetTextStyleHalfLeading,void,"OH_Drawing_TextStyle * style,bool halfLeading","void OH_Drawing_SetTextStyleHalfLeading(OH_Drawing_TextStyle *,bool)"
native_drawing/drawing_text_typography.h,1364,OH_Drawing_SetTextStyleLetterSpacing,void,"OH_Drawing_TextStyle * style,double letterSpacing","void OH_Drawing_SetTextStyleLetterSpacing(OH_Drawing_TextStyle *,double)"
native_drawing/drawing_text_typography.h,815,OH_Drawing_SetTextStyleLocale,void,"OH_Drawing_TextStyle * style,const char * locale","void OH_Drawing_SetTextStyleLocale(OH_Drawing_TextStyle *,const char *)"
native_drawing/drawing_text_typography.h,1375,OH_Drawing_SetTextStyleWordSpacing,void,"OH_Drawing_TextStyle * style,double wordSpacing","void OH_Drawing_SetTextStyleWordSpacing(OH_Drawing_TextStyle *,double)"
native_drawing/drawing_text_typography.h,2342,OH_Drawing_SetTypographyStyleFontStyleStruct,void,"OH_Drawing_TypographyStyle * drawingStyle,OH_Drawing_FontStyleStruct fontStyle","void OH_Drawing_SetTypographyStyleFontStyleStruct(OH_Drawing_TypographyStyle *,OH_Drawing_FontStyleStruct)"
native_drawing/drawing_text_typography.h,2470,OH_Drawing_SetTypographyStyleTextStrutStyle,void,"OH_Drawing_TypographyStyle * style,OH_Drawing_StrutStyle * strutstyle","void OH_Drawing_SetTypographyStyleTextStrutStyle(OH_Drawing_TypographyStyle *,OH_Drawing_StrutStyle *)"
native_drawing/drawing_text_typography.h,672,OH_Drawing_SetTypographyTextAlign,void,"OH_Drawing_TypographyStyle * style,int align","void OH_Drawing_SetTypographyTextAlign(OH_Drawing_TypographyStyle *,int)"
native_drawing/drawing_text_typography.h,1419,OH_Drawing_SetTypographyTextBreakStrategy,void,"OH_Drawing_TypographyStyle * style,int breakStrategy","void OH_Drawing_SetTypographyTextBreakStrategy(OH_Drawing_TypographyStyle *,int)"
native_drawing/drawing_text_typography.h,661,OH_Drawing_SetTypographyTextDirection,void,"OH_Drawing_TypographyStyle * style,int direction","void OH_Drawing_SetTypographyTextDirection(OH_Drawing_TypographyStyle *,int)"
native_drawing/drawing_text_typography.h,1611,OH_Drawing_SetTypographyTextEllipsis,void,"OH_Drawing_TypographyStyle * style,const char * ellipsis","void OH_Drawing_SetTypographyTextEllipsis(OH_Drawing_TypographyStyle *,const char *)"
native_drawing/drawing_text_typography.h,1441,OH_Drawing_SetTypographyTextEllipsisModal,void,"OH_Drawing_TypographyStyle * style,int ellipsisModal","void OH_Drawing_SetTypographyTextEllipsisModal(OH_Drawing_TypographyStyle *,int)"
native_drawing/drawing_text_typography.h,1765,OH_Drawing_SetTypographyTextFontFamily,void,"OH_Drawing_TypographyStyle * style,const char * fontFamily","void OH_Drawing_SetTypographyTextFontFamily(OH_Drawing_TypographyStyle *,const char *)"
native_drawing/drawing_text_typography.h,1789,OH_Drawing_SetTypographyTextFontHeight,void,"OH_Drawing_TypographyStyle * style,double fontHeight","void OH_Drawing_SetTypographyTextFontHeight(OH_Drawing_TypographyStyle *,double)"
native_drawing/drawing_text_typography.h,1777,OH_Drawing_SetTypographyTextFontSize,void,"OH_Drawing_TypographyStyle * style,double fontSize","void OH_Drawing_SetTypographyTextFontSize(OH_Drawing_TypographyStyle *,double)"
native_drawing/drawing_text_typography.h,1753,OH_Drawing_SetTypographyTextFontStyle,void,"OH_Drawing_TypographyStyle * style,int fontStyle","void OH_Drawing_SetTypographyTextFontStyle(OH_Drawing_TypographyStyle *,int)"
native_drawing/drawing_text_typography.h,1740,OH_Drawing_SetTypographyTextFontWeight,void,"OH_Drawing_TypographyStyle * style,int weight","void OH_Drawing_SetTypographyTextFontWeight(OH_Drawing_TypographyStyle *,int)"
native_drawing/drawing_text_typography.h,1801,OH_Drawing_SetTypographyTextHalfLeading,void,"OH_Drawing_TypographyStyle * style,bool halfLeading","void OH_Drawing_SetTypographyTextHalfLeading(OH_Drawing_TypographyStyle *,bool)"
native_drawing/drawing_text_typography.h,1852,OH_Drawing_SetTypographyTextLineStyleFontFamilies,void,"OH_Drawing_TypographyStyle * style,int fontFamiliesNumber,const char * fontFamilies[]","void OH_Drawing_SetTypographyTextLineStyleFontFamilies(OH_Drawing_TypographyStyle *,int,const char * fontFamilies[])"
native_drawing/drawing_text_typography.h,1877,OH_Drawing_SetTypographyTextLineStyleFontHeight,void,"OH_Drawing_TypographyStyle * style,double lineStyleFontHeight","void OH_Drawing_SetTypographyTextLineStyleFontHeight(OH_Drawing_TypographyStyle *,double)"
native_drawing/drawing_text_typography.h,1865,OH_Drawing_SetTypographyTextLineStyleFontSize,void,"OH_Drawing_TypographyStyle * style,double lineStyleFontSize","void OH_Drawing_SetTypographyTextLineStyleFontSize(OH_Drawing_TypographyStyle *,double)"
native_drawing/drawing_text_typography.h,1839,OH_Drawing_SetTypographyTextLineStyleFontStyle,void,"OH_Drawing_TypographyStyle * style,int fontStyle","void OH_Drawing_SetTypographyTextLineStyleFontStyle(OH_Drawing_TypographyStyle *,int)"
native_drawing/drawing_text_typography.h,1826,OH_Drawing_SetTypographyTextLineStyleFontWeight,void,"OH_Drawing_TypographyStyle * style,int weight","void OH_Drawing_SetTypographyTextLineStyleFontWeight(OH_Drawing_TypographyStyle *,int)"
native_drawing/drawing_text_typography.h,1889,OH_Drawing_SetTypographyTextLineStyleHalfLeading,void,"OH_Drawing_TypographyStyle * style,bool lineStyleHalfLeading","void OH_Drawing_SetTypographyTextLineStyleHalfLeading(OH_Drawing_TypographyStyle *,bool)"
native_drawing/drawing_text_typography.h,1913,OH_Drawing_SetTypographyTextLineStyleOnly,void,"OH_Drawing_TypographyStyle * style,bool lineStyleOnly","void OH_Drawing_SetTypographyTextLineStyleOnly(OH_Drawing_TypographyStyle *,bool)"
native_drawing/drawing_text_typography.h,1901,OH_Drawing_SetTypographyTextLineStyleSpacingScale,void,"OH_Drawing_TypographyStyle * style,double spacingScale","void OH_Drawing_SetTypographyTextLineStyleSpacingScale(OH_Drawing_TypographyStyle *,double)"
native_drawing/drawing_text_typography.h,1623,OH_Drawing_SetTypographyTextLocale,void,"OH_Drawing_TypographyStyle * style,const char * locale","void OH_Drawing_SetTypographyTextLocale(OH_Drawing_TypographyStyle *,const char *)"
native_drawing/drawing_text_typography.h,683,OH_Drawing_SetTypographyTextMaxLines,void,"OH_Drawing_TypographyStyle * style,int lineNumber","void OH_Drawing_SetTypographyTextMaxLines(OH_Drawing_TypographyStyle *,int)"
native_drawing/drawing_text_typography.h,1635,OH_Drawing_SetTypographyTextSplitRatio,void,"OH_Drawing_TypographyStyle * style,float textSplitRatio","void OH_Drawing_SetTypographyTextSplitRatio(OH_Drawing_TypographyStyle *,float)"
native_drawing/drawing_text_typography.h,1697,OH_Drawing_SetTypographyTextStyle,void,"OH_Drawing_TypographyStyle * handler,OH_Drawing_TextStyle * style","void OH_Drawing_SetTypographyTextStyle(OH_Drawing_TypographyStyle *,OH_Drawing_TextStyle *)"
native_drawing/drawing_text_typography.h,1813,OH_Drawing_SetTypographyTextUseLineStyle,void,"OH_Drawing_TypographyStyle * style,bool useLineStyle","void OH_Drawing_SetTypographyTextUseLineStyle(OH_Drawing_TypographyStyle *,bool)"
native_drawing/drawing_text_typography.h,1430,OH_Drawing_SetTypographyTextWordBreakType,void,"OH_Drawing_TypographyStyle * style,int wordBreakType","void OH_Drawing_SetTypographyTextWordBreakType(OH_Drawing_TypographyStyle *,int)"
native_drawing/drawing_text_typography.h,2084,OH_Drawing_TextStyleAddFontFeature,void,"OH_Drawing_TextStyle * style,const char * tag,int value","void OH_Drawing_TextStyleAddFontFeature(OH_Drawing_TextStyle *,const char *,int)"
native_drawing/drawing_text_typography.h,2096,OH_Drawing_TextStyleAddFontVariation,void,"OH_Drawing_TextStyle * style,const char * axis,const float value","void OH_Drawing_TextStyleAddFontVariation(OH_Drawing_TextStyle *,const char *,const float)"
native_drawing/drawing_text_typography.h,1968,OH_Drawing_TextStyleAddShadow,void,"OH_Drawing_TextStyle * style,const OH_Drawing_TextShadow * shadow","void OH_Drawing_TextStyleAddShadow(OH_Drawing_TextStyle *,const OH_Drawing_TextShadow *)"
native_drawing/drawing_text_typography.h,2140,OH_Drawing_TextStyleClearFontFeature,void,OH_Drawing_TextStyle * style,void OH_Drawing_TextStyleClearFontFeature(OH_Drawing_TextStyle *)
native_drawing/drawing_text_typography.h,1978,OH_Drawing_TextStyleClearShadows,void,OH_Drawing_TextStyle * style,void OH_Drawing_TextStyleClearShadows(OH_Drawing_TextStyle *)
native_drawing/drawing_text_typography.h,2240,OH_Drawing_TextStyleDestroyFontFamilies,void,"char ** fontFamilies,size_t num","void OH_Drawing_TextStyleDestroyFontFamilies(char **,size_t)"
native_drawing/drawing_text_typography.h,2119,OH_Drawing_TextStyleDestroyFontFeatures,void,"OH_Drawing_FontFeature * fontFeature,size_t fontFeatureSize","void OH_Drawing_TextStyleDestroyFontFeatures(OH_Drawing_FontFeature *,size_t)"
native_drawing/drawing_text_typography.h,881,OH_Drawing_TextStyleGetBackgroundBrush,void,"OH_Drawing_TextStyle * style,OH_Drawing_Brush * backgroundBrush","void OH_Drawing_TextStyleGetBackgroundBrush(OH_Drawing_TextStyle *,OH_Drawing_Brush *)"
native_drawing/drawing_text_typography.h,903,OH_Drawing_TextStyleGetBackgroundPen,void,"OH_Drawing_TextStyle * style,OH_Drawing_Pen * backgroundPen","void OH_Drawing_TextStyleGetBackgroundPen(OH_Drawing_TextStyle *,OH_Drawing_Pen *)"
native_drawing/drawing_text_typography.h,2217,OH_Drawing_TextStyleGetBaseline,OH_Drawing_TextBaseline,OH_Drawing_TextStyle * style,OH_Drawing_TextBaseline OH_Drawing_TextStyleGetBaseline(OH_Drawing_TextStyle *)
native_drawing/drawing_text_typography.h,2162,OH_Drawing_TextStyleGetBaselineShift,double,OH_Drawing_TextStyle * style,double OH_Drawing_TextStyleGetBaselineShift(OH_Drawing_TextStyle *)
native_drawing/drawing_text_typography.h,2173,OH_Drawing_TextStyleGetColor,uint32_t,OH_Drawing_TextStyle * style,uint32_t OH_Drawing_TextStyleGetColor(OH_Drawing_TextStyle *)
native_drawing/drawing_text_typography.h,2184,OH_Drawing_TextStyleGetDecorationStyle,OH_Drawing_TextDecorationStyle,OH_Drawing_TextStyle * style,OH_Drawing_TextDecorationStyle OH_Drawing_TextStyleGetDecorationStyle(OH_Drawing_TextStyle *)
native_drawing/drawing_text_typography.h,2229,OH_Drawing_TextStyleGetFontFamilies,char **,"OH_Drawing_TextStyle * style,size_t * num","char ** OH_Drawing_TextStyleGetFontFamilies(OH_Drawing_TextStyle *,size_t *)"
native_drawing/drawing_text_typography.h,2130,OH_Drawing_TextStyleGetFontFeatureSize,size_t,OH_Drawing_TextStyle * style,size_t OH_Drawing_TextStyleGetFontFeatureSize(OH_Drawing_TextStyle *)
native_drawing/drawing_text_typography.h,2108,OH_Drawing_TextStyleGetFontFeatures,OH_Drawing_FontFeature *,OH_Drawing_TextStyle * style,OH_Drawing_FontFeature * OH_Drawing_TextStyleGetFontFeatures(OH_Drawing_TextStyle *)
native_drawing/drawing_text_typography.h,2284,OH_Drawing_TextStyleGetFontHeight,double,OH_Drawing_TextStyle * style,double OH_Drawing_TextStyleGetFontHeight(OH_Drawing_TextStyle *)
native_drawing/drawing_text_typography.h,1710,OH_Drawing_TextStyleGetFontMetrics,bool,"OH_Drawing_Typography * typography,OH_Drawing_TextStyle * style,OH_Drawing_Font_Metrics * fontmetrics","bool OH_Drawing_TextStyleGetFontMetrics(OH_Drawing_Typography *,OH_Drawing_TextStyle *,OH_Drawing_Font_Metrics *)"
native_drawing/drawing_text_typography.h,2251,OH_Drawing_TextStyleGetFontSize,double,OH_Drawing_TextStyle * style,double OH_Drawing_TextStyleGetFontSize(OH_Drawing_TextStyle *)
native_drawing/drawing_text_typography.h,2206,OH_Drawing_TextStyleGetFontStyle,OH_Drawing_FontStyle,OH_Drawing_TextStyle * style,OH_Drawing_FontStyle OH_Drawing_TextStyleGetFontStyle(OH_Drawing_TextStyle *)
native_drawing/drawing_text_typography.h,2331,OH_Drawing_TextStyleGetFontStyleStruct,OH_Drawing_FontStyleStruct,OH_Drawing_TextStyle * drawingTextStyle,OH_Drawing_FontStyleStruct OH_Drawing_TextStyleGetFontStyleStruct(OH_Drawing_TextStyle *)
native_drawing/drawing_text_typography.h,2195,OH_Drawing_TextStyleGetFontWeight,OH_Drawing_FontWeight,OH_Drawing_TextStyle * style,OH_Drawing_FontWeight OH_Drawing_TextStyleGetFontWeight(OH_Drawing_TextStyle *)
native_drawing/drawing_text_typography.h,837,OH_Drawing_TextStyleGetForegroundBrush,void,"OH_Drawing_TextStyle * style,OH_Drawing_Brush * foregroundBrush","void OH_Drawing_TextStyleGetForegroundBrush(OH_Drawing_TextStyle *,OH_Drawing_Brush *)"
native_drawing/drawing_text_typography.h,859,OH_Drawing_TextStyleGetForegroundPen,void,"OH_Drawing_TextStyle * style,OH_Drawing_Pen * foregroundPen","void OH_Drawing_TextStyleGetForegroundPen(OH_Drawing_TextStyle *,OH_Drawing_Pen *)"
native_drawing/drawing_text_typography.h,2296,OH_Drawing_TextStyleGetHalfLeading,bool,OH_Drawing_TextStyle * style,bool OH_Drawing_TextStyleGetHalfLeading(OH_Drawing_TextStyle *)
native_drawing/drawing_text_typography.h,2262,OH_Drawing_TextStyleGetLetterSpacing,double,OH_Drawing_TextStyle * style,double OH_Drawing_TextStyleGetLetterSpacing(OH_Drawing_TextStyle *)
native_drawing/drawing_text_typography.h,2308,OH_Drawing_TextStyleGetLocale,const char *,OH_Drawing_TextStyle * style,const char * OH_Drawing_TextStyleGetLocale(OH_Drawing_TextStyle *)
native_drawing/drawing_text_typography.h,1957,OH_Drawing_TextStyleGetShadowCount,int,OH_Drawing_TextStyle * style,int OH_Drawing_TextStyleGetShadowCount(OH_Drawing_TextStyle *)
native_drawing/drawing_text_typography.h,1991,OH_Drawing_TextStyleGetShadowWithIndex,OH_Drawing_TextShadow *,"OH_Drawing_TextStyle * style,int index","OH_Drawing_TextShadow * OH_Drawing_TextStyleGetShadowWithIndex(OH_Drawing_TextStyle *,int)"
native_drawing/drawing_text_typography.h,1946,OH_Drawing_TextStyleGetShadows,OH_Drawing_TextShadow *,OH_Drawing_TextStyle * style,OH_Drawing_TextShadow * OH_Drawing_TextStyleGetShadows(OH_Drawing_TextStyle *)
native_drawing/drawing_text_typography.h,2273,OH_Drawing_TextStyleGetWordSpacing,double,OH_Drawing_TextStyle * style,double OH_Drawing_TextStyleGetWordSpacing(OH_Drawing_TextStyle *)
native_drawing/drawing_text_typography.h,2391,OH_Drawing_TextStyleIsAttributeMatched,bool,"const OH_Drawing_TextStyle * style,const OH_Drawing_TextStyle * comparedStyle,OH_Drawing_TextStyleType textStyleType","bool OH_Drawing_TextStyleIsAttributeMatched(const OH_Drawing_TextStyle *,const OH_Drawing_TextStyle *,OH_Drawing_TextStyleType)"
native_drawing/drawing_text_typography.h,2366,OH_Drawing_TextStyleIsEqual,bool,"const OH_Drawing_TextStyle * style,const OH_Drawing_TextStyle * comparedStyle","bool OH_Drawing_TextStyleIsEqual(const OH_Drawing_TextStyle *,const OH_Drawing_TextStyle *)"
native_drawing/drawing_text_typography.h,2378,OH_Drawing_TextStyleIsEqualByFont,bool,"const OH_Drawing_TextStyle * style,const OH_Drawing_TextStyle * comparedStyle","bool OH_Drawing_TextStyleIsEqualByFont(const OH_Drawing_TextStyle *,const OH_Drawing_TextStyle *)"
native_drawing/drawing_text_typography.h,2413,OH_Drawing_TextStyleIsPlaceholder,bool,OH_Drawing_TextStyle * style,bool OH_Drawing_TextStyleIsPlaceholder(OH_Drawing_TextStyle *)
native_drawing/drawing_text_typography.h,2060,OH_Drawing_TextStyleSetBackgroundRect,void,"OH_Drawing_TextStyle * style,const OH_Drawing_RectStyle_Info * rectStyleInfo,int styleId","void OH_Drawing_TextStyleSetBackgroundRect(OH_Drawing_TextStyle *,const OH_Drawing_RectStyle_Info *,int)"
native_drawing/drawing_text_typography.h,2151,OH_Drawing_TextStyleSetBaselineShift,void,"OH_Drawing_TextStyle * style,double lineShift","void OH_Drawing_TextStyleSetBaselineShift(OH_Drawing_TextStyle *,double)"
native_drawing/drawing_text_typography.h,2402,OH_Drawing_TextStyleSetPlaceholder,void,OH_Drawing_TextStyle * style,void OH_Drawing_TextStyleSetPlaceholder(OH_Drawing_TextStyle *)
native_drawing/drawing_text_typography.h,2764,OH_Drawing_TypographyDestroyEllipsis,void,char * ellipsis,void OH_Drawing_TypographyDestroyEllipsis(char *)
native_drawing/drawing_text_typography.h,2537,OH_Drawing_TypographyDestroyLineFontMetrics,void,OH_Drawing_Font_Metrics * lineFontMetric,void OH_Drawing_TypographyDestroyLineFontMetrics(OH_Drawing_Font_Metrics *)
native_drawing/drawing_text_typography.h,2786,OH_Drawing_TypographyDestroyTextBox,void,OH_Drawing_TextBox * textBox,void OH_Drawing_TypographyDestroyTextBox(OH_Drawing_TextBox *)
native_drawing/drawing_text_typography.h,1135,OH_Drawing_TypographyDidExceedMaxLines,bool,OH_Drawing_Typography * typography,bool OH_Drawing_TypographyDidExceedMaxLines(OH_Drawing_Typography *)
native_drawing/drawing_text_typography.h,1102,OH_Drawing_TypographyGetAlphabeticBaseline,double,OH_Drawing_Typography * typography,double OH_Drawing_TypographyGetAlphabeticBaseline(OH_Drawing_Typography *)
native_drawing/drawing_text_typography.h,1659,OH_Drawing_TypographyGetEffectiveAlignment,int,OH_Drawing_TypographyStyle * style,int OH_Drawing_TypographyGetEffectiveAlignment(OH_Drawing_TypographyStyle *)
native_drawing/drawing_text_typography.h,1248,OH_Drawing_TypographyGetGlyphPositionAtCoordinate,OH_Drawing_PositionAndAffinity *,"OH_Drawing_Typography * typography,double dx,double dy","OH_Drawing_PositionAndAffinity * OH_Drawing_TypographyGetGlyphPositionAtCoordinate(OH_Drawing_Typography *,double,double)"
native_drawing/drawing_text_typography.h,1262,OH_Drawing_TypographyGetGlyphPositionAtCoordinateWithCluster,OH_Drawing_PositionAndAffinity *,"OH_Drawing_Typography * typography,double dx,double dy","OH_Drawing_PositionAndAffinity * OH_Drawing_TypographyGetGlyphPositionAtCoordinateWithCluster(OH_Drawing_Typography *,double,double)"
native_drawing/drawing_text_typography.h,1041,OH_Drawing_TypographyGetHeight,double,OH_Drawing_Typography * typography,double OH_Drawing_TypographyGetHeight(OH_Drawing_Typography *)
native_drawing/drawing_text_typography.h,1113,OH_Drawing_TypographyGetIdeographicBaseline,double,OH_Drawing_Typography * typography,double OH_Drawing_TypographyGetIdeographicBaseline(OH_Drawing_Typography *)
native_drawing/drawing_text_typography.h,2015,OH_Drawing_TypographyGetIndentsWithIndex,float,"OH_Drawing_Typography * typography,int index","float OH_Drawing_TypographyGetIndentsWithIndex(OH_Drawing_Typography *,int)"
native_drawing/drawing_text_typography.h,1330,OH_Drawing_TypographyGetLineCount,size_t,OH_Drawing_Typography * typography,size_t OH_Drawing_TypographyGetLineCount(OH_Drawing_Typography *)
native_drawing/drawing_text_typography.h,2526,OH_Drawing_TypographyGetLineFontMetrics,OH_Drawing_Font_Metrics *,"OH_Drawing_Typography * typography,size_t lineNumber,size_t * fontMetricsSize","OH_Drawing_Font_Metrics * OH_Drawing_TypographyGetLineFontMetrics(OH_Drawing_Typography *,size_t,size_t *)"
native_drawing/drawing_text_typography.h,1453,OH_Drawing_TypographyGetLineHeight,double,"OH_Drawing_Typography * typography,int lineNumber","double OH_Drawing_TypographyGetLineHeight(OH_Drawing_Typography *,int)"
native_drawing/drawing_text_typography.h,1726,OH_Drawing_TypographyGetLineInfo,bool,"OH_Drawing_Typography * typography,int lineNumber,bool oneLine,bool includeWhitespace,OH_Drawing_LineMetrics * drawingLineMetrics","bool OH_Drawing_TypographyGetLineInfo(OH_Drawing_Typography *,int,bool,bool,OH_Drawing_LineMetrics *)"
native_drawing/drawing_text_typography.h,1565,OH_Drawing_TypographyGetLineMetrics,OH_Drawing_LineMetrics *,OH_Drawing_Typography * typography,OH_Drawing_LineMetrics * OH_Drawing_TypographyGetLineMetrics(OH_Drawing_Typography *)
native_drawing/drawing_text_typography.h,1599,OH_Drawing_TypographyGetLineMetricsAt,bool,"OH_Drawing_Typography * typography,int lineNumber,OH_Drawing_LineMetrics * lineMetric","bool OH_Drawing_TypographyGetLineMetricsAt(OH_Drawing_Typography *,int,OH_Drawing_LineMetrics *)"
native_drawing/drawing_text_typography.h,1478,OH_Drawing_TypographyGetLineTextRange,OH_Drawing_Range *,"OH_Drawing_Typography * typography,int lineNumber,bool includeSpaces","OH_Drawing_Range * OH_Drawing_TypographyGetLineTextRange(OH_Drawing_Typography *,int,bool)"
native_drawing/drawing_text_typography.h,1465,OH_Drawing_TypographyGetLineWidth,double,"OH_Drawing_Typography * typography,int lineNumber","double OH_Drawing_TypographyGetLineWidth(OH_Drawing_Typography *,int)"
native_drawing/drawing_text_typography.h,1055,OH_Drawing_TypographyGetLongestLine,double,OH_Drawing_Typography * typography,double OH_Drawing_TypographyGetLongestLine(OH_Drawing_Typography *)
native_drawing/drawing_text_typography.h,1069,OH_Drawing_TypographyGetLongestLineWithIndent,double,OH_Drawing_Typography * typography,double OH_Drawing_TypographyGetLongestLineWithIndent(OH_Drawing_Typography *)
native_drawing/drawing_text_typography.h,1091,OH_Drawing_TypographyGetMaxIntrinsicWidth,double,OH_Drawing_Typography * typography,double OH_Drawing_TypographyGetMaxIntrinsicWidth(OH_Drawing_Typography *)
native_drawing/drawing_text_typography.h,1030,OH_Drawing_TypographyGetMaxWidth,double,OH_Drawing_Typography * typography,double OH_Drawing_TypographyGetMaxWidth(OH_Drawing_Typography *)
native_drawing/drawing_text_typography.h,1080,OH_Drawing_TypographyGetMinIntrinsicWidth,double,OH_Drawing_Typography * typography,double OH_Drawing_TypographyGetMinIntrinsicWidth(OH_Drawing_Typography *)
native_drawing/drawing_text_typography.h,1164,OH_Drawing_TypographyGetRectsForPlaceholders,OH_Drawing_TextBox *,OH_Drawing_Typography * typography,OH_Drawing_TextBox * OH_Drawing_TypographyGetRectsForPlaceholders(OH_Drawing_Typography *)
native_drawing/drawing_text_typography.h,1152,OH_Drawing_TypographyGetRectsForRange,OH_Drawing_TextBox *,"OH_Drawing_Typography * typography,size_t start,size_t end,OH_Drawing_RectHeightStyle heightStyle,OH_Drawing_RectWidthStyle widthStyle","OH_Drawing_TextBox * OH_Drawing_TypographyGetRectsForRange(OH_Drawing_Typography *,size_t,size_t,OH_Drawing_RectHeightStyle,OH_Drawing_RectWidthStyle)"
native_drawing/drawing_text_typography.h,2718,OH_Drawing_TypographyGetTextAlign,OH_Drawing_TextAlign,OH_Drawing_TypographyStyle * style,OH_Drawing_TextAlign OH_Drawing_TypographyGetTextAlign(OH_Drawing_TypographyStyle *)
native_drawing/drawing_text_typography.h,2730,OH_Drawing_TypographyGetTextDirection,OH_Drawing_TextDirection,OH_Drawing_TypographyStyle * style,OH_Drawing_TextDirection OH_Drawing_TypographyGetTextDirection(OH_Drawing_TypographyStyle *)
native_drawing/drawing_text_typography.h,2754,OH_Drawing_TypographyGetTextEllipsis,char *,OH_Drawing_TypographyStyle * style,char * OH_Drawing_TypographyGetTextEllipsis(OH_Drawing_TypographyStyle *)
native_drawing/drawing_text_typography.h,2742,OH_Drawing_TypographyGetTextMaxLines,size_t,OH_Drawing_TypographyStyle * style,size_t OH_Drawing_TypographyGetTextMaxLines(OH_Drawing_TypographyStyle *)
native_drawing/drawing_text_typography.h,1647,OH_Drawing_TypographyGetTextStyle,OH_Drawing_TextStyle *,OH_Drawing_TypographyStyle * style,OH_Drawing_TextStyle * OH_Drawing_TypographyGetTextStyle(OH_Drawing_TypographyStyle *)
native_drawing/drawing_text_typography.h,2558,OH_Drawing_TypographyGetUnresolvedGlyphsCount,int32_t,OH_Drawing_Typography * typography,int32_t OH_Drawing_TypographyGetUnresolvedGlyphsCount(OH_Drawing_Typography *)
native_drawing/drawing_text_typography.h,1297,OH_Drawing_TypographyGetWordBoundary,OH_Drawing_Range *,"OH_Drawing_Typography * typography,size_t offset","OH_Drawing_Range * OH_Drawing_TypographyGetWordBoundary(OH_Drawing_Typography *,size_t)"
native_drawing/drawing_text_typography.h,1124,OH_Drawing_TypographyHandlerAddPlaceholder,void,"OH_Drawing_TypographyCreate * handler,OH_Drawing_PlaceholderSpan * span","void OH_Drawing_TypographyHandlerAddPlaceholder(OH_Drawing_TypographyCreate *,OH_Drawing_PlaceholderSpan *)"
native_drawing/drawing_text_typography.h,2072,OH_Drawing_TypographyHandlerAddSymbol,void,"OH_Drawing_TypographyCreate * handler,uint32_t symbol","void OH_Drawing_TypographyHandlerAddSymbol(OH_Drawing_TypographyCreate *,uint32_t)"
native_drawing/drawing_text_typography.h,948,OH_Drawing_TypographyHandlerAddText,void,"OH_Drawing_TypographyCreate * handler,const char * text","void OH_Drawing_TypographyHandlerAddText(OH_Drawing_TypographyCreate *,const char *)"
native_drawing/drawing_text_typography.h,958,OH_Drawing_TypographyHandlerPopTextStyle,void,OH_Drawing_TypographyCreate * handler,void OH_Drawing_TypographyHandlerPopTextStyle(OH_Drawing_TypographyCreate *)
native_drawing/drawing_text_typography.h,937,OH_Drawing_TypographyHandlerPushTextStyle,void,"OH_Drawing_TypographyCreate * handler,OH_Drawing_TextStyle * style","void OH_Drawing_TypographyHandlerPushTextStyle(OH_Drawing_TypographyCreate *,OH_Drawing_TextStyle *)"
native_drawing/drawing_text_typography.h,1685,OH_Drawing_TypographyIsEllipsized,bool,OH_Drawing_TypographyStyle * style,bool OH_Drawing_TypographyIsEllipsized(OH_Drawing_TypographyStyle *)
native_drawing/drawing_text_typography.h,1672,OH_Drawing_TypographyIsLineUnlimited,bool,OH_Drawing_TypographyStyle * style,bool OH_Drawing_TypographyIsLineUnlimited(OH_Drawing_TypographyStyle *)
native_drawing/drawing_text_typography.h,990,OH_Drawing_TypographyLayout,void,"OH_Drawing_Typography * typography,double maxWidth","void OH_Drawing_TypographyLayout(OH_Drawing_Typography *,double)"
native_drawing/drawing_text_typography.h,2547,OH_Drawing_TypographyMarkDirty,void,OH_Drawing_Typography * typography,void OH_Drawing_TypographyMarkDirty(OH_Drawing_Typography *)
native_drawing/drawing_text_typography.h,1003,OH_Drawing_TypographyPaint,void,"OH_Drawing_Typography * typography,OH_Drawing_Canvas * canvas,double potisionX,double potisionY","void OH_Drawing_TypographyPaint(OH_Drawing_Typography *,OH_Drawing_Canvas *,double,double)"
native_drawing/drawing_text_typography.h,1018,OH_Drawing_TypographyPaintOnPath,void,"OH_Drawing_Typography * typography,OH_Drawing_Canvas * canvas,OH_Drawing_Path * path,double hOffset,double vOffset","void OH_Drawing_TypographyPaintOnPath(OH_Drawing_Typography *,OH_Drawing_Canvas *,OH_Drawing_Path *,double,double)"
native_drawing/drawing_text_typography.h,2003,OH_Drawing_TypographySetIndents,void,"OH_Drawing_Typography * typography,int indentsNumber,const float indents[]","void OH_Drawing_TypographySetIndents(OH_Drawing_Typography *,int,const float indents[])"
native_drawing/drawing_text_typography.h,2480,OH_Drawing_TypographyStyleDestroyStrutStyle,void,OH_Drawing_StrutStyle * strutstyle,void OH_Drawing_TypographyStyleDestroyStrutStyle(OH_Drawing_StrutStyle *)
native_drawing/drawing_text_typography.h,2776,OH_Drawing_TypographyStyleEquals,bool,"OH_Drawing_TypographyStyle * from,OH_Drawing_TypographyStyle * to","bool OH_Drawing_TypographyStyleEquals(OH_Drawing_TypographyStyle *,OH_Drawing_TypographyStyle *)"
native_drawing/drawing_text_typography.h,2424,OH_Drawing_TypographyStyleGetEffectiveAlignment,OH_Drawing_TextAlign,OH_Drawing_TypographyStyle * style,OH_Drawing_TextAlign OH_Drawing_TypographyStyleGetEffectiveAlignment(OH_Drawing_TypographyStyle *)
native_drawing/drawing_text_typography.h,2354,OH_Drawing_TypographyStyleGetFontStyleStruct,OH_Drawing_FontStyleStruct,OH_Drawing_TypographyStyle * drawingStyle,OH_Drawing_FontStyleStruct OH_Drawing_TypographyStyleGetFontStyleStruct(OH_Drawing_TypographyStyle *)
native_drawing/drawing_text_typography.h,2491,OH_Drawing_TypographyStyleGetStrutStyle,OH_Drawing_StrutStyle *,OH_Drawing_TypographyStyle * style,OH_Drawing_StrutStyle * OH_Drawing_TypographyStyleGetStrutStyle(OH_Drawing_TypographyStyle *)
native_drawing/drawing_text_typography.h,2435,OH_Drawing_TypographyStyleIsHintEnabled,bool,OH_Drawing_TypographyStyle * style,bool OH_Drawing_TypographyStyleIsHintEnabled(OH_Drawing_TypographyStyle *)
native_drawing/drawing_text_typography.h,2513,OH_Drawing_TypographyStyleSetHintsEnabled,void,"OH_Drawing_TypographyStyle * style,bool hintsEnabled","void OH_Drawing_TypographyStyleSetHintsEnabled(OH_Drawing_TypographyStyle *,bool)"
native_drawing/drawing_text_typography.h,2502,OH_Drawing_TypographyStyleStrutStyleEquals,bool,"OH_Drawing_StrutStyle * from,OH_Drawing_StrutStyle * to","bool OH_Drawing_TypographyStyleStrutStyleEquals(OH_Drawing_StrutStyle *,OH_Drawing_StrutStyle *)"
native_drawing/drawing_text_typography.h,2048,OH_Drawing_TypographyTextGetHeightBehavior,OH_Drawing_TextHeightBehavior,OH_Drawing_TypographyStyle * style,OH_Drawing_TextHeightBehavior OH_Drawing_TypographyTextGetHeightBehavior(OH_Drawing_TypographyStyle *)
native_drawing/drawing_text_typography.h,2582,OH_Drawing_TypographyTextGetLineStyle,bool,OH_Drawing_TypographyStyle * style,bool OH_Drawing_TypographyTextGetLineStyle(OH_Drawing_TypographyStyle *)
native_drawing/drawing_text_typography.h,2036,OH_Drawing_TypographyTextSetHeightBehavior,void,"OH_Drawing_TypographyStyle * style,OH_Drawing_TextHeightBehavior heightMode","void OH_Drawing_TypographyTextSetHeightBehavior(OH_Drawing_TypographyStyle *,OH_Drawing_TextHeightBehavior)"
native_drawing/drawing_text_typography.h,2706,OH_Drawing_TypographyTextlineGetStyleOnly,bool,OH_Drawing_TypographyStyle * style,bool OH_Drawing_TypographyTextlineGetStyleOnly(OH_Drawing_TypographyStyle *)
native_drawing/drawing_text_typography.h,2632,OH_Drawing_TypographyTextlineStyleDestroyFontFamilies,void,"char ** fontFamilies,size_t fontFamiliesNum","void OH_Drawing_TypographyTextlineStyleDestroyFontFamilies(char **,size_t)"
native_drawing/drawing_text_typography.h,2621,OH_Drawing_TypographyTextlineStyleGetFontFamilies,char **,"OH_Drawing_TypographyStyle * style,size_t * num","char ** OH_Drawing_TypographyTextlineStyleGetFontFamilies(OH_Drawing_TypographyStyle *,size_t *)"
native_drawing/drawing_text_typography.h,2644,OH_Drawing_TypographyTextlineStyleGetFontSize,double,OH_Drawing_TypographyStyle * style,double OH_Drawing_TypographyTextlineStyleGetFontSize(OH_Drawing_TypographyStyle *)
native_drawing/drawing_text_typography.h,2608,OH_Drawing_TypographyTextlineStyleGetFontStyle,OH_Drawing_FontStyle,OH_Drawing_TypographyStyle * style,OH_Drawing_FontStyle OH_Drawing_TypographyTextlineStyleGetFontStyle(OH_Drawing_TypographyStyle *)
native_drawing/drawing_text_typography.h,2595,OH_Drawing_TypographyTextlineStyleGetFontWeight,OH_Drawing_FontWeight,OH_Drawing_TypographyStyle * style,OH_Drawing_FontWeight OH_Drawing_TypographyTextlineStyleGetFontWeight(OH_Drawing_TypographyStyle *)
native_drawing/drawing_text_typography.h,2681,OH_Drawing_TypographyTextlineStyleGetHalfLeading,bool,OH_Drawing_TypographyStyle * style,bool OH_Drawing_TypographyTextlineStyleGetHalfLeading(OH_Drawing_TypographyStyle *)
native_drawing/drawing_text_typography.h,2669,OH_Drawing_TypographyTextlineStyleGetHeightOnly,bool,OH_Drawing_TypographyStyle * style,bool OH_Drawing_TypographyTextlineStyleGetHeightOnly(OH_Drawing_TypographyStyle *)
native_drawing/drawing_text_typography.h,2656,OH_Drawing_TypographyTextlineStyleGetHeightScale,double,OH_Drawing_TypographyStyle * style,double OH_Drawing_TypographyTextlineStyleGetHeightScale(OH_Drawing_TypographyStyle *)
native_drawing/drawing_text_typography.h,2693,OH_Drawing_TypographyTextlineStyleGetSpacingScale,double,OH_Drawing_TypographyStyle * style,double OH_Drawing_TypographyTextlineStyleGetSpacingScale(OH_Drawing_TypographyStyle *)
native_drawing/drawing_text_typography.h,2571,OH_Drawing_TypographyUpdateFontSize,void,"OH_Drawing_Typography * typography,size_t from,size_t to,float fontSize","void OH_Drawing_TypographyUpdateFontSize(OH_Drawing_Typography *,size_t,size_t,float)"
native_drawing/drawing_typeface.h,159,OH_Drawing_FontArgumentsAddVariation,OH_Drawing_ErrorCode,"OH_Drawing_FontArguments * fontArguments,const char * axis,float value","OH_Drawing_ErrorCode OH_Drawing_FontArgumentsAddVariation(OH_Drawing_FontArguments *,const char *,float)"
native_drawing/drawing_typeface.h,143,OH_Drawing_FontArgumentsCreate,OH_Drawing_FontArguments *,void,OH_Drawing_FontArguments * OH_Drawing_FontArgumentsCreate(void)
native_drawing/drawing_typeface.h,173,OH_Drawing_FontArgumentsDestroy,OH_Drawing_ErrorCode,OH_Drawing_FontArguments * fontArguments,OH_Drawing_ErrorCode OH_Drawing_FontArgumentsDestroy(OH_Drawing_FontArguments *)
native_drawing/drawing_typeface.h,58,OH_Drawing_TypefaceCreateDefault,OH_Drawing_Typeface *,void,OH_Drawing_Typeface * OH_Drawing_TypefaceCreateDefault(void)
native_drawing/drawing_typeface.h,106,OH_Drawing_TypefaceCreateFromCurrent,OH_Drawing_Typeface *,"const OH_Drawing_Typeface * current,const OH_Drawing_FontArguments * fontArguments","OH_Drawing_Typeface * OH_Drawing_TypefaceCreateFromCurrent(const OH_Drawing_Typeface *,const OH_Drawing_FontArguments *)"
native_drawing/drawing_typeface.h,70,OH_Drawing_TypefaceCreateFromFile,OH_Drawing_Typeface *,"const char * path,int index","OH_Drawing_Typeface * OH_Drawing_TypefaceCreateFromFile(const char *,int)"
native_drawing/drawing_typeface.h,88,OH_Drawing_TypefaceCreateFromFileWithArguments,OH_Drawing_Typeface *,"const char * path,const OH_Drawing_FontArguments * fontArguments","OH_Drawing_Typeface * OH_Drawing_TypefaceCreateFromFileWithArguments(const char *,const OH_Drawing_FontArguments *)"
native_drawing/drawing_typeface.h,121,OH_Drawing_TypefaceCreateFromStream,OH_Drawing_Typeface *,"OH_Drawing_MemoryStream * memoryStream,int32_t index","OH_Drawing_Typeface * OH_Drawing_TypefaceCreateFromStream(OH_Drawing_MemoryStream *,int32_t)"
native_drawing/drawing_typeface.h,131,OH_Drawing_TypefaceDestroy,void,OH_Drawing_Typeface * typeface,void OH_Drawing_TypefaceDestroy(OH_Drawing_Typeface *)
native_effect/effect_filter.h,78,OH_Filter_Blur,EffectErrorCode,"OH_Filter * filter,float radius","EffectErrorCode OH_Filter_Blur(OH_Filter *,float)"
native_effect/effect_filter.h,92,OH_Filter_BlurWithTileMode,EffectErrorCode,"OH_Filter * filter,float radius,EffectTileMode tileMode","EffectErrorCode OH_Filter_BlurWithTileMode(OH_Filter *,float,EffectTileMode)"
native_effect/effect_filter.h,104,OH_Filter_Brighten,EffectErrorCode,"OH_Filter * filter,float brightness","EffectErrorCode OH_Filter_Brighten(OH_Filter *,float)"
native_effect/effect_filter.h,55,OH_Filter_CreateEffect,EffectErrorCode,"OH_PixelmapNative * pixelmap,OH_Filter ** filter","EffectErrorCode OH_Filter_CreateEffect(OH_PixelmapNative *,OH_Filter **)"
native_effect/effect_filter.h,150,OH_Filter_GetEffectPixelMap,EffectErrorCode,"OH_Filter * filter,OH_PixelmapNative ** pixelmap","EffectErrorCode OH_Filter_GetEffectPixelMap(OH_Filter *,OH_PixelmapNative **)"
native_effect/effect_filter.h,115,OH_Filter_GrayScale,EffectErrorCode,OH_Filter * filter,EffectErrorCode OH_Filter_GrayScale(OH_Filter *)
native_effect/effect_filter.h,126,OH_Filter_Invert,EffectErrorCode,OH_Filter * filter,EffectErrorCode OH_Filter_Invert(OH_Filter *)
native_effect/effect_filter.h,66,OH_Filter_Release,EffectErrorCode,OH_Filter * filter,EffectErrorCode OH_Filter_Release(OH_Filter *)
native_effect/effect_filter.h,138,OH_Filter_SetColorMatrix,EffectErrorCode,"OH_Filter * filter,OH_Filter_ColorMatrix * matrix","EffectErrorCode OH_Filter_SetColorMatrix(OH_Filter *,OH_Filter_ColorMatrix *)"
native_image/native_image.h,323,OH_ConsumerSurface_Create,OH_NativeImage *,void,OH_NativeImage * OH_ConsumerSurface_Create(void)
native_image/native_image.h,352,OH_ConsumerSurface_SetDefaultSize,int32_t,"OH_NativeImage * image,int32_t width,int32_t height","int32_t OH_ConsumerSurface_SetDefaultSize(OH_NativeImage *,int32_t,int32_t)"
native_image/native_image.h,337,OH_ConsumerSurface_SetDefaultUsage,int32_t,"OH_NativeImage * image,uint64_t usage","int32_t OH_ConsumerSurface_SetDefaultUsage(OH_NativeImage *,uint64_t)"
native_image/native_image.h,106,OH_NativeImage_AcquireNativeWindow,OHNativeWindow *,OH_NativeImage * image,OHNativeWindow * OH_NativeImage_AcquireNativeWindow(OH_NativeImage *)
native_image/native_image.h,283,OH_NativeImage_AcquireNativeWindowBuffer,int32_t,"OH_NativeImage * image,OHNativeWindowBuffer ** nativeWindowBuffer,int * fenceFd","int32_t OH_NativeImage_AcquireNativeWindowBuffer(OH_NativeImage *,OHNativeWindowBuffer **,int *)"
native_image/native_image.h,120,OH_NativeImage_AttachContext,int32_t,"OH_NativeImage * image,uint32_t textureId","int32_t OH_NativeImage_AttachContext(OH_NativeImage *,uint32_t)"
native_image/native_image.h,94,OH_NativeImage_Create,OH_NativeImage *,"uint32_t textureId,uint32_t textureTarget","OH_NativeImage * OH_NativeImage_Create(uint32_t,uint32_t)"
native_image/native_image.h,225,OH_NativeImage_Destroy,void,OH_NativeImage ** image,void OH_NativeImage_Destroy(OH_NativeImage **)
native_image/native_image.h,133,OH_NativeImage_DetachContext,int32_t,OH_NativeImage * image,int32_t OH_NativeImage_DetachContext(OH_NativeImage *)
native_image/native_image.h,258,OH_NativeImage_GetBufferMatrix,int32_t,"OH_NativeImage * image,float matrix[16]","int32_t OH_NativeImage_GetBufferMatrix(OH_NativeImage *,float matrix[16])"
native_image/native_image.h,187,OH_NativeImage_GetSurfaceId,int32_t,"OH_NativeImage * image,uint64_t * surfaceId","int32_t OH_NativeImage_GetSurfaceId(OH_NativeImage *,uint64_t *)"
native_image/native_image.h,159,OH_NativeImage_GetTimestamp,int64_t,OH_NativeImage * image,int64_t OH_NativeImage_GetTimestamp(OH_NativeImage *)
native_image/native_image.h,174,OH_NativeImage_GetTransformMatrix,int32_t,"OH_NativeImage * image,float matrix[16]","int32_t OH_NativeImage_GetTransformMatrix(OH_NativeImage *,float matrix[16])"
native_image/native_image.h,240,OH_NativeImage_GetTransformMatrixV2,int32_t,"OH_NativeImage * image,float matrix[16]","int32_t OH_NativeImage_GetTransformMatrixV2(OH_NativeImage *,float matrix[16])"
native_image/native_image.h,303,OH_NativeImage_ReleaseNativeWindowBuffer,int32_t,"OH_NativeImage * image,OHNativeWindowBuffer * nativeWindowBuffer,int fenceFd","int32_t OH_NativeImage_ReleaseNativeWindowBuffer(OH_NativeImage *,OHNativeWindowBuffer *,int)"
native_image/native_image.h,201,OH_NativeImage_SetOnFrameAvailableListener,int32_t,"OH_NativeImage * image,OH_OnFrameAvailableListener listener","int32_t OH_NativeImage_SetOnFrameAvailableListener(OH_NativeImage *,OH_OnFrameAvailableListener)"
native_image/native_image.h,213,OH_NativeImage_UnsetOnFrameAvailableListener,int32_t,OH_NativeImage * image,int32_t OH_NativeImage_UnsetOnFrameAvailableListener(OH_NativeImage *)
native_image/native_image.h,147,OH_NativeImage_UpdateSurfaceImage,int32_t,OH_NativeImage * image,int32_t OH_NativeImage_UpdateSurfaceImage(OH_NativeImage *)
native_vsync/native_vsync.h,61,OH_NativeVSync_Create,OH_NativeVSync *,"const char * name,unsigned int length","OH_NativeVSync * OH_NativeVSync_Create(const char *,unsigned int)"
native_vsync/native_vsync.h,85,OH_NativeVSync_Create_ForAssociatedWindow,OH_NativeVSync *,"uint64_t windowID,const char * name,unsigned int length","OH_NativeVSync * OH_NativeVSync_Create_ForAssociatedWindow(uint64_t,const char *,unsigned int)"
native_vsync/native_vsync.h,156,OH_NativeVSync_DVSyncSwitch,int,"OH_NativeVSync * nativeVsync,bool enable","int OH_NativeVSync_DVSyncSwitch(OH_NativeVSync *,bool)"
native_vsync/native_vsync.h,71,OH_NativeVSync_Destroy,void,OH_NativeVSync * nativeVsync,void OH_NativeVSync_Destroy(OH_NativeVSync *)
native_vsync/native_vsync.h,129,OH_NativeVSync_GetPeriod,int,"OH_NativeVSync * nativeVsync,long long * period","int OH_NativeVSync_GetPeriod(OH_NativeVSync *,long long *)"
native_vsync/native_vsync.h,100,OH_NativeVSync_RequestFrame,int,"OH_NativeVSync * nativeVsync,OH_NativeVSync_FrameCallback callback,void * data","int OH_NativeVSync_RequestFrame(OH_NativeVSync *,OH_NativeVSync_FrameCallback,void *)"
native_vsync/native_vsync.h,116,OH_NativeVSync_RequestFrameWithMultiCallback,int,"OH_NativeVSync * nativeVsync,OH_NativeVSync_FrameCallback callback,void * data","int OH_NativeVSync_RequestFrameWithMultiCallback(OH_NativeVSync *,OH_NativeVSync_FrameCallback,void *)"
native_window/external_window.h,415,OH_NativeWindow_CreateNativeWindow,OHNativeWindow *,void * pSurface,OHNativeWindow * OH_NativeWindow_CreateNativeWindow(void *)
native_window/external_window.h,455,OH_NativeWindow_CreateNativeWindowBufferFromNativeBuffer,OHNativeWindowBuffer *,OH_NativeBuffer * nativeBuffer,OHNativeWindowBuffer * OH_NativeWindow_CreateNativeWindowBufferFromNativeBuffer(OH_NativeBuffer *)
native_window/external_window.h,440,OH_NativeWindow_CreateNativeWindowBufferFromSurfaceBuffer,OHNativeWindowBuffer *,void * pSurfaceBuffer,OHNativeWindowBuffer * OH_NativeWindow_CreateNativeWindowBufferFromSurfaceBuffer(void *)
native_window/external_window.h,723,OH_NativeWindow_CreateNativeWindowFromSurfaceId,int32_t,"uint64_t surfaceId,OHNativeWindow ** window","int32_t OH_NativeWindow_CreateNativeWindowFromSurfaceId(uint64_t,OHNativeWindow **)"
native_window/external_window.h,427,OH_NativeWindow_DestroyNativeWindow,void,OHNativeWindow * window,void OH_NativeWindow_DestroyNativeWindow(OHNativeWindow *)
native_window/external_window.h,467,OH_NativeWindow_DestroyNativeWindowBuffer,void,OHNativeWindowBuffer * buffer,void OH_NativeWindow_DestroyNativeWindowBuffer(OHNativeWindowBuffer *)
native_window/external_window.h,562,OH_NativeWindow_GetBufferHandleFromNative,BufferHandle *,OHNativeWindowBuffer * buffer,BufferHandle * OH_NativeWindow_GetBufferHandleFromNative(OHNativeWindowBuffer *)
native_window/external_window.h,826,OH_NativeWindow_GetColorSpace,int32_t,"OHNativeWindow * window,OH_NativeBuffer_ColorSpace * colorSpace","int32_t OH_NativeWindow_GetColorSpace(OHNativeWindow *,OH_NativeBuffer_ColorSpace *)"
native_window/external_window.h,521,OH_NativeWindow_GetLastFlushedBuffer,int32_t,"OHNativeWindow * window,OHNativeWindowBuffer ** buffer,int * fenceFd,float matrix[16]","int32_t OH_NativeWindow_GetLastFlushedBuffer(OHNativeWindow *,OHNativeWindowBuffer **,int *,float matrix[16])"
native_window/external_window.h,796,OH_NativeWindow_GetLastFlushedBufferV2,int32_t,"OHNativeWindow * window,OHNativeWindowBuffer ** buffer,int * fenceFd,float matrix[16]","int32_t OH_NativeWindow_GetLastFlushedBufferV2(OHNativeWindow *,OHNativeWindowBuffer **,int *,float matrix[16])"
native_window/external_window.h,863,OH_NativeWindow_GetMetadataValue,int32_t,"OHNativeWindow * window,OH_NativeBuffer_MetadataKey metadataKey,int32_t * size,uint8_t ** metadata","int32_t OH_NativeWindow_GetMetadataValue(OHNativeWindow *,OH_NativeBuffer_MetadataKey,int32_t *,uint8_t **)"
native_window/external_window.h,601,OH_NativeWindow_GetNativeObjectMagic,int32_t,void * obj,int32_t OH_NativeWindow_GetNativeObjectMagic(void *)
native_window/external_window.h,703,OH_NativeWindow_GetSurfaceId,int32_t,"OHNativeWindow * window,uint64_t * surfaceId","int32_t OH_NativeWindow_GetSurfaceId(OHNativeWindow *,uint64_t *)"
native_window/external_window.h,576,OH_NativeWindow_NativeObjectReference,int32_t,void * obj,int32_t OH_NativeWindow_NativeObjectReference(void *)
native_window/external_window.h,589,OH_NativeWindow_NativeObjectUnreference,int32_t,void * obj,int32_t OH_NativeWindow_NativeObjectUnreference(void *)
native_window/external_window.h,536,OH_NativeWindow_NativeWindowAbortBuffer,int32_t,"OHNativeWindow * window,OHNativeWindowBuffer * buffer","int32_t OH_NativeWindow_NativeWindowAbortBuffer(OHNativeWindow *,OHNativeWindowBuffer *)"
native_window/external_window.h,677,OH_NativeWindow_NativeWindowAttachBuffer,int32_t,"OHNativeWindow * window,OHNativeWindowBuffer * buffer","int32_t OH_NativeWindow_NativeWindowAttachBuffer(OHNativeWindow *,OHNativeWindowBuffer *)"
native_window/external_window.h,690,OH_NativeWindow_NativeWindowDetachBuffer,int32_t,"OHNativeWindow * window,OHNativeWindowBuffer * buffer","int32_t OH_NativeWindow_NativeWindowDetachBuffer(OHNativeWindow *,OHNativeWindowBuffer *)"
native_window/external_window.h,504,OH_NativeWindow_NativeWindowFlushBuffer,int32_t,"OHNativeWindow * window,OHNativeWindowBuffer * buffer,int fenceFd,Region region","int32_t OH_NativeWindow_NativeWindowFlushBuffer(OHNativeWindow *,OHNativeWindowBuffer *,int,Region)"
native_window/external_window.h,550,OH_NativeWindow_NativeWindowHandleOpt,int32_t,"OHNativeWindow * window,int code,...","int32_t OH_NativeWindow_NativeWindowHandleOpt(OHNativeWindow *,int,...)"
native_window/external_window.h,486,OH_NativeWindow_NativeWindowRequestBuffer,int32_t,"OHNativeWindow * window,OHNativeWindowBuffer ** buffer,int * fenceFd","int32_t OH_NativeWindow_NativeWindowRequestBuffer(OHNativeWindow *,OHNativeWindowBuffer **,int *)"
native_window/external_window.h,631,OH_NativeWindow_NativeWindowSetMetaData,int32_t,"OHNativeWindow * window,uint32_t sequence,int32_t size,const OHHDRMetaData * metaData","int32_t OH_NativeWindow_NativeWindowSetMetaData(OHNativeWindow *,uint32_t,int32_t,const OHHDRMetaData *)"
native_window/external_window.h,648,OH_NativeWindow_NativeWindowSetMetaDataSet,int32_t,"OHNativeWindow * window,uint32_t sequence,OHHDRMetadataKey key,int32_t size,const uint8_t * metaData","int32_t OH_NativeWindow_NativeWindowSetMetaDataSet(OHNativeWindow *,uint32_t,OHHDRMetadataKey,int32_t,const uint8_t *)"
native_window/external_window.h,615,OH_NativeWindow_NativeWindowSetScalingMode,int32_t,"OHNativeWindow * window,uint32_t sequence,OHScalingMode scalingMode","int32_t OH_NativeWindow_NativeWindowSetScalingMode(OHNativeWindow *,uint32_t,OHScalingMode)"
native_window/external_window.h,736,OH_NativeWindow_NativeWindowSetScalingModeV2,int32_t,"OHNativeWindow * window,OHScalingModeV2 scalingMode","int32_t OH_NativeWindow_NativeWindowSetScalingModeV2(OHNativeWindow *,OHScalingModeV2)"
native_window/external_window.h,662,OH_NativeWindow_NativeWindowSetTunnelHandle,int32_t,"OHNativeWindow * window,const OHExtDataHandle * handle","int32_t OH_NativeWindow_NativeWindowSetTunnelHandle(OHNativeWindow *,const OHExtDataHandle *)"
native_window/external_window.h,775,OH_NativeWindow_ReadFromParcel,int32_t,"OHIPCParcel * parcel,OHNativeWindow ** window","int32_t OH_NativeWindow_ReadFromParcel(OHIPCParcel *,OHNativeWindow **)"
native_window/external_window.h,747,OH_NativeWindow_SetBufferHold,void,OHNativeWindow * window,void OH_NativeWindow_SetBufferHold(OHNativeWindow *)
native_window/external_window.h,811,OH_NativeWindow_SetColorSpace,int32_t,"OHNativeWindow * window,OH_NativeBuffer_ColorSpace colorSpace","int32_t OH_NativeWindow_SetColorSpace(OHNativeWindow *,OH_NativeBuffer_ColorSpace)"
native_window/external_window.h,844,OH_NativeWindow_SetMetadataValue,int32_t,"OHNativeWindow * window,OH_NativeBuffer_MetadataKey metadataKey,int32_t size,uint8_t * metadata","int32_t OH_NativeWindow_SetMetadataValue(OHNativeWindow *,OH_NativeBuffer_MetadataKey,int32_t,uint8_t *)"
native_window/external_window.h,761,OH_NativeWindow_WriteToParcel,int32_t,"OHNativeWindow * window,OHIPCParcel * parcel","int32_t OH_NativeWindow_WriteToParcel(OHNativeWindow *,OHIPCParcel *)"
network/netmanager/net_connection.h,194,OHOS_NetConn_RegisterDnsResolver,int32_t,OH_NetConn_CustomDnsResolver resolver,int32_t OHOS_NetConn_RegisterDnsResolver(OH_NetConn_CustomDnsResolver)
network/netmanager/net_connection.h,209,OHOS_NetConn_UnregisterDnsResolver,int32_t,void,int32_t OHOS_NetConn_UnregisterDnsResolver(void)
network/netmanager/net_connection.h,252,OH_NetConn_BindSocket,int32_t,"int32_t socketFd,NetConn_NetHandle * netHandle","int32_t OH_NetConn_BindSocket(int32_t,NetConn_NetHandle *)"
network/netmanager/net_connection.h,164,OH_NetConn_FreeDnsResult,int32_t,struct addrinfo * res,int32_t OH_NetConn_FreeDnsResult(struct addrinfo *)
network/netmanager/net_connection.h,150,OH_NetConn_GetAddrInfo,int32_t,"char * host,char * serv,struct addrinfo * hint,struct addrinfo ** res,int32_t netId","int32_t OH_NetConn_GetAddrInfo(char *,char *,struct addrinfo *,struct addrinfo **,int32_t)"
network/netmanager/net_connection.h,178,OH_NetConn_GetAllNets,int32_t,NetConn_NetHandleList * netHandleList,int32_t OH_NetConn_GetAllNets(NetConn_NetHandleList *)
network/netmanager/net_connection.h,104,OH_NetConn_GetConnectionProperties,int32_t,"NetConn_NetHandle * netHandle,NetConn_ConnectionProperties * prop","int32_t OH_NetConn_GetConnectionProperties(NetConn_NetHandle *,NetConn_ConnectionProperties *)"
network/netmanager/net_connection.h,132,OH_NetConn_GetDefaultHttpProxy,int32_t,NetConn_HttpProxy * httpProxy,int32_t OH_NetConn_GetDefaultHttpProxy(NetConn_HttpProxy *)
network/netmanager/net_connection.h,75,OH_NetConn_GetDefaultNet,int32_t,NetConn_NetHandle * netHandle,int32_t OH_NetConn_GetDefaultNet(NetConn_NetHandle *)
network/netmanager/net_connection.h,119,OH_NetConn_GetNetCapabilities,int32_t,"NetConn_NetHandle * netHandle,NetConn_NetCapabilities * netCapabilities","int32_t OH_NetConn_GetNetCapabilities(NetConn_NetHandle *,NetConn_NetCapabilities *)"
network/netmanager/net_connection.h,373,OH_NetConn_GetPacUrl,NetConn_ErrorCode,char * pacUrl,NetConn_ErrorCode OH_NetConn_GetPacUrl(char *)
network/netmanager/net_connection.h,61,OH_NetConn_HasDefaultNet,int32_t,int32_t * hasDefaultNet,int32_t OH_NetConn_HasDefaultNet(int32_t *)
network/netmanager/net_connection.h,89,OH_NetConn_IsDefaultNetMetered,int32_t,int32_t * isMetered,int32_t OH_NetConn_IsDefaultNetMetered(int32_t *)
network/netmanager/net_connection.h,277,OH_NetConn_RegisterAppHttpProxyCallback,int32_t,"OH_NetConn_AppHttpProxyChange appHttpProxyChange,uint32_t * callbackId","int32_t OH_NetConn_RegisterAppHttpProxyCallback(OH_NetConn_AppHttpProxyChange,uint32_t *)"
network/netmanager/net_connection.h,328,OH_NetConn_RegisterDefaultNetConnCallback,int32_t,"NetConn_NetConnCallback * netConnCallback,uint32_t * callbackId","int32_t OH_NetConn_RegisterDefaultNetConnCallback(NetConn_NetConnCallback *,uint32_t *)"
network/netmanager/net_connection.h,224,OH_NetConn_RegisterDnsResolver,int32_t,OH_NetConn_CustomDnsResolver resolver,int32_t OH_NetConn_RegisterDnsResolver(OH_NetConn_CustomDnsResolver)
network/netmanager/net_connection.h,308,OH_NetConn_RegisterNetConnCallback,int32_t,"NetConn_NetSpecifier * specifier,NetConn_NetConnCallback * netConnCallback,uint32_t timeout,uint32_t * callbackId","int32_t OH_NetConn_RegisterNetConnCallback(NetConn_NetSpecifier *,NetConn_NetConnCallback *,uint32_t,uint32_t *)"
network/netmanager/net_connection.h,264,OH_NetConn_SetAppHttpProxy,int32_t,NetConn_HttpProxy * httpProxy,int32_t OH_NetConn_SetAppHttpProxy(NetConn_HttpProxy *)
network/netmanager/net_connection.h,360,OH_NetConn_SetPacUrl,NetConn_ErrorCode,const char * pacUrl,NetConn_ErrorCode OH_NetConn_SetPacUrl(const char *)
network/netmanager/net_connection.h,287,OH_NetConn_UnregisterAppHttpProxyCallback,void,uint32_t callbackId,void OH_NetConn_UnregisterAppHttpProxyCallback(uint32_t)
network/netmanager/net_connection.h,237,OH_NetConn_UnregisterDnsResolver,int32_t,void,int32_t OH_NetConn_UnregisterDnsResolver(void)
network/netmanager/net_connection.h,345,OH_NetConn_UnregisterNetConnCallback,int32_t,uint32_t callBackId,int32_t OH_NetConn_UnregisterNetConnCallback(uint32_t)
network/netstack/net_websocket.h,76,OH_WebSocketClient_AddHeader,int,"struct WebSocket * client,struct WebSocket_Header header","int OH_WebSocketClient_AddHeader(struct WebSocket *,struct WebSocket_Header)"
network/netstack/net_websocket.h,118,OH_WebSocketClient_Close,int,"struct WebSocket * client,struct WebSocket_CloseOption options","int OH_WebSocketClient_Close(struct WebSocket *,struct WebSocket_CloseOption)"
network/netstack/net_websocket.h,90,OH_WebSocketClient_Connect,int,"struct WebSocket * client,const char * url,struct WebSocket_RequestOptions options","int OH_WebSocketClient_Connect(struct WebSocket *,const char *,struct WebSocket_RequestOptions)"
network/netstack/net_websocket.h,63,OH_WebSocketClient_Constructor,unknown,"WebSocket_OnOpenCallback onOpen,WebSocket_OnMessageCallback onMessage,WebSocket_OnErrorCallback onError,WebSocket_OnCloseCallback onclose","unknown OH_WebSocketClient_Constructor(WebSocket_OnOpenCallback,WebSocket_OnMessageCallback,WebSocket_OnErrorCallback,WebSocket_OnCloseCallback)"
network/netstack/net_websocket.h,130,OH_WebSocketClient_Destroy,int,struct WebSocket * client,int OH_WebSocketClient_Destroy(struct WebSocket *)
network/netstack/net_websocket.h,104,OH_WebSocketClient_Send,int,"struct WebSocket * client,char * data,size_t length","int OH_WebSocketClient_Send(struct WebSocket *,char *,size_t)"
network/netstack/net_ssl/net_ssl_c.h,72,OH_NetStack_CertVerification,uint32_t,"const struct NetStack_CertBlob * cert,const struct NetStack_CertBlob * caCert","uint32_t OH_NetStack_CertVerification(const struct NetStack_CertBlob *,const struct NetStack_CertBlob *)"
network/netstack/net_ssl/net_ssl_c.h,100,OH_NetStack_GetCertificatesForHostName,int32_t,"const char * hostname,NetStack_Certificates * certs","int32_t OH_NetStack_GetCertificatesForHostName(const char *,NetStack_Certificates *)"
network/netstack/net_ssl/net_ssl_c.h,86,OH_NetStack_GetPinSetForHostName,int32_t,"const char * hostname,NetStack_CertificatePinning * pin","int32_t OH_NetStack_GetPinSetForHostName(const char *,NetStack_CertificatePinning *)"
network/netstack/net_ssl/net_ssl_c.h,110,OH_Netstack_DestroyCertificatesContent,void,NetStack_Certificates * certs,void OH_Netstack_DestroyCertificatesContent(NetStack_Certificates *)
neural_network_runtime/neural_network_core.h,205,OH_NNCompilation_AddExtensionConfig,OH_NN_ReturnCode,"OH_NNCompilation * compilation,const char * configName,const void * configValue,const size_t configValueSize","OH_NN_ReturnCode OH_NNCompilation_AddExtensionConfig(OH_NNCompilation *,const char *,const void *,const size_t)"
neural_network_runtime/neural_network_core.h,353,OH_NNCompilation_Build,OH_NN_ReturnCode,OH_NNCompilation * compilation,OH_NN_ReturnCode OH_NNCompilation_Build(OH_NNCompilation *)
neural_network_runtime/neural_network_core.h,74,OH_NNCompilation_Construct,OH_NNCompilation *,const OH_NNModel * model,OH_NNCompilation * OH_NNCompilation_Construct(const OH_NNModel *)
neural_network_runtime/neural_network_core.h,129,OH_NNCompilation_ConstructForCache,OH_NNCompilation *,void,OH_NNCompilation * OH_NNCompilation_ConstructForCache(void)
neural_network_runtime/neural_network_core.h,112,OH_NNCompilation_ConstructWithOfflineModelBuffer,OH_NNCompilation *,"const void * modelBuffer,size_t modelSize","OH_NNCompilation * OH_NNCompilation_ConstructWithOfflineModelBuffer(const void *,size_t)"
neural_network_runtime/neural_network_core.h,94,OH_NNCompilation_ConstructWithOfflineModelFile,OH_NNCompilation *,const char * modelPath,OH_NNCompilation * OH_NNCompilation_ConstructWithOfflineModelFile(const char *)
neural_network_runtime/neural_network_core.h,369,OH_NNCompilation_Destroy,void,OH_NNCompilation ** compilation,void OH_NNCompilation_Destroy(OH_NNCompilation **)
neural_network_runtime/neural_network_core.h,332,OH_NNCompilation_EnableFloat16,OH_NN_ReturnCode,"OH_NNCompilation * compilation,bool enableFloat16","OH_NN_ReturnCode OH_NNCompilation_EnableFloat16(OH_NNCompilation *,bool)"
neural_network_runtime/neural_network_core.h,152,OH_NNCompilation_ExportCacheToBuffer,OH_NN_ReturnCode,"OH_NNCompilation * compilation,const void * buffer,size_t length,size_t * modelSize","OH_NN_ReturnCode OH_NNCompilation_ExportCacheToBuffer(OH_NNCompilation *,const void *,size_t,size_t *)"
neural_network_runtime/neural_network_core.h,179,OH_NNCompilation_ImportCacheFromBuffer,OH_NN_ReturnCode,"OH_NNCompilation * compilation,const void * buffer,size_t modelSize","OH_NN_ReturnCode OH_NNCompilation_ImportCacheFromBuffer(OH_NNCompilation *,const void *,size_t)"
neural_network_runtime/neural_network_core.h,265,OH_NNCompilation_SetCache,OH_NN_ReturnCode,"OH_NNCompilation * compilation,const char * cachePath,uint32_t version","OH_NN_ReturnCode OH_NNCompilation_SetCache(OH_NNCompilation *,const char *,uint32_t)"
neural_network_runtime/neural_network_core.h,227,OH_NNCompilation_SetDevice,OH_NN_ReturnCode,"OH_NNCompilation * compilation,size_t deviceID","OH_NN_ReturnCode OH_NNCompilation_SetDevice(OH_NNCompilation *,size_t)"
neural_network_runtime/neural_network_core.h,287,OH_NNCompilation_SetPerformanceMode,OH_NN_ReturnCode,"OH_NNCompilation * compilation,OH_NN_PerformanceMode performanceMode","OH_NN_ReturnCode OH_NNCompilation_SetPerformanceMode(OH_NNCompilation *,OH_NN_PerformanceMode)"
neural_network_runtime/neural_network_core.h,310,OH_NNCompilation_SetPriority,OH_NN_ReturnCode,"OH_NNCompilation * compilation,OH_NN_Priority priority","OH_NN_ReturnCode OH_NNCompilation_SetPriority(OH_NNCompilation *,OH_NN_Priority)"
neural_network_runtime/neural_network_core.h,1141,OH_NNDevice_GetAllDevicesID,OH_NN_ReturnCode,"const size_t ** allDevicesID,uint32_t * deviceCount","OH_NN_ReturnCode OH_NNDevice_GetAllDevicesID(const size_t **,uint32_t *)"
neural_network_runtime/neural_network_core.h,1165,OH_NNDevice_GetName,OH_NN_ReturnCode,"size_t deviceID,const char ** name","OH_NN_ReturnCode OH_NNDevice_GetName(size_t,const char **)"
neural_network_runtime/neural_network_core.h,1188,OH_NNDevice_GetType,OH_NN_ReturnCode,"size_t deviceID,OH_NN_DeviceType * deviceType","OH_NN_ReturnCode OH_NNDevice_GetType(size_t,OH_NN_DeviceType *)"
neural_network_runtime/neural_network_core.h,842,OH_NNExecutor_Construct,OH_NNExecutor *,OH_NNCompilation * compilation,OH_NNExecutor * OH_NNExecutor_Construct(OH_NNCompilation *)
neural_network_runtime/neural_network_core.h,945,OH_NNExecutor_CreateInputTensorDesc,NN_TensorDesc *,"const OH_NNExecutor * executor,size_t index","NN_TensorDesc * OH_NNExecutor_CreateInputTensorDesc(const OH_NNExecutor *,size_t)"
neural_network_runtime/neural_network_core.h,961,OH_NNExecutor_CreateOutputTensorDesc,NN_TensorDesc *,"const OH_NNExecutor * executor,size_t index","NN_TensorDesc * OH_NNExecutor_CreateOutputTensorDesc(const OH_NNExecutor *,size_t)"
neural_network_runtime/neural_network_core.h,895,OH_NNExecutor_Destroy,void,OH_NNExecutor ** executor,void OH_NNExecutor_Destroy(OH_NNExecutor **)
neural_network_runtime/neural_network_core.h,912,OH_NNExecutor_GetInputCount,OH_NN_ReturnCode,"const OH_NNExecutor * executor,size_t * inputCount","OH_NN_ReturnCode OH_NNExecutor_GetInputCount(const OH_NNExecutor *,size_t *)"
neural_network_runtime/neural_network_core.h,997,OH_NNExecutor_GetInputDimRange,OH_NN_ReturnCode,"const OH_NNExecutor * executor,size_t index,size_t ** minInputDims,size_t ** maxInputDims,size_t * shapeLength","OH_NN_ReturnCode OH_NNExecutor_GetInputDimRange(const OH_NNExecutor *,size_t,size_t **,size_t **,size_t *)"
neural_network_runtime/neural_network_core.h,929,OH_NNExecutor_GetOutputCount,OH_NN_ReturnCode,"const OH_NNExecutor * executor,size_t * outputCount","OH_NN_ReturnCode OH_NNExecutor_GetOutputCount(const OH_NNExecutor *,size_t *)"
neural_network_runtime/neural_network_core.h,878,OH_NNExecutor_GetOutputShape,OH_NN_ReturnCode,"OH_NNExecutor * executor,uint32_t outputIndex,int32_t ** shape,uint32_t * shapeLength","OH_NN_ReturnCode OH_NNExecutor_GetOutputShape(OH_NNExecutor *,uint32_t,int32_t **,uint32_t *)"
neural_network_runtime/neural_network_core.h,1112,OH_NNExecutor_RunAsync,OH_NN_ReturnCode,"OH_NNExecutor * executor,NN_Tensor * inputTensor[],size_t inputCount,NN_Tensor * outputTensor[],size_t outputCount,int32_t timeout,void * userData","OH_NN_ReturnCode OH_NNExecutor_RunAsync(OH_NNExecutor *,NN_Tensor * inputTensor[],size_t,NN_Tensor * outputTensor[],size_t,int32_t,void *)"
neural_network_runtime/neural_network_core.h,1062,OH_NNExecutor_RunSync,OH_NN_ReturnCode,"OH_NNExecutor * executor,NN_Tensor * inputTensor[],size_t inputCount,NN_Tensor * outputTensor[],size_t outputCount","OH_NN_ReturnCode OH_NNExecutor_RunSync(OH_NNExecutor *,NN_Tensor * inputTensor[],size_t,NN_Tensor * outputTensor[],size_t)"
neural_network_runtime/neural_network_core.h,1018,OH_NNExecutor_SetOnRunDone,OH_NN_ReturnCode,"OH_NNExecutor * executor,NN_OnRunDone onRunDone","OH_NN_ReturnCode OH_NNExecutor_SetOnRunDone(OH_NNExecutor *,NN_OnRunDone)"
neural_network_runtime/neural_network_core.h,1035,OH_NNExecutor_SetOnServiceDied,OH_NN_ReturnCode,"OH_NNExecutor * executor,NN_OnServiceDied onServiceDied","OH_NN_ReturnCode OH_NNExecutor_SetOnServiceDied(OH_NNExecutor *,NN_OnServiceDied)"
neural_network_runtime/neural_network_core.h,392,OH_NNTensorDesc_Create,NN_TensorDesc *,void,NN_TensorDesc * OH_NNTensorDesc_Create(void)
neural_network_runtime/neural_network_core.h,410,OH_NNTensorDesc_Destroy,OH_NN_ReturnCode,NN_TensorDesc ** tensorDesc,OH_NN_ReturnCode OH_NNTensorDesc_Destroy(NN_TensorDesc **)
neural_network_runtime/neural_network_core.h,611,OH_NNTensorDesc_GetByteSize,OH_NN_ReturnCode,"const NN_TensorDesc * tensorDesc,size_t * byteSize","OH_NN_ReturnCode OH_NNTensorDesc_GetByteSize(const NN_TensorDesc *,size_t *)"
neural_network_runtime/neural_network_core.h,488,OH_NNTensorDesc_GetDataType,OH_NN_ReturnCode,"const NN_TensorDesc * tensorDesc,OH_NN_DataType * dataType","OH_NN_ReturnCode OH_NNTensorDesc_GetDataType(const NN_TensorDesc *,OH_NN_DataType *)"
neural_network_runtime/neural_network_core.h,588,OH_NNTensorDesc_GetElementCount,OH_NN_ReturnCode,"const NN_TensorDesc * tensorDesc,size_t * elementCount","OH_NN_ReturnCode OH_NNTensorDesc_GetElementCount(const NN_TensorDesc *,size_t *)"
neural_network_runtime/neural_network_core.h,566,OH_NNTensorDesc_GetFormat,OH_NN_ReturnCode,"const NN_TensorDesc * tensorDesc,OH_NN_Format * format","OH_NN_ReturnCode OH_NNTensorDesc_GetFormat(const NN_TensorDesc *,OH_NN_Format *)"
neural_network_runtime/neural_network_core.h,452,OH_NNTensorDesc_GetName,OH_NN_ReturnCode,"const NN_TensorDesc * tensorDesc,const char ** name","OH_NN_ReturnCode OH_NNTensorDesc_GetName(const NN_TensorDesc *,const char **)"
neural_network_runtime/neural_network_core.h,530,OH_NNTensorDesc_GetShape,OH_NN_ReturnCode,"const NN_TensorDesc * tensorDesc,int32_t ** shape,size_t * shapeLength","OH_NN_ReturnCode OH_NNTensorDesc_GetShape(const NN_TensorDesc *,int32_t **,size_t *)"
neural_network_runtime/neural_network_core.h,470,OH_NNTensorDesc_SetDataType,OH_NN_ReturnCode,"NN_TensorDesc * tensorDesc,OH_NN_DataType dataType","OH_NN_ReturnCode OH_NNTensorDesc_SetDataType(NN_TensorDesc *,OH_NN_DataType)"
neural_network_runtime/neural_network_core.h,548,OH_NNTensorDesc_SetFormat,OH_NN_ReturnCode,"NN_TensorDesc * tensorDesc,OH_NN_Format format","OH_NN_ReturnCode OH_NNTensorDesc_SetFormat(NN_TensorDesc *,OH_NN_Format)"
neural_network_runtime/neural_network_core.h,429,OH_NNTensorDesc_SetName,OH_NN_ReturnCode,"NN_TensorDesc * tensorDesc,const char * name","OH_NN_ReturnCode OH_NNTensorDesc_SetName(NN_TensorDesc *,const char *)"
neural_network_runtime/neural_network_core.h,507,OH_NNTensorDesc_SetShape,OH_NN_ReturnCode,"NN_TensorDesc * tensorDesc,const int32_t * shape,size_t shapeLength","OH_NN_ReturnCode OH_NNTensorDesc_SetShape(NN_TensorDesc *,const int32_t *,size_t)"
neural_network_runtime/neural_network_core.h,638,OH_NNTensor_Create,NN_Tensor *,"size_t deviceID,NN_TensorDesc * tensorDesc","NN_Tensor * OH_NNTensor_Create(size_t,NN_TensorDesc *)"
neural_network_runtime/neural_network_core.h,696,OH_NNTensor_CreateWithFd,NN_Tensor *,"size_t deviceID,NN_TensorDesc * tensorDesc,int fd,size_t size,size_t offset","NN_Tensor * OH_NNTensor_CreateWithFd(size_t,NN_TensorDesc *,int,size_t,size_t)"
neural_network_runtime/neural_network_core.h,666,OH_NNTensor_CreateWithSize,NN_Tensor *,"size_t deviceID,NN_TensorDesc * tensorDesc,size_t size","NN_Tensor * OH_NNTensor_CreateWithSize(size_t,NN_TensorDesc *,size_t)"
neural_network_runtime/neural_network_core.h,719,OH_NNTensor_Destroy,OH_NN_ReturnCode,NN_Tensor ** tensor,OH_NN_ReturnCode OH_NNTensor_Destroy(NN_Tensor **)
neural_network_runtime/neural_network_core.h,759,OH_NNTensor_GetDataBuffer,void *,const NN_Tensor * tensor,void * OH_NNTensor_GetDataBuffer(const NN_Tensor *)
neural_network_runtime/neural_network_core.h,778,OH_NNTensor_GetFd,OH_NN_ReturnCode,"const NN_Tensor * tensor,int * fd","OH_NN_ReturnCode OH_NNTensor_GetFd(const NN_Tensor *,int *)"
neural_network_runtime/neural_network_core.h,826,OH_NNTensor_GetOffset,OH_NN_ReturnCode,"const NN_Tensor * tensor,size_t * offset","OH_NN_ReturnCode OH_NNTensor_GetOffset(const NN_Tensor *,size_t *)"
neural_network_runtime/neural_network_core.h,804,OH_NNTensor_GetSize,OH_NN_ReturnCode,"const NN_Tensor * tensor,size_t * size","OH_NN_ReturnCode OH_NNTensor_GetSize(const NN_Tensor *,size_t *)"
neural_network_runtime/neural_network_core.h,740,OH_NNTensor_GetTensorDesc,NN_TensorDesc *,const NN_Tensor * tensor,NN_TensorDesc * OH_NNTensor_GetTensorDesc(const NN_Tensor *)
neural_network_runtime/neural_network_runtime.h,527,OH_NNExecutor_AllocateInputMemory,OH_NN_Memory *,"OH_NNExecutor * executor,uint32_t inputIndex,size_t length","OH_NN_Memory * OH_NNExecutor_AllocateInputMemory(OH_NNExecutor *,uint32_t,size_t)"
neural_network_runtime/neural_network_runtime.h,550,OH_NNExecutor_AllocateOutputMemory,OH_NN_Memory *,"OH_NNExecutor * executor,uint32_t outputIndex,size_t length","OH_NN_Memory * OH_NNExecutor_AllocateOutputMemory(OH_NNExecutor *,uint32_t,size_t)"
neural_network_runtime/neural_network_runtime.h,575,OH_NNExecutor_DestroyInputMemory,void,"OH_NNExecutor * executor,uint32_t inputIndex,OH_NN_Memory ** memory","void OH_NNExecutor_DestroyInputMemory(OH_NNExecutor *,uint32_t,OH_NN_Memory **)"
neural_network_runtime/neural_network_runtime.h,600,OH_NNExecutor_DestroyOutputMemory,void,"OH_NNExecutor * executor,uint32_t outputIndex,OH_NN_Memory ** memory","void OH_NNExecutor_DestroyOutputMemory(OH_NNExecutor *,uint32_t,OH_NN_Memory **)"
neural_network_runtime/neural_network_runtime.h,504,OH_NNExecutor_Run,OH_NN_ReturnCode,OH_NNExecutor * executor,OH_NN_ReturnCode OH_NNExecutor_Run(OH_NNExecutor *)
neural_network_runtime/neural_network_runtime.h,441,OH_NNExecutor_SetInput,OH_NN_ReturnCode,"OH_NNExecutor * executor,uint32_t inputIndex,const OH_NN_Tensor * tensor,const void * dataBuffer,size_t length","OH_NN_ReturnCode OH_NNExecutor_SetInput(OH_NNExecutor *,uint32_t,const OH_NN_Tensor *,const void *,size_t)"
neural_network_runtime/neural_network_runtime.h,632,OH_NNExecutor_SetInputWithMemory,OH_NN_ReturnCode,"OH_NNExecutor * executor,uint32_t inputIndex,const OH_NN_Tensor * tensor,const OH_NN_Memory * memory","OH_NN_ReturnCode OH_NNExecutor_SetInputWithMemory(OH_NNExecutor *,uint32_t,const OH_NN_Tensor *,const OH_NN_Memory *)"
neural_network_runtime/neural_network_runtime.h,482,OH_NNExecutor_SetOutput,OH_NN_ReturnCode,"OH_NNExecutor * executor,uint32_t outputIndex,void * dataBuffer,size_t length","OH_NN_ReturnCode OH_NNExecutor_SetOutput(OH_NNExecutor *,uint32_t,void *,size_t)"
neural_network_runtime/neural_network_runtime.h,666,OH_NNExecutor_SetOutputWithMemory,OH_NN_ReturnCode,"OH_NNExecutor * executor,uint32_t outputIndex,const OH_NN_Memory * memory","OH_NN_ReturnCode OH_NNExecutor_SetOutputWithMemory(OH_NNExecutor *,uint32_t,const OH_NN_Memory *)"
neural_network_runtime/neural_network_runtime.h,267,OH_NNModel_AddOperation,OH_NN_ReturnCode,"OH_NNModel * model,OH_NN_OperationType op,const OH_NN_UInt32Array * paramIndices,const OH_NN_UInt32Array * inputIndices,const OH_NN_UInt32Array * outputIndices","OH_NN_ReturnCode OH_NNModel_AddOperation(OH_NNModel *,OH_NN_OperationType,const OH_NN_UInt32Array *,const OH_NN_UInt32Array *,const OH_NN_UInt32Array *)"
neural_network_runtime/neural_network_runtime.h,399,OH_NNModel_AddTensor,OH_NN_ReturnCode,"OH_NNModel * model,const OH_NN_Tensor * tensor","OH_NN_ReturnCode OH_NNModel_AddTensor(OH_NNModel *,const OH_NN_Tensor *)"
neural_network_runtime/neural_network_runtime.h,177,OH_NNModel_AddTensorToModel,OH_NN_ReturnCode,"OH_NNModel * model,const NN_TensorDesc * tensorDesc","OH_NN_ReturnCode OH_NNModel_AddTensorToModel(OH_NNModel *,const NN_TensorDesc *)"
neural_network_runtime/neural_network_runtime.h,151,OH_NNModel_Construct,OH_NNModel *,void,OH_NNModel * OH_NNModel_Construct(void)
neural_network_runtime/neural_network_runtime.h,336,OH_NNModel_Destroy,void,OH_NNModel ** model,void OH_NNModel_Destroy(OH_NNModel **)
neural_network_runtime/neural_network_runtime.h,323,OH_NNModel_Finish,OH_NN_ReturnCode,OH_NNModel * model,OH_NN_ReturnCode OH_NNModel_Finish(OH_NNModel *)
neural_network_runtime/neural_network_runtime.h,366,OH_NNModel_GetAvailableOperations,OH_NN_ReturnCode,"OH_NNModel * model,size_t deviceID,const bool ** isSupported,uint32_t * opCount","OH_NN_ReturnCode OH_NNModel_GetAvailableOperations(OH_NNModel *,size_t,const bool **,uint32_t *)"
neural_network_runtime/neural_network_runtime.h,199,OH_NNModel_SetTensorData,OH_NN_ReturnCode,"OH_NNModel * model,uint32_t index,const void * dataBuffer,size_t length","OH_NN_ReturnCode OH_NNModel_SetTensorData(OH_NNModel *,uint32_t,const void *,size_t)"
neural_network_runtime/neural_network_runtime.h,216,OH_NNModel_SetTensorQuantParams,OH_NN_ReturnCode,"OH_NNModel * model,uint32_t index,NN_QuantParam * quantParam","OH_NN_ReturnCode OH_NNModel_SetTensorQuantParams(OH_NNModel *,uint32_t,NN_QuantParam *)"
neural_network_runtime/neural_network_runtime.h,233,OH_NNModel_SetTensorType,OH_NN_ReturnCode,"OH_NNModel * model,uint32_t index,OH_NN_TensorType tensorType","OH_NN_ReturnCode OH_NNModel_SetTensorType(OH_NNModel *,uint32_t,OH_NN_TensorType)"
neural_network_runtime/neural_network_runtime.h,296,OH_NNModel_SpecifyInputsAndOutputs,OH_NN_ReturnCode,"OH_NNModel * model,const OH_NN_UInt32Array * inputIndices,const OH_NN_UInt32Array * outputIndices","OH_NN_ReturnCode OH_NNModel_SpecifyInputsAndOutputs(OH_NNModel *,const OH_NN_UInt32Array *,const OH_NN_UInt32Array *)"
neural_network_runtime/neural_network_runtime.h,63,OH_NNQuantParam_Create,NN_QuantParam *,void,NN_QuantParam * OH_NNQuantParam_Create(void)
neural_network_runtime/neural_network_runtime.h,135,OH_NNQuantParam_Destroy,OH_NN_ReturnCode,NN_QuantParam ** quantParams,OH_NN_ReturnCode OH_NNQuantParam_Destroy(NN_QuantParam **)
neural_network_runtime/neural_network_runtime.h,117,OH_NNQuantParam_SetNumBits,OH_NN_ReturnCode,"NN_QuantParam * quantParams,const uint32_t * numBits,size_t quantCount","OH_NN_ReturnCode OH_NNQuantParam_SetNumBits(NN_QuantParam *,const uint32_t *,size_t)"
neural_network_runtime/neural_network_runtime.h,81,OH_NNQuantParam_SetScales,OH_NN_ReturnCode,"NN_QuantParam * quantParams,const double * scales,size_t quantCount","OH_NN_ReturnCode OH_NNQuantParam_SetScales(NN_QuantParam *,const double *,size_t)"
neural_network_runtime/neural_network_runtime.h,99,OH_NNQuantParam_SetZeroPoints,OH_NN_ReturnCode,"NN_QuantParam * quantParams,const int32_t * zeroPoints,size_t quantCount","OH_NN_ReturnCode OH_NNQuantParam_SetZeroPoints(NN_QuantParam *,const int32_t *,size_t)"
ohaudio/native_audio_device_base.h,339,OH_AudioDeviceDescriptor_GetDeviceAddress,OH_AudioCommon_Result,"OH_AudioDeviceDescriptor * audioDeviceDescriptor,char ** address","OH_AudioCommon_Result OH_AudioDeviceDescriptor_GetDeviceAddress(OH_AudioDeviceDescriptor *,char **)"
ohaudio/native_audio_device_base.h,371,OH_AudioDeviceDescriptor_GetDeviceChannelCounts,OH_AudioCommon_Result,"OH_AudioDeviceDescriptor * audioDeviceDescriptor,uint32_t ** channelCounts,uint32_t * size","OH_AudioCommon_Result OH_AudioDeviceDescriptor_GetDeviceChannelCounts(OH_AudioDeviceDescriptor *,uint32_t **,uint32_t *)"
ohaudio/native_audio_device_base.h,386,OH_AudioDeviceDescriptor_GetDeviceDisplayName,OH_AudioCommon_Result,"OH_AudioDeviceDescriptor * audioDeviceDescriptor,char ** displayName","OH_AudioCommon_Result OH_AudioDeviceDescriptor_GetDeviceDisplayName(OH_AudioDeviceDescriptor *,char **)"
ohaudio/native_audio_device_base.h,402,OH_AudioDeviceDescriptor_GetDeviceEncodingTypes,OH_AudioCommon_Result,"OH_AudioDeviceDescriptor * audioDeviceDescriptor,OH_AudioStream_EncodingType ** encodingTypes,uint32_t * size","OH_AudioCommon_Result OH_AudioDeviceDescriptor_GetDeviceEncodingTypes(OH_AudioDeviceDescriptor *,OH_AudioStream_EncodingType **,uint32_t *)"
ohaudio/native_audio_device_base.h,309,OH_AudioDeviceDescriptor_GetDeviceId,OH_AudioCommon_Result,"OH_AudioDeviceDescriptor * audioDeviceDescriptor,uint32_t * id","OH_AudioCommon_Result OH_AudioDeviceDescriptor_GetDeviceId(OH_AudioDeviceDescriptor *,uint32_t *)"
ohaudio/native_audio_device_base.h,324,OH_AudioDeviceDescriptor_GetDeviceName,OH_AudioCommon_Result,"OH_AudioDeviceDescriptor * audioDeviceDescriptor,char ** name","OH_AudioCommon_Result OH_AudioDeviceDescriptor_GetDeviceName(OH_AudioDeviceDescriptor *,char **)"
ohaudio/native_audio_device_base.h,284,OH_AudioDeviceDescriptor_GetDeviceRole,OH_AudioCommon_Result,"OH_AudioDeviceDescriptor * audioDeviceDescriptor,OH_AudioDevice_Role * deviceRole","OH_AudioCommon_Result OH_AudioDeviceDescriptor_GetDeviceRole(OH_AudioDeviceDescriptor *,OH_AudioDevice_Role *)"
ohaudio/native_audio_device_base.h,355,OH_AudioDeviceDescriptor_GetDeviceSampleRates,OH_AudioCommon_Result,"OH_AudioDeviceDescriptor * audioDeviceDescriptor,uint32_t ** sampleRates,uint32_t * size","OH_AudioCommon_Result OH_AudioDeviceDescriptor_GetDeviceSampleRates(OH_AudioDeviceDescriptor *,uint32_t **,uint32_t *)"
ohaudio/native_audio_device_base.h,297,OH_AudioDeviceDescriptor_GetDeviceType,OH_AudioCommon_Result,"OH_AudioDeviceDescriptor * audioDeviceDescriptor,OH_AudioDevice_Type * deviceType","OH_AudioCommon_Result OH_AudioDeviceDescriptor_GetDeviceType(OH_AudioDeviceDescriptor *,OH_AudioDevice_Type *)"
ohaudio/native_audio_manager.h,65,OH_GetAudioManager,OH_AudioCommon_Result,OH_AudioManager ** audioManager,OH_AudioCommon_Result OH_GetAudioManager(OH_AudioManager **)
ohaudio/native_audio_manager.h,79,OH_GetAudioScene,OH_AudioCommon_Result,"OH_AudioManager * manager,OH_AudioScene * scene","OH_AudioCommon_Result OH_GetAudioScene(OH_AudioManager *,OH_AudioScene *)"
ohaudio/native_audio_routing_manager.h,88,OH_AudioManager_GetAudioRoutingManager,OH_AudioCommon_Result,OH_AudioRoutingManager ** audioRoutingManager,OH_AudioCommon_Result OH_AudioManager_GetAudioRoutingManager(OH_AudioRoutingManager **)
ohaudio/native_audio_routing_manager.h,136,OH_AudioRoutingManager_GetAvailableDevices,OH_AudioCommon_Result,"OH_AudioRoutingManager * audioRoutingManager,OH_AudioDevice_Usage deviceUsage,OH_AudioDeviceDescriptorArray ** audioDeviceDescriptorArray","OH_AudioCommon_Result OH_AudioRoutingManager_GetAvailableDevices(OH_AudioRoutingManager *,OH_AudioDevice_Usage,OH_AudioDeviceDescriptorArray **)"
ohaudio/native_audio_routing_manager.h,111,OH_AudioRoutingManager_GetDevices,OH_AudioCommon_Result,"OH_AudioRoutingManager * audioRoutingManager,OH_AudioDevice_Flag deviceFlag,OH_AudioDeviceDescriptorArray ** audioDeviceDescriptorArray","OH_AudioCommon_Result OH_AudioRoutingManager_GetDevices(OH_AudioRoutingManager *,OH_AudioDevice_Flag,OH_AudioDeviceDescriptorArray **)"
ohaudio/native_audio_routing_manager.h,183,OH_AudioRoutingManager_GetPreferredInputDevice,OH_AudioCommon_Result,"OH_AudioRoutingManager * audioRoutingManager,OH_AudioStream_SourceType sourceType,OH_AudioDeviceDescriptorArray ** audioDeviceDescriptorArray","OH_AudioCommon_Result OH_AudioRoutingManager_GetPreferredInputDevice(OH_AudioRoutingManager *,OH_AudioStream_SourceType,OH_AudioDeviceDescriptorArray **)"
ohaudio/native_audio_routing_manager.h,160,OH_AudioRoutingManager_GetPreferredOutputDevice,OH_AudioCommon_Result,"OH_AudioRoutingManager * audioRoutingManager,OH_AudioStream_Usage streamUsage,OH_AudioDeviceDescriptorArray ** audioDeviceDescriptorArray","OH_AudioCommon_Result OH_AudioRoutingManager_GetPreferredOutputDevice(OH_AudioRoutingManager *,OH_AudioStream_Usage,OH_AudioDeviceDescriptorArray **)"
ohaudio/native_audio_routing_manager.h,270,OH_AudioRoutingManager_IsMicBlockDetectionSupported,OH_AudioCommon_Result,"OH_AudioRoutingManager * audioRoutingManager,bool * supported","OH_AudioCommon_Result OH_AudioRoutingManager_IsMicBlockDetectionSupported(OH_AudioRoutingManager *,bool *)"
ohaudio/native_audio_routing_manager.h,201,OH_AudioRoutingManager_RegisterDeviceChangeCallback,OH_AudioCommon_Result,"OH_AudioRoutingManager * audioRoutingManager,OH_AudioDevice_Flag deviceFlag,OH_AudioRoutingManager_OnDeviceChangedCallback callback","OH_AudioCommon_Result OH_AudioRoutingManager_RegisterDeviceChangeCallback(OH_AudioRoutingManager *,OH_AudioDevice_Flag,OH_AudioRoutingManager_OnDeviceChangedCallback)"
ohaudio/native_audio_routing_manager.h,237,OH_AudioRoutingManager_ReleaseDevices,OH_AudioCommon_Result,"OH_AudioRoutingManager * audioRoutingManager,OH_AudioDeviceDescriptorArray * audioDeviceDescriptorArray","OH_AudioCommon_Result OH_AudioRoutingManager_ReleaseDevices(OH_AudioRoutingManager *,OH_AudioDeviceDescriptorArray *)"
ohaudio/native_audio_routing_manager.h,291,OH_AudioRoutingManager_SetMicBlockStatusCallback,OH_AudioCommon_Result,"OH_AudioRoutingManager * audioRoutingManager,OH_AudioRoutingManager_OnDeviceBlockStatusCallback callback,void * userData","OH_AudioCommon_Result OH_AudioRoutingManager_SetMicBlockStatusCallback(OH_AudioRoutingManager *,OH_AudioRoutingManager_OnDeviceBlockStatusCallback,void *)"
ohaudio/native_audio_routing_manager.h,219,OH_AudioRoutingManager_UnregisterDeviceChangeCallback,OH_AudioCommon_Result,"OH_AudioRoutingManager * audioRoutingManager,OH_AudioRoutingManager_OnDeviceChangedCallback callback","OH_AudioCommon_Result OH_AudioRoutingManager_UnregisterDeviceChangeCallback(OH_AudioRoutingManager *,OH_AudioRoutingManager_OnDeviceChangedCallback)"
ohaudio/native_audio_session_manager.h,148,OH_AudioManager_GetAudioSessionManager,OH_AudioCommon_Result,OH_AudioSessionManager ** audioSessionManager,OH_AudioCommon_Result OH_AudioManager_GetAudioSessionManager(OH_AudioSessionManager **)
ohaudio/native_audio_session_manager.h,163,OH_AudioSessionManager_ActivateAudioSession,OH_AudioCommon_Result,"OH_AudioSessionManager * audioSessionManager,const OH_AudioSession_Strategy * strategy","OH_AudioCommon_Result OH_AudioSessionManager_ActivateAudioSession(OH_AudioSessionManager *,const OH_AudioSession_Strategy *)"
ohaudio/native_audio_session_manager.h,176,OH_AudioSessionManager_DeactivateAudioSession,OH_AudioCommon_Result,OH_AudioSessionManager * audioSessionManager,OH_AudioCommon_Result OH_AudioSessionManager_DeactivateAudioSession(OH_AudioSessionManager *)
ohaudio/native_audio_session_manager.h,188,OH_AudioSessionManager_IsAudioSessionActivated,bool,OH_AudioSessionManager * audioSessionManager,bool OH_AudioSessionManager_IsAudioSessionActivated(OH_AudioSessionManager *)
ohaudio/native_audio_session_manager.h,202,OH_AudioSessionManager_RegisterSessionDeactivatedCallback,OH_AudioCommon_Result,"OH_AudioSessionManager * audioSessionManager,OH_AudioSession_DeactivatedCallback callback","OH_AudioCommon_Result OH_AudioSessionManager_RegisterSessionDeactivatedCallback(OH_AudioSessionManager *,OH_AudioSession_DeactivatedCallback)"
ohaudio/native_audio_session_manager.h,216,OH_AudioSessionManager_UnregisterSessionDeactivatedCallback,OH_AudioCommon_Result,"OH_AudioSessionManager * audioSessionManager,OH_AudioSession_DeactivatedCallback callback","OH_AudioCommon_Result OH_AudioSessionManager_UnregisterSessionDeactivatedCallback(OH_AudioSessionManager *,OH_AudioSession_DeactivatedCallback)"
ohaudio/native_audiocapturer.h,115,OH_AudioCapturer_Flush,OH_AudioStream_Result,OH_AudioCapturer * capturer,OH_AudioStream_Result OH_AudioCapturer_Flush(OH_AudioCapturer *)
ohaudio/native_audiocapturer.h,226,OH_AudioCapturer_GetCapturerInfo,OH_AudioStream_Result,"OH_AudioCapturer * capturer,OH_AudioStream_SourceType * sourceType","OH_AudioStream_Result OH_AudioCapturer_GetCapturerInfo(OH_AudioCapturer *,OH_AudioStream_SourceType *)"
ohaudio/native_audiocapturer.h,185,OH_AudioCapturer_GetChannelCount,OH_AudioStream_Result,"OH_AudioCapturer * capturer,int32_t * channelCount","OH_AudioStream_Result OH_AudioCapturer_GetChannelCount(OH_AudioCapturer *,int32_t *)"
ohaudio/native_audiocapturer.h,130,OH_AudioCapturer_GetCurrentState,OH_AudioStream_Result,"OH_AudioCapturer * capturer,OH_AudioStream_State * state","OH_AudioStream_Result OH_AudioCapturer_GetCurrentState(OH_AudioCapturer *,OH_AudioStream_State *)"
ohaudio/native_audiocapturer.h,212,OH_AudioCapturer_GetEncodingType,OH_AudioStream_Result,"OH_AudioCapturer * capturer,OH_AudioStream_EncodingType * encodingType","OH_AudioStream_Result OH_AudioCapturer_GetEncodingType(OH_AudioCapturer *,OH_AudioStream_EncodingType *)"
ohaudio/native_audiocapturer.h,241,OH_AudioCapturer_GetFrameSizeInCallback,OH_AudioStream_Result,"OH_AudioCapturer * capturer,int32_t * frameSize","OH_AudioStream_Result OH_AudioCapturer_GetFrameSizeInCallback(OH_AudioCapturer *,int32_t *)"
ohaudio/native_audiocapturer.h,273,OH_AudioCapturer_GetFramesRead,OH_AudioStream_Result,"OH_AudioCapturer * capturer,int64_t * frames","OH_AudioStream_Result OH_AudioCapturer_GetFramesRead(OH_AudioCapturer *,int64_t *)"
ohaudio/native_audiocapturer.h,143,OH_AudioCapturer_GetLatencyMode,OH_AudioStream_Result,"OH_AudioCapturer * capturer,OH_AudioStream_LatencyMode * latencyMode","OH_AudioStream_Result OH_AudioCapturer_GetLatencyMode(OH_AudioCapturer *,OH_AudioStream_LatencyMode *)"
ohaudio/native_audiocapturer.h,286,OH_AudioCapturer_GetOverflowCount,OH_AudioStream_Result,"OH_AudioCapturer * capturer,uint32_t * count","OH_AudioStream_Result OH_AudioCapturer_GetOverflowCount(OH_AudioCapturer *,uint32_t *)"
ohaudio/native_audiocapturer.h,198,OH_AudioCapturer_GetSampleFormat,OH_AudioStream_Result,"OH_AudioCapturer * capturer,OH_AudioStream_SampleFormat * sampleFormat","OH_AudioStream_Result OH_AudioCapturer_GetSampleFormat(OH_AudioCapturer *,OH_AudioStream_SampleFormat *)"
ohaudio/native_audiocapturer.h,172,OH_AudioCapturer_GetSamplingRate,OH_AudioStream_Result,"OH_AudioCapturer * capturer,int32_t * rate","OH_AudioStream_Result OH_AudioCapturer_GetSamplingRate(OH_AudioCapturer *,int32_t *)"
ohaudio/native_audiocapturer.h,157,OH_AudioCapturer_GetStreamId,OH_AudioStream_Result,"OH_AudioCapturer * capturer,uint32_t * streamId","OH_AudioStream_Result OH_AudioCapturer_GetStreamId(OH_AudioCapturer *,uint32_t *)"
ohaudio/native_audiocapturer.h,259,OH_AudioCapturer_GetTimestamp,OH_AudioStream_Result,"OH_AudioCapturer * capturer,clockid_t clockId,int64_t * framePosition,int64_t * timestamp","OH_AudioStream_Result OH_AudioCapturer_GetTimestamp(OH_AudioCapturer *,clockid_t,int64_t *,int64_t *)"
ohaudio/native_audiocapturer.h,88,OH_AudioCapturer_Pause,OH_AudioStream_Result,OH_AudioCapturer * capturer,OH_AudioStream_Result OH_AudioCapturer_Pause(OH_AudioCapturer *)
ohaudio/native_audiocapturer.h,60,OH_AudioCapturer_Release,OH_AudioStream_Result,OH_AudioCapturer * capturer,OH_AudioStream_Result OH_AudioCapturer_Release(OH_AudioCapturer *)
ohaudio/native_audiocapturer.h,74,OH_AudioCapturer_Start,OH_AudioStream_Result,OH_AudioCapturer * capturer,OH_AudioStream_Result OH_AudioCapturer_Start(OH_AudioCapturer *)
ohaudio/native_audiocapturer.h,102,OH_AudioCapturer_Stop,OH_AudioStream_Result,OH_AudioCapturer * capturer,OH_AudioStream_Result OH_AudioCapturer_Stop(OH_AudioCapturer *)
ohaudio/native_audiorenderer.h,383,OH_AudioRenderer_CancelMark,OH_AudioStream_Result,OH_AudioRenderer * renderer,OH_AudioStream_Result OH_AudioRenderer_CancelMark(OH_AudioRenderer *)
ohaudio/native_audiorenderer.h,114,OH_AudioRenderer_Flush,OH_AudioStream_Result,OH_AudioRenderer * renderer,OH_AudioStream_Result OH_AudioRenderer_Flush(OH_AudioRenderer *)
ohaudio/native_audiorenderer.h,535,OH_AudioRenderer_GetAudioTimestampInfo,OH_AudioStream_Result,"OH_AudioRenderer * renderer,int64_t * framePosition,int64_t * timestamp","OH_AudioStream_Result OH_AudioRenderer_GetAudioTimestampInfo(OH_AudioRenderer *,int64_t *,int64_t *)"
ohaudio/native_audiorenderer.h,171,OH_AudioRenderer_GetChannelCount,OH_AudioStream_Result,"OH_AudioRenderer * renderer,int32_t * channelCount","OH_AudioStream_Result OH_AudioRenderer_GetChannelCount(OH_AudioRenderer *,int32_t *)"
ohaudio/native_audiorenderer.h,411,OH_AudioRenderer_GetChannelLayout,OH_AudioStream_Result,"OH_AudioRenderer * renderer,OH_AudioChannelLayout * channelLayout","OH_AudioStream_Result OH_AudioRenderer_GetChannelLayout(OH_AudioRenderer *,OH_AudioChannelLayout *)"
ohaudio/native_audiorenderer.h,129,OH_AudioRenderer_GetCurrentState,OH_AudioStream_Result,"OH_AudioRenderer * renderer,OH_AudioStream_State * state","OH_AudioStream_Result OH_AudioRenderer_GetCurrentState(OH_AudioRenderer *,OH_AudioStream_State *)"
ohaudio/native_audiorenderer.h,425,OH_AudioRenderer_GetEffectMode,OH_AudioStream_Result,"OH_AudioRenderer * renderer,OH_AudioStream_AudioEffectMode * effectMode","OH_AudioStream_Result OH_AudioRenderer_GetEffectMode(OH_AudioRenderer *,OH_AudioStream_AudioEffectMode *)"
ohaudio/native_audiorenderer.h,227,OH_AudioRenderer_GetEncodingType,OH_AudioStream_Result,"OH_AudioRenderer * renderer,OH_AudioStream_EncodingType * encodingType","OH_AudioStream_Result OH_AudioRenderer_GetEncodingType(OH_AudioRenderer *,OH_AudioStream_EncodingType *)"
ohaudio/native_audiorenderer.h,273,OH_AudioRenderer_GetFrameSizeInCallback,OH_AudioStream_Result,"OH_AudioRenderer * renderer,int32_t * frameSize","OH_AudioStream_Result OH_AudioRenderer_GetFrameSizeInCallback(OH_AudioRenderer *,int32_t *)"
ohaudio/native_audiorenderer.h,241,OH_AudioRenderer_GetFramesWritten,OH_AudioStream_Result,"OH_AudioRenderer * renderer,int64_t * frames","OH_AudioStream_Result OH_AudioRenderer_GetFramesWritten(OH_AudioRenderer *,int64_t *)"
ohaudio/native_audiorenderer.h,198,OH_AudioRenderer_GetLatencyMode,OH_AudioStream_Result,"OH_AudioRenderer * renderer,OH_AudioStream_LatencyMode * latencyMode","OH_AudioStream_Result OH_AudioRenderer_GetLatencyMode(OH_AudioRenderer *,OH_AudioStream_LatencyMode *)"
ohaudio/native_audiorenderer.h,213,OH_AudioRenderer_GetRendererInfo,OH_AudioStream_Result,"OH_AudioRenderer * renderer,OH_AudioStream_Usage * usage","OH_AudioStream_Result OH_AudioRenderer_GetRendererInfo(OH_AudioRenderer *,OH_AudioStream_Usage *)"
ohaudio/native_audiorenderer.h,453,OH_AudioRenderer_GetRendererPrivacy,OH_AudioStream_Result,"OH_AudioRenderer * renderer,OH_AudioStream_PrivacyType * privacy","OH_AudioStream_Result OH_AudioRenderer_GetRendererPrivacy(OH_AudioRenderer *,OH_AudioStream_PrivacyType *)"
ohaudio/native_audiorenderer.h,184,OH_AudioRenderer_GetSampleFormat,OH_AudioStream_Result,"OH_AudioRenderer * renderer,OH_AudioStream_SampleFormat * sampleFormat","OH_AudioStream_Result OH_AudioRenderer_GetSampleFormat(OH_AudioRenderer *,OH_AudioStream_SampleFormat *)"
ohaudio/native_audiorenderer.h,145,OH_AudioRenderer_GetSamplingRate,OH_AudioStream_Result,"OH_AudioRenderer * renderer,int32_t * rate","OH_AudioStream_Result OH_AudioRenderer_GetSamplingRate(OH_AudioRenderer *,int32_t *)"
ohaudio/native_audiorenderer.h,481,OH_AudioRenderer_GetSilentModeAndMixWithOthers,OH_AudioStream_Result,"OH_AudioRenderer * renderer,bool * on","OH_AudioStream_Result OH_AudioRenderer_GetSilentModeAndMixWithOthers(OH_AudioRenderer *,bool *)"
ohaudio/native_audiorenderer.h,286,OH_AudioRenderer_GetSpeed,OH_AudioStream_Result,"OH_AudioRenderer * renderer,float * speed","OH_AudioStream_Result OH_AudioRenderer_GetSpeed(OH_AudioRenderer *,float *)"
ohaudio/native_audiorenderer.h,158,OH_AudioRenderer_GetStreamId,OH_AudioStream_Result,"OH_AudioRenderer * renderer,uint32_t * streamId","OH_AudioStream_Result OH_AudioRenderer_GetStreamId(OH_AudioRenderer *,uint32_t *)"
ohaudio/native_audiorenderer.h,259,OH_AudioRenderer_GetTimestamp,OH_AudioStream_Result,"OH_AudioRenderer * renderer,clockid_t clockId,int64_t * framePosition,int64_t * timestamp","OH_AudioStream_Result OH_AudioRenderer_GetTimestamp(OH_AudioRenderer *,clockid_t,int64_t *,int64_t *)"
ohaudio/native_audiorenderer.h,398,OH_AudioRenderer_GetUnderflowCount,OH_AudioStream_Result,"OH_AudioRenderer * renderer,uint32_t * count","OH_AudioStream_Result OH_AudioRenderer_GetUnderflowCount(OH_AudioRenderer *,uint32_t *)"
ohaudio/native_audiorenderer.h,350,OH_AudioRenderer_GetVolume,OH_AudioStream_Result,"OH_AudioRenderer * renderer,float * volume","OH_AudioStream_Result OH_AudioRenderer_GetVolume(OH_AudioRenderer *,float *)"
ohaudio/native_audiorenderer.h,88,OH_AudioRenderer_Pause,OH_AudioStream_Result,OH_AudioRenderer * renderer,OH_AudioStream_Result OH_AudioRenderer_Pause(OH_AudioRenderer *)
ohaudio/native_audiorenderer.h,62,OH_AudioRenderer_Release,OH_AudioStream_Result,OH_AudioRenderer * renderer,OH_AudioStream_Result OH_AudioRenderer_Release(OH_AudioRenderer *)
ohaudio/native_audiorenderer.h,504,OH_AudioRenderer_SetDefaultOutputDevice,OH_AudioStream_Result,"OH_AudioRenderer * renderer,OH_AudioDevice_Type deviceType","OH_AudioStream_Result OH_AudioRenderer_SetDefaultOutputDevice(OH_AudioRenderer *,OH_AudioDevice_Type)"
ohaudio/native_audiorenderer.h,439,OH_AudioRenderer_SetEffectMode,OH_AudioStream_Result,"OH_AudioRenderer * renderer,OH_AudioStream_AudioEffectMode effectMode","OH_AudioStream_Result OH_AudioRenderer_SetEffectMode(OH_AudioRenderer *,OH_AudioStream_AudioEffectMode)"
ohaudio/native_audiorenderer.h,370,OH_AudioRenderer_SetMarkPosition,OH_AudioStream_Result,"OH_AudioRenderer * renderer,uint32_t samplePos,OH_AudioRenderer_OnMarkReachedCallback callback,void * userData","OH_AudioStream_Result OH_AudioRenderer_SetMarkPosition(OH_AudioRenderer *,uint32_t,OH_AudioRenderer_OnMarkReachedCallback,void *)"
ohaudio/native_audiorenderer.h,468,OH_AudioRenderer_SetSilentModeAndMixWithOthers,OH_AudioStream_Result,"OH_AudioRenderer * renderer,bool on","OH_AudioStream_Result OH_AudioRenderer_SetSilentModeAndMixWithOthers(OH_AudioRenderer *,bool)"
ohaudio/native_audiorenderer.h,300,OH_AudioRenderer_SetSpeed,OH_AudioStream_Result,"OH_AudioRenderer * renderer,float speed","OH_AudioStream_Result OH_AudioRenderer_SetSpeed(OH_AudioRenderer *,float)"
ohaudio/native_audiorenderer.h,317,OH_AudioRenderer_SetVolume,OH_AudioStream_Result,"OH_AudioRenderer * renderer,float volume","OH_AudioStream_Result OH_AudioRenderer_SetVolume(OH_AudioRenderer *,float)"
ohaudio/native_audiorenderer.h,335,OH_AudioRenderer_SetVolumeWithRamp,OH_AudioStream_Result,"OH_AudioRenderer * renderer,float volume,int32_t durationMs","OH_AudioStream_Result OH_AudioRenderer_SetVolumeWithRamp(OH_AudioRenderer *,float,int32_t)"
ohaudio/native_audiorenderer.h,75,OH_AudioRenderer_Start,OH_AudioStream_Result,OH_AudioRenderer * renderer,OH_AudioStream_Result OH_AudioRenderer_Start(OH_AudioRenderer *)
ohaudio/native_audiorenderer.h,101,OH_AudioRenderer_Stop,OH_AudioStream_Result,OH_AudioRenderer * renderer,OH_AudioStream_Result OH_AudioRenderer_Stop(OH_AudioRenderer *)
ohaudio/native_audiostreambuilder.h,61,OH_AudioStreamBuilder_Create,OH_AudioStream_Result,"OH_AudioStreamBuilder ** builder,OH_AudioStream_Type type","OH_AudioStream_Result OH_AudioStreamBuilder_Create(OH_AudioStreamBuilder **,OH_AudioStream_Type)"
ohaudio/native_audiostreambuilder.h,76,OH_AudioStreamBuilder_Destroy,OH_AudioStream_Result,OH_AudioStreamBuilder * builder,OH_AudioStream_Result OH_AudioStreamBuilder_Destroy(OH_AudioStreamBuilder *)
ohaudio/native_audiostreambuilder.h,294,OH_AudioStreamBuilder_GenerateCapturer,OH_AudioStream_Result,"OH_AudioStreamBuilder * builder,OH_AudioCapturer ** audioCapturer","OH_AudioStream_Result OH_AudioStreamBuilder_GenerateCapturer(OH_AudioStreamBuilder *,OH_AudioCapturer **)"
ohaudio/native_audiostreambuilder.h,277,OH_AudioStreamBuilder_GenerateRenderer,OH_AudioStream_Result,"OH_AudioStreamBuilder * builder,OH_AudioRenderer ** audioRenderer","OH_AudioStream_Result OH_AudioStreamBuilder_GenerateRenderer(OH_AudioStreamBuilder *,OH_AudioRenderer **)"
ohaudio/native_audiostreambuilder.h,260,OH_AudioStreamBuilder_SetCapturerCallback,OH_AudioStream_Result,"OH_AudioStreamBuilder * builder,OH_AudioCapturer_Callbacks callbacks,void * userData","OH_AudioStream_Result OH_AudioStreamBuilder_SetCapturerCallback(OH_AudioStreamBuilder *,OH_AudioCapturer_Callbacks,void *)"
ohaudio/native_audiostreambuilder.h,193,OH_AudioStreamBuilder_SetCapturerInfo,OH_AudioStream_Result,"OH_AudioStreamBuilder * builder,OH_AudioStream_SourceType sourceType","OH_AudioStream_Result OH_AudioStreamBuilder_SetCapturerInfo(OH_AudioStreamBuilder *,OH_AudioStream_SourceType)"
ohaudio/native_audiostreambuilder.h,106,OH_AudioStreamBuilder_SetChannelCount,OH_AudioStream_Result,"OH_AudioStreamBuilder * builder,int32_t channelCount","OH_AudioStream_Result OH_AudioStreamBuilder_SetChannelCount(OH_AudioStreamBuilder *,int32_t)"
ohaudio/native_audiostreambuilder.h,161,OH_AudioStreamBuilder_SetChannelLayout,OH_AudioStream_Result,"OH_AudioStreamBuilder * builder,OH_AudioChannelLayout channelLayout","OH_AudioStream_Result OH_AudioStreamBuilder_SetChannelLayout(OH_AudioStreamBuilder *,OH_AudioChannelLayout)"
ohaudio/native_audiostreambuilder.h,133,OH_AudioStreamBuilder_SetEncodingType,OH_AudioStream_Result,"OH_AudioStreamBuilder * builder,OH_AudioStream_EncodingType encodingType","OH_AudioStream_Result OH_AudioStreamBuilder_SetEncodingType(OH_AudioStreamBuilder *,OH_AudioStream_EncodingType)"
ohaudio/native_audiostreambuilder.h,311,OH_AudioStreamBuilder_SetFrameSizeInCallback,OH_AudioStream_Result,"OH_AudioStreamBuilder * builder,int32_t frameSize","OH_AudioStream_Result OH_AudioStreamBuilder_SetFrameSizeInCallback(OH_AudioStreamBuilder *,int32_t)"
ohaudio/native_audiostreambuilder.h,147,OH_AudioStreamBuilder_SetLatencyMode,OH_AudioStream_Result,"OH_AudioStreamBuilder * builder,OH_AudioStream_LatencyMode latencyMode","OH_AudioStream_Result OH_AudioStreamBuilder_SetLatencyMode(OH_AudioStreamBuilder *,OH_AudioStream_LatencyMode)"
ohaudio/native_audiostreambuilder.h,210,OH_AudioStreamBuilder_SetRendererCallback,OH_AudioStream_Result,"OH_AudioStreamBuilder * builder,OH_AudioRenderer_Callbacks callbacks,void * userData","OH_AudioStream_Result OH_AudioStreamBuilder_SetRendererCallback(OH_AudioStreamBuilder *,OH_AudioRenderer_Callbacks,void *)"
ohaudio/native_audiostreambuilder.h,177,OH_AudioStreamBuilder_SetRendererInfo,OH_AudioStream_Result,"OH_AudioStreamBuilder * builder,OH_AudioStream_Usage usage","OH_AudioStream_Result OH_AudioStreamBuilder_SetRendererInfo(OH_AudioStreamBuilder *,OH_AudioStream_Usage)"
ohaudio/native_audiostreambuilder.h,345,OH_AudioStreamBuilder_SetRendererInterruptMode,OH_AudioStream_Result,"OH_AudioStreamBuilder * builder,OH_AudioInterrupt_Mode mode","OH_AudioStream_Result OH_AudioStreamBuilder_SetRendererInterruptMode(OH_AudioStreamBuilder *,OH_AudioInterrupt_Mode)"
ohaudio/native_audiostreambuilder.h,227,OH_AudioStreamBuilder_SetRendererOutputDeviceChangeCallback,OH_AudioStream_Result,"OH_AudioStreamBuilder * builder,OH_AudioRenderer_OutputDeviceChangeCallback callback,void * userData","OH_AudioStream_Result OH_AudioStreamBuilder_SetRendererOutputDeviceChangeCallback(OH_AudioStreamBuilder *,OH_AudioRenderer_OutputDeviceChangeCallback,void *)"
ohaudio/native_audiostreambuilder.h,243,OH_AudioStreamBuilder_SetRendererPrivacy,OH_AudioStream_Result,"OH_AudioStreamBuilder * builder,OH_AudioStream_PrivacyType privacy","OH_AudioStream_Result OH_AudioStreamBuilder_SetRendererPrivacy(OH_AudioStreamBuilder *,OH_AudioStream_PrivacyType)"
ohaudio/native_audiostreambuilder.h,362,OH_AudioStreamBuilder_SetRendererWriteDataCallback,OH_AudioStream_Result,"OH_AudioStreamBuilder * builder,OH_AudioRenderer_OnWriteDataCallback callback,void * userData","OH_AudioStream_Result OH_AudioStreamBuilder_SetRendererWriteDataCallback(OH_AudioStreamBuilder *,OH_AudioRenderer_OnWriteDataCallback,void *)"
ohaudio/native_audiostreambuilder.h,119,OH_AudioStreamBuilder_SetSampleFormat,OH_AudioStream_Result,"OH_AudioStreamBuilder * builder,OH_AudioStream_SampleFormat format","OH_AudioStream_Result OH_AudioStreamBuilder_SetSampleFormat(OH_AudioStreamBuilder *,OH_AudioStream_SampleFormat)"
ohaudio/native_audiostreambuilder.h,91,OH_AudioStreamBuilder_SetSamplingRate,OH_AudioStream_Result,"OH_AudioStreamBuilder * builder,int32_t rate","OH_AudioStream_Result OH_AudioStreamBuilder_SetSamplingRate(OH_AudioStreamBuilder *,int32_t)"
ohaudio/native_audiostreambuilder.h,328,OH_AudioStreamBuilder_SetWriteDataWithMetadataCallback,OH_AudioStream_Result,"OH_AudioStreamBuilder * builder,OH_AudioRenderer_WriteDataWithMetadataCallback callback,void * userData","OH_AudioStream_Result OH_AudioStreamBuilder_SetWriteDataWithMetadataCallback(OH_AudioStreamBuilder *,OH_AudioRenderer_WriteDataWithMetadataCallback,void *)"
ohcamera/camera.h,1084,OH_Camera_DeleteCameraManager,Camera_ErrorCode,Camera_Manager * cameraManager,Camera_ErrorCode OH_Camera_DeleteCameraManager(Camera_Manager *)
ohcamera/camera.h,1073,OH_Camera_GetCameraManager,Camera_ErrorCode,Camera_Manager ** cameraManager,Camera_ErrorCode OH_Camera_GetCameraManager(Camera_Manager **)
ohcamera/camera_device.h,61,OH_CameraDevice_GetCameraOrientation,Camera_ErrorCode,"Camera_Device * camera,uint32_t * orientation","Camera_ErrorCode OH_CameraDevice_GetCameraOrientation(Camera_Device *,uint32_t *)"
ohcamera/camera_device.h,73,OH_CameraDevice_GetHostDeviceName,Camera_ErrorCode,"Camera_Device * camera,char ** hostDeviceName","Camera_ErrorCode OH_CameraDevice_GetHostDeviceName(Camera_Device *,char **)"
ohcamera/camera_device.h,87,OH_CameraDevice_GetHostDeviceType,Camera_ErrorCode,"Camera_Device * camera,Camera_HostDeviceType * hostDeviceType","Camera_ErrorCode OH_CameraDevice_GetHostDeviceType(Camera_Device *,Camera_HostDeviceType *)"
ohcamera/camera_input.h,147,OH_CameraInput_Close,Camera_ErrorCode,Camera_Input * cameraInput,Camera_ErrorCode OH_CameraInput_Close(Camera_Input *)
ohcamera/camera_input.h,122,OH_CameraInput_Open,Camera_ErrorCode,Camera_Input * cameraInput,Camera_ErrorCode OH_CameraInput_Open(Camera_Input *)
ohcamera/camera_input.h,136,OH_CameraInput_OpenSecureCamera,Camera_ErrorCode,"Camera_Input * cameraInput,uint64_t * secureSeqId","Camera_ErrorCode OH_CameraInput_OpenSecureCamera(Camera_Input *,uint64_t *)"
ohcamera/camera_input.h,98,OH_CameraInput_RegisterCallback,Camera_ErrorCode,"Camera_Input * cameraInput,CameraInput_Callbacks * callback","Camera_ErrorCode OH_CameraInput_RegisterCallback(Camera_Input *,CameraInput_Callbacks *)"
ohcamera/camera_input.h,158,OH_CameraInput_Release,Camera_ErrorCode,Camera_Input * cameraInput,Camera_ErrorCode OH_CameraInput_Release(Camera_Input *)
ohcamera/camera_input.h,109,OH_CameraInput_UnregisterCallback,Camera_ErrorCode,"Camera_Input * cameraInput,CameraInput_Callbacks * callback","Camera_ErrorCode OH_CameraInput_UnregisterCallback(Camera_Input *,CameraInput_Callbacks *)"
ohcamera/camera_manager.h,275,OH_CameraManager_CreateCameraInput,Camera_ErrorCode,"Camera_Manager * cameraManager,const Camera_Device * camera,Camera_Input ** cameraInput","Camera_ErrorCode OH_CameraManager_CreateCameraInput(Camera_Manager *,const Camera_Device *,Camera_Input **)"
ohcamera/camera_manager.h,291,OH_CameraManager_CreateCameraInput_WithPositionAndType,Camera_ErrorCode,"Camera_Manager * cameraManager,Camera_Position position,Camera_Type type,Camera_Input ** cameraInput","Camera_ErrorCode OH_CameraManager_CreateCameraInput_WithPositionAndType(Camera_Manager *,Camera_Position,Camera_Type,Camera_Input **)"
ohcamera/camera_manager.h,260,OH_CameraManager_CreateCaptureSession,Camera_ErrorCode,"Camera_Manager * cameraManager,Camera_CaptureSession ** captureSession","Camera_ErrorCode OH_CameraManager_CreateCaptureSession(Camera_Manager *,Camera_CaptureSession **)"
ohcamera/camera_manager.h,406,OH_CameraManager_CreateMetadataOutput,Camera_ErrorCode,"Camera_Manager * cameraManager,const Camera_MetadataObjectType * profile,Camera_MetadataOutput ** metadataOutput","Camera_ErrorCode OH_CameraManager_CreateMetadataOutput(Camera_Manager *,const Camera_MetadataObjectType *,Camera_MetadataOutput **)"
ohcamera/camera_manager.h,335,OH_CameraManager_CreatePhotoOutput,Camera_ErrorCode,"Camera_Manager * cameraManager,const Camera_Profile * profile,const char * surfaceId,Camera_PhotoOutput ** photoOutput","Camera_ErrorCode OH_CameraManager_CreatePhotoOutput(Camera_Manager *,const Camera_Profile *,const char *,Camera_PhotoOutput **)"
ohcamera/camera_manager.h,349,OH_CameraManager_CreatePhotoOutputUsedInPreconfig,Camera_ErrorCode,"Camera_Manager * cameraManager,const char * surfaceId,Camera_PhotoOutput ** photoOutput","Camera_ErrorCode OH_CameraManager_CreatePhotoOutputUsedInPreconfig(Camera_Manager *,const char *,Camera_PhotoOutput **)"
ohcamera/camera_manager.h,363,OH_CameraManager_CreatePhotoOutputWithoutSurface,Camera_ErrorCode,"Camera_Manager * cameraManager,const Camera_Profile * profile,Camera_PhotoOutput ** photoOutput","Camera_ErrorCode OH_CameraManager_CreatePhotoOutputWithoutSurface(Camera_Manager *,const Camera_Profile *,Camera_PhotoOutput **)"
ohcamera/camera_manager.h,306,OH_CameraManager_CreatePreviewOutput,Camera_ErrorCode,"Camera_Manager * cameraManager,const Camera_Profile * profile,const char * surfaceId,Camera_PreviewOutput ** previewOutput","Camera_ErrorCode OH_CameraManager_CreatePreviewOutput(Camera_Manager *,const Camera_Profile *,const char *,Camera_PreviewOutput **)"
ohcamera/camera_manager.h,320,OH_CameraManager_CreatePreviewOutputUsedInPreconfig,Camera_ErrorCode,"Camera_Manager * cameraManager,const char * surfaceId,Camera_PreviewOutput ** previewOutput","Camera_ErrorCode OH_CameraManager_CreatePreviewOutputUsedInPreconfig(Camera_Manager *,const char *,Camera_PreviewOutput **)"
ohcamera/camera_manager.h,378,OH_CameraManager_CreateVideoOutput,Camera_ErrorCode,"Camera_Manager * cameraManager,const Camera_VideoProfile * profile,const char * surfaceId,Camera_VideoOutput ** videoOutput","Camera_ErrorCode OH_CameraManager_CreateVideoOutput(Camera_Manager *,const Camera_VideoProfile *,const char *,Camera_VideoOutput **)"
ohcamera/camera_manager.h,392,OH_CameraManager_CreateVideoOutputUsedInPreconfig,Camera_ErrorCode,"Camera_Manager * cameraManager,const char * surfaceId,Camera_VideoOutput ** videoOutput","Camera_ErrorCode OH_CameraManager_CreateVideoOutputUsedInPreconfig(Camera_Manager *,const char *,Camera_VideoOutput **)"
ohcamera/camera_manager.h,432,OH_CameraManager_DeleteSceneModes,Camera_ErrorCode,"Camera_Manager * cameraManager,Camera_SceneMode * sceneModes","Camera_ErrorCode OH_CameraManager_DeleteSceneModes(Camera_Manager *,Camera_SceneMode *)"
ohcamera/camera_manager.h,235,OH_CameraManager_DeleteSupportedCameraOutputCapability,Camera_ErrorCode,"Camera_Manager * cameraManager,Camera_OutputCapability * cameraOutputCapability","Camera_ErrorCode OH_CameraManager_DeleteSupportedCameraOutputCapability(Camera_Manager *,Camera_OutputCapability *)"
ohcamera/camera_manager.h,193,OH_CameraManager_DeleteSupportedCameras,Camera_ErrorCode,"Camera_Manager * cameraManager,Camera_Device * cameras,uint32_t size","Camera_ErrorCode OH_CameraManager_DeleteSupportedCameras(Camera_Manager *,Camera_Device *,uint32_t)"
ohcamera/camera_manager.h,207,OH_CameraManager_GetSupportedCameraOutputCapability,Camera_ErrorCode,"Camera_Manager * cameraManager,const Camera_Device * camera,Camera_OutputCapability ** cameraOutputCapability","Camera_ErrorCode OH_CameraManager_GetSupportedCameraOutputCapability(Camera_Manager *,const Camera_Device *,Camera_OutputCapability **)"
ohcamera/camera_manager.h,223,OH_CameraManager_GetSupportedCameraOutputCapabilityWithSceneMode,Camera_ErrorCode,"Camera_Manager * cameraManager,const Camera_Device * camera,Camera_SceneMode sceneMode,Camera_OutputCapability ** cameraOutputCapability","Camera_ErrorCode OH_CameraManager_GetSupportedCameraOutputCapabilityWithSceneMode(Camera_Manager *,const Camera_Device *,Camera_SceneMode,Camera_OutputCapability **)"
ohcamera/camera_manager.h,181,OH_CameraManager_GetSupportedCameras,Camera_ErrorCode,"Camera_Manager * cameraManager,Camera_Device ** cameras,uint32_t * size","Camera_ErrorCode OH_CameraManager_GetSupportedCameras(Camera_Manager *,Camera_Device **,uint32_t *)"
ohcamera/camera_manager.h,420,OH_CameraManager_GetSupportedSceneModes,Camera_ErrorCode,"Camera_Device * camera,Camera_SceneMode ** sceneModes,uint32_t * size","Camera_ErrorCode OH_CameraManager_GetSupportedSceneModes(Camera_Device *,Camera_SceneMode **,uint32_t *)"
ohcamera/camera_manager.h,247,OH_CameraManager_IsCameraMuted,Camera_ErrorCode,"Camera_Manager * cameraManager,bool * isCameraMuted","Camera_ErrorCode OH_CameraManager_IsCameraMuted(Camera_Manager *,bool *)"
ohcamera/camera_manager.h,443,OH_CameraManager_IsTorchSupported,Camera_ErrorCode,"Camera_Manager * cameraManager,bool * isTorchSupported","Camera_ErrorCode OH_CameraManager_IsTorchSupported(Camera_Manager *,bool *)"
ohcamera/camera_manager.h,457,OH_CameraManager_IsTorchSupportedByTorchMode,Camera_ErrorCode,"Camera_Manager * cameraManager,Camera_TorchMode torchMode,bool * isTorchSupported","Camera_ErrorCode OH_CameraManager_IsTorchSupportedByTorchMode(Camera_Manager *,Camera_TorchMode,bool *)"
ohcamera/camera_manager.h,108,OH_CameraManager_RegisterCallback,Camera_ErrorCode,"Camera_Manager * cameraManager,CameraManager_Callbacks * callback","Camera_ErrorCode OH_CameraManager_RegisterCallback(Camera_Manager *,CameraManager_Callbacks *)"
ohcamera/camera_manager.h,154,OH_CameraManager_RegisterFoldStatusInfoCallback,Camera_ErrorCode,"Camera_Manager * cameraManager,OH_CameraManager_OnFoldStatusInfoChange foldStatusInfoCallback","Camera_ErrorCode OH_CameraManager_RegisterFoldStatusInfoCallback(Camera_Manager *,OH_CameraManager_OnFoldStatusInfoChange)"
ohcamera/camera_manager.h,130,OH_CameraManager_RegisterTorchStatusCallback,Camera_ErrorCode,"Camera_Manager * cameraManager,OH_CameraManager_TorchStatusCallback torchStatusCallback","Camera_ErrorCode OH_CameraManager_RegisterTorchStatusCallback(Camera_Manager *,OH_CameraManager_TorchStatusCallback)"
ohcamera/camera_manager.h,470,OH_CameraManager_SetTorchMode,Camera_ErrorCode,"Camera_Manager * cameraManager,Camera_TorchMode torchMode","Camera_ErrorCode OH_CameraManager_SetTorchMode(Camera_Manager *,Camera_TorchMode)"
ohcamera/camera_manager.h,119,OH_CameraManager_UnregisterCallback,Camera_ErrorCode,"Camera_Manager * cameraManager,CameraManager_Callbacks * callback","Camera_ErrorCode OH_CameraManager_UnregisterCallback(Camera_Manager *,CameraManager_Callbacks *)"
ohcamera/camera_manager.h,166,OH_CameraManager_UnregisterFoldStatusInfoCallback,Camera_ErrorCode,"Camera_Manager * cameraManager,OH_CameraManager_OnFoldStatusInfoChange foldStatusInfoCallback","Camera_ErrorCode OH_CameraManager_UnregisterFoldStatusInfoCallback(Camera_Manager *,OH_CameraManager_OnFoldStatusInfoChange)"
ohcamera/camera_manager.h,142,OH_CameraManager_UnregisterTorchStatusCallback,Camera_ErrorCode,"Camera_Manager * cameraManager,OH_CameraManager_TorchStatusCallback torchStatusCallback","Camera_ErrorCode OH_CameraManager_UnregisterTorchStatusCallback(Camera_Manager *,OH_CameraManager_TorchStatusCallback)"
ohcamera/capture_session.h,236,OH_CaptureSession_AddInput,Camera_ErrorCode,"Camera_CaptureSession * session,Camera_Input * cameraInput","Camera_ErrorCode OH_CaptureSession_AddInput(Camera_CaptureSession *,Camera_Input *)"
ohcamera/capture_session.h,334,OH_CaptureSession_AddMetadataOutput,Camera_ErrorCode,"Camera_CaptureSession * session,Camera_MetadataOutput * metadataOutput","Camera_ErrorCode OH_CaptureSession_AddMetadataOutput(Camera_CaptureSession *,Camera_MetadataOutput *)"
ohcamera/capture_session.h,286,OH_CaptureSession_AddPhotoOutput,Camera_ErrorCode,"Camera_CaptureSession * session,Camera_PhotoOutput * photoOutput","Camera_ErrorCode OH_CaptureSession_AddPhotoOutput(Camera_CaptureSession *,Camera_PhotoOutput *)"
ohcamera/capture_session.h,260,OH_CaptureSession_AddPreviewOutput,Camera_ErrorCode,"Camera_CaptureSession * session,Camera_PreviewOutput * previewOutput","Camera_ErrorCode OH_CaptureSession_AddPreviewOutput(Camera_CaptureSession *,Camera_PreviewOutput *)"
ohcamera/capture_session.h,201,OH_CaptureSession_AddSecureOutput,Camera_ErrorCode,"Camera_CaptureSession * session,Camera_PreviewOutput * previewOutput","Camera_ErrorCode OH_CaptureSession_AddSecureOutput(Camera_CaptureSession *,Camera_PreviewOutput *)"
ohcamera/capture_session.h,310,OH_CaptureSession_AddVideoOutput,Camera_ErrorCode,"Camera_CaptureSession * session,Camera_VideoOutput * videoOutput","Camera_ErrorCode OH_CaptureSession_AddVideoOutput(Camera_CaptureSession *,Camera_VideoOutput *)"
ohcamera/capture_session.h,212,OH_CaptureSession_BeginConfig,Camera_ErrorCode,Camera_CaptureSession * session,Camera_ErrorCode OH_CaptureSession_BeginConfig(Camera_CaptureSession *)
ohcamera/capture_session.h,684,OH_CaptureSession_CanAddInput,Camera_ErrorCode,"Camera_CaptureSession * session,Camera_Input * cameraInput,bool * isSuccessful","Camera_ErrorCode OH_CaptureSession_CanAddInput(Camera_CaptureSession *,Camera_Input *,bool *)"
ohcamera/capture_session.h,710,OH_CaptureSession_CanAddPhotoOutput,Camera_ErrorCode,"Camera_CaptureSession * session,Camera_PhotoOutput * cameraOutput,bool * isSuccessful","Camera_ErrorCode OH_CaptureSession_CanAddPhotoOutput(Camera_CaptureSession *,Camera_PhotoOutput *,bool *)"
ohcamera/capture_session.h,697,OH_CaptureSession_CanAddPreviewOutput,Camera_ErrorCode,"Camera_CaptureSession * session,Camera_PreviewOutput * cameraOutput,bool * isSuccessful","Camera_ErrorCode OH_CaptureSession_CanAddPreviewOutput(Camera_CaptureSession *,Camera_PreviewOutput *,bool *)"
ohcamera/capture_session.h,723,OH_CaptureSession_CanAddVideoOutput,Camera_ErrorCode,"Camera_CaptureSession * session,Camera_VideoOutput * cameraOutput,bool * isSuccessful","Camera_ErrorCode OH_CaptureSession_CanAddVideoOutput(Camera_CaptureSession *,Camera_VideoOutput *,bool *)"
ohcamera/capture_session.h,736,OH_CaptureSession_CanPreconfig,Camera_ErrorCode,"Camera_CaptureSession * session,Camera_PreconfigType preconfigType,bool * canPreconfig","Camera_ErrorCode OH_CaptureSession_CanPreconfig(Camera_CaptureSession *,Camera_PreconfigType,bool *)"
ohcamera/capture_session.h,750,OH_CaptureSession_CanPreconfigWithRatio,Camera_ErrorCode,"Camera_CaptureSession * session,Camera_PreconfigType preconfigType,Camera_PreconfigRatio preconfigRatio,bool * canPreconfig","Camera_ErrorCode OH_CaptureSession_CanPreconfigWithRatio(Camera_CaptureSession *,Camera_PreconfigType,Camera_PreconfigRatio,bool *)"
ohcamera/capture_session.h,224,OH_CaptureSession_CommitConfig,Camera_ErrorCode,Camera_CaptureSession * session,Camera_ErrorCode OH_CaptureSession_CommitConfig(Camera_CaptureSession *)
ohcamera/capture_session.h,841,OH_CaptureSession_DeleteColorSpaces,Camera_ErrorCode,"Camera_CaptureSession * session,OH_NativeBuffer_ColorSpace * colorSpace","Camera_ErrorCode OH_CaptureSession_DeleteColorSpaces(Camera_CaptureSession *,OH_NativeBuffer_ColorSpace *)"
ohcamera/capture_session.h,917,OH_CaptureSession_EnableAutoDeviceSwitch,Camera_ErrorCode,"Camera_CaptureSession * session,bool enabled","Camera_ErrorCode OH_CaptureSession_EnableAutoDeviceSwitch(Camera_CaptureSession *,bool)"
ohcamera/capture_session.h,854,OH_CaptureSession_GetActiveColorSpace,Camera_ErrorCode,"Camera_CaptureSession * session,OH_NativeBuffer_ColorSpace * colorSpace","Camera_ErrorCode OH_CaptureSession_GetActiveColorSpace(Camera_CaptureSession *,OH_NativeBuffer_ColorSpace *)"
ohcamera/capture_session.h,533,OH_CaptureSession_GetExposureBias,Camera_ErrorCode,"Camera_CaptureSession * session,float * exposureBias","Camera_ErrorCode OH_CaptureSession_GetExposureBias(Camera_CaptureSession *,float *)"
ohcamera/capture_session.h,508,OH_CaptureSession_GetExposureBiasRange,Camera_ErrorCode,"Camera_CaptureSession * session,float * minExposureBias,float * maxExposureBias,float * step","Camera_ErrorCode OH_CaptureSession_GetExposureBiasRange(Camera_CaptureSession *,float *,float *,float *)"
ohcamera/capture_session.h,458,OH_CaptureSession_GetExposureMode,Camera_ErrorCode,"Camera_CaptureSession * session,Camera_ExposureMode * exposureMode","Camera_ErrorCode OH_CaptureSession_GetExposureMode(Camera_CaptureSession *,Camera_ExposureMode *)"
ohcamera/capture_session.h,790,OH_CaptureSession_GetExposureValue,Camera_ErrorCode,"Camera_CaptureSession * session,float * exposureValue","Camera_ErrorCode OH_CaptureSession_GetExposureValue(Camera_CaptureSession *,float *)"
ohcamera/capture_session.h,420,OH_CaptureSession_GetFlashMode,Camera_ErrorCode,"Camera_CaptureSession * session,Camera_FlashMode * flashMode","Camera_ErrorCode OH_CaptureSession_GetFlashMode(Camera_CaptureSession *,Camera_FlashMode *)"
ohcamera/capture_session.h,802,OH_CaptureSession_GetFocalLength,Camera_ErrorCode,"Camera_CaptureSession * session,float * focalLength","Camera_ErrorCode OH_CaptureSession_GetFocalLength(Camera_CaptureSession *,float *)"
ohcamera/capture_session.h,559,OH_CaptureSession_GetFocusMode,Camera_ErrorCode,"Camera_CaptureSession * session,Camera_FocusMode * focusMode","Camera_ErrorCode OH_CaptureSession_GetFocusMode(Camera_CaptureSession *,Camera_FocusMode *)"
ohcamera/capture_session.h,583,OH_CaptureSession_GetFocusPoint,Camera_ErrorCode,"Camera_CaptureSession * session,Camera_Point * focusPoint","Camera_ErrorCode OH_CaptureSession_GetFocusPoint(Camera_CaptureSession *,Camera_Point *)"
ohcamera/capture_session.h,482,OH_CaptureSession_GetMeteringPoint,Camera_ErrorCode,"Camera_CaptureSession * session,Camera_Point * point","Camera_ErrorCode OH_CaptureSession_GetMeteringPoint(Camera_CaptureSession *,Camera_Point *)"
ohcamera/capture_session.h,829,OH_CaptureSession_GetSupportedColorSpaces,Camera_ErrorCode,"Camera_CaptureSession * session,OH_NativeBuffer_ColorSpace ** colorSpace,uint32_t * size","Camera_ErrorCode OH_CaptureSession_GetSupportedColorSpaces(Camera_CaptureSession *,OH_NativeBuffer_ColorSpace **,uint32_t *)"
ohcamera/capture_session.h,658,OH_CaptureSession_GetVideoStabilizationMode,Camera_ErrorCode,"Camera_CaptureSession * session,Camera_VideoStabilizationMode * mode","Camera_ErrorCode OH_CaptureSession_GetVideoStabilizationMode(Camera_CaptureSession *,Camera_VideoStabilizationMode *)"
ohcamera/capture_session.h,620,OH_CaptureSession_GetZoomRatio,Camera_ErrorCode,"Camera_CaptureSession * session,float * zoom","Camera_ErrorCode OH_CaptureSession_GetZoomRatio(Camera_CaptureSession *,float *)"
ohcamera/capture_session.h,608,OH_CaptureSession_GetZoomRatioRange,Camera_ErrorCode,"Camera_CaptureSession * session,float * minZoom,float * maxZoom","Camera_ErrorCode OH_CaptureSession_GetZoomRatioRange(Camera_CaptureSession *,float *,float *)"
ohcamera/capture_session.h,394,OH_CaptureSession_HasFlash,Camera_ErrorCode,"Camera_CaptureSession * session,bool * hasFlash","Camera_ErrorCode OH_CaptureSession_HasFlash(Camera_CaptureSession *,bool *)"
ohcamera/capture_session.h,904,OH_CaptureSession_IsAutoDeviceSwitchSupported,Camera_ErrorCode,"Camera_CaptureSession * session,bool * isSupported","Camera_ErrorCode OH_CaptureSession_IsAutoDeviceSwitchSupported(Camera_CaptureSession *,bool *)"
ohcamera/capture_session.h,445,OH_CaptureSession_IsExposureModeSupported,Camera_ErrorCode,"Camera_CaptureSession * session,Camera_ExposureMode exposureMode,bool * isSupported","Camera_ErrorCode OH_CaptureSession_IsExposureModeSupported(Camera_CaptureSession *,Camera_ExposureMode,bool *)"
ohcamera/capture_session.h,407,OH_CaptureSession_IsFlashModeSupported,Camera_ErrorCode,"Camera_CaptureSession * session,Camera_FlashMode flashMode,bool * isSupported","Camera_ErrorCode OH_CaptureSession_IsFlashModeSupported(Camera_CaptureSession *,Camera_FlashMode,bool *)"
ohcamera/capture_session.h,546,OH_CaptureSession_IsFocusModeSupported,Camera_ErrorCode,"Camera_CaptureSession * session,Camera_FocusMode focusMode,bool * isSupported","Camera_ErrorCode OH_CaptureSession_IsFocusModeSupported(Camera_CaptureSession *,Camera_FocusMode,bool *)"
ohcamera/capture_session.h,645,OH_CaptureSession_IsVideoStabilizationModeSupported,Camera_ErrorCode,"Camera_CaptureSession * session,Camera_VideoStabilizationMode mode,bool * isSupported","Camera_ErrorCode OH_CaptureSession_IsVideoStabilizationModeSupported(Camera_CaptureSession *,Camera_VideoStabilizationMode,bool *)"
ohcamera/capture_session.h,763,OH_CaptureSession_Preconfig,Camera_ErrorCode,"Camera_CaptureSession * session,Camera_PreconfigType preconfigType","Camera_ErrorCode OH_CaptureSession_Preconfig(Camera_CaptureSession *,Camera_PreconfigType)"
ohcamera/capture_session.h,777,OH_CaptureSession_PreconfigWithRatio,Camera_ErrorCode,"Camera_CaptureSession * session,Camera_PreconfigType preconfigType,Camera_PreconfigRatio preconfigRatio","Camera_ErrorCode OH_CaptureSession_PreconfigWithRatio(Camera_CaptureSession *,Camera_PreconfigType,Camera_PreconfigRatio)"
ohcamera/capture_session.h,879,OH_CaptureSession_RegisterAutoDeviceSwitchStatusCallback,Camera_ErrorCode,"Camera_CaptureSession * session,OH_CaptureSession_OnAutoDeviceSwitchStatusChange autoDeviceSwitchStatusChange","Camera_ErrorCode OH_CaptureSession_RegisterAutoDeviceSwitchStatusCallback(Camera_CaptureSession *,OH_CaptureSession_OnAutoDeviceSwitchStatusChange)"
ohcamera/capture_session.h,135,OH_CaptureSession_RegisterCallback,Camera_ErrorCode,"Camera_CaptureSession * session,CaptureSession_Callbacks * callback","Camera_ErrorCode OH_CaptureSession_RegisterCallback(Camera_CaptureSession *,CaptureSession_Callbacks *)"
ohcamera/capture_session.h,159,OH_CaptureSession_RegisterSmoothZoomInfoCallback,Camera_ErrorCode,"Camera_CaptureSession * session,OH_CaptureSession_OnSmoothZoomInfo smoothZoomInfoCallback","Camera_ErrorCode OH_CaptureSession_RegisterSmoothZoomInfoCallback(Camera_CaptureSession *,OH_CaptureSession_OnSmoothZoomInfo)"
ohcamera/capture_session.h,382,OH_CaptureSession_Release,Camera_ErrorCode,Camera_CaptureSession * session,Camera_ErrorCode OH_CaptureSession_Release(Camera_CaptureSession *)
ohcamera/capture_session.h,248,OH_CaptureSession_RemoveInput,Camera_ErrorCode,"Camera_CaptureSession * session,Camera_Input * cameraInput","Camera_ErrorCode OH_CaptureSession_RemoveInput(Camera_CaptureSession *,Camera_Input *)"
ohcamera/capture_session.h,347,OH_CaptureSession_RemoveMetadataOutput,Camera_ErrorCode,"Camera_CaptureSession * session,Camera_MetadataOutput * metadataOutput","Camera_ErrorCode OH_CaptureSession_RemoveMetadataOutput(Camera_CaptureSession *,Camera_MetadataOutput *)"
ohcamera/capture_session.h,298,OH_CaptureSession_RemovePhotoOutput,Camera_ErrorCode,"Camera_CaptureSession * session,Camera_PhotoOutput * photoOutput","Camera_ErrorCode OH_CaptureSession_RemovePhotoOutput(Camera_CaptureSession *,Camera_PhotoOutput *)"
ohcamera/capture_session.h,273,OH_CaptureSession_RemovePreviewOutput,Camera_ErrorCode,"Camera_CaptureSession * session,Camera_PreviewOutput * previewOutput","Camera_ErrorCode OH_CaptureSession_RemovePreviewOutput(Camera_CaptureSession *,Camera_PreviewOutput *)"
ohcamera/capture_session.h,322,OH_CaptureSession_RemoveVideoOutput,Camera_ErrorCode,"Camera_CaptureSession * session,Camera_VideoOutput * videoOutput","Camera_ErrorCode OH_CaptureSession_RemoveVideoOutput(Camera_CaptureSession *,Camera_VideoOutput *)"
ohcamera/capture_session.h,867,OH_CaptureSession_SetActiveColorSpace,Camera_ErrorCode,"Camera_CaptureSession * session,OH_NativeBuffer_ColorSpace colorSpace","Camera_ErrorCode OH_CaptureSession_SetActiveColorSpace(Camera_CaptureSession *,OH_NativeBuffer_ColorSpace)"
ohcamera/capture_session.h,521,OH_CaptureSession_SetExposureBias,Camera_ErrorCode,"Camera_CaptureSession * session,float exposureBias","Camera_ErrorCode OH_CaptureSession_SetExposureBias(Camera_CaptureSession *,float)"
ohcamera/capture_session.h,470,OH_CaptureSession_SetExposureMode,Camera_ErrorCode,"Camera_CaptureSession * session,Camera_ExposureMode exposureMode","Camera_ErrorCode OH_CaptureSession_SetExposureMode(Camera_CaptureSession *,Camera_ExposureMode)"
ohcamera/capture_session.h,432,OH_CaptureSession_SetFlashMode,Camera_ErrorCode,"Camera_CaptureSession * session,Camera_FlashMode flashMode","Camera_ErrorCode OH_CaptureSession_SetFlashMode(Camera_CaptureSession *,Camera_FlashMode)"
ohcamera/capture_session.h,571,OH_CaptureSession_SetFocusMode,Camera_ErrorCode,"Camera_CaptureSession * session,Camera_FocusMode focusMode","Camera_ErrorCode OH_CaptureSession_SetFocusMode(Camera_CaptureSession *,Camera_FocusMode)"
ohcamera/capture_session.h,595,OH_CaptureSession_SetFocusPoint,Camera_ErrorCode,"Camera_CaptureSession * session,Camera_Point focusPoint","Camera_ErrorCode OH_CaptureSession_SetFocusPoint(Camera_CaptureSession *,Camera_Point)"
ohcamera/capture_session.h,494,OH_CaptureSession_SetMeteringPoint,Camera_ErrorCode,"Camera_CaptureSession * session,Camera_Point point","Camera_ErrorCode OH_CaptureSession_SetMeteringPoint(Camera_CaptureSession *,Camera_Point)"
ohcamera/capture_session.h,929,OH_CaptureSession_SetQualityPrioritization,Camera_ErrorCode,"Camera_CaptureSession * session,Camera_QualityPrioritization qualityPrioritization","Camera_ErrorCode OH_CaptureSession_SetQualityPrioritization(Camera_CaptureSession *,Camera_QualityPrioritization)"
ohcamera/capture_session.h,188,OH_CaptureSession_SetSessionMode,Camera_ErrorCode,"Camera_CaptureSession * session,Camera_SceneMode sceneMode","Camera_ErrorCode OH_CaptureSession_SetSessionMode(Camera_CaptureSession *,Camera_SceneMode)"
ohcamera/capture_session.h,815,OH_CaptureSession_SetSmoothZoom,Camera_ErrorCode,"Camera_CaptureSession * session,float targetZoom,Camera_SmoothZoomMode smoothZoomMode","Camera_ErrorCode OH_CaptureSession_SetSmoothZoom(Camera_CaptureSession *,float,Camera_SmoothZoomMode)"
ohcamera/capture_session.h,671,OH_CaptureSession_SetVideoStabilizationMode,Camera_ErrorCode,"Camera_CaptureSession * session,Camera_VideoStabilizationMode mode","Camera_ErrorCode OH_CaptureSession_SetVideoStabilizationMode(Camera_CaptureSession *,Camera_VideoStabilizationMode)"
ohcamera/capture_session.h,632,OH_CaptureSession_SetZoomRatio,Camera_ErrorCode,"Camera_CaptureSession * session,float zoom","Camera_ErrorCode OH_CaptureSession_SetZoomRatio(Camera_CaptureSession *,float)"
ohcamera/capture_session.h,360,OH_CaptureSession_Start,Camera_ErrorCode,Camera_CaptureSession * session,Camera_ErrorCode OH_CaptureSession_Start(Camera_CaptureSession *)
ohcamera/capture_session.h,371,OH_CaptureSession_Stop,Camera_ErrorCode,Camera_CaptureSession * session,Camera_ErrorCode OH_CaptureSession_Stop(Camera_CaptureSession *)
ohcamera/capture_session.h,891,OH_CaptureSession_UnregisterAutoDeviceSwitchStatusCallback,Camera_ErrorCode,"Camera_CaptureSession * session,OH_CaptureSession_OnAutoDeviceSwitchStatusChange autoDeviceSwitchStatusChange","Camera_ErrorCode OH_CaptureSession_UnregisterAutoDeviceSwitchStatusCallback(Camera_CaptureSession *,OH_CaptureSession_OnAutoDeviceSwitchStatusChange)"
ohcamera/capture_session.h,147,OH_CaptureSession_UnregisterCallback,Camera_ErrorCode,"Camera_CaptureSession * session,CaptureSession_Callbacks * callback","Camera_ErrorCode OH_CaptureSession_UnregisterCallback(Camera_CaptureSession *,CaptureSession_Callbacks *)"
ohcamera/capture_session.h,171,OH_CaptureSession_UnregisterSmoothZoomInfoCallback,Camera_ErrorCode,"Camera_CaptureSession * session,OH_CaptureSession_OnSmoothZoomInfo smoothZoomInfoCallback","Camera_ErrorCode OH_CaptureSession_UnregisterSmoothZoomInfoCallback(Camera_CaptureSession *,OH_CaptureSession_OnSmoothZoomInfo)"
ohcamera/metadata_output.h,111,OH_MetadataOutput_RegisterCallback,Camera_ErrorCode,"Camera_MetadataOutput * metadataOutput,MetadataOutput_Callbacks * callback","Camera_ErrorCode OH_MetadataOutput_RegisterCallback(Camera_MetadataOutput *,MetadataOutput_Callbacks *)"
ohcamera/metadata_output.h,158,OH_MetadataOutput_Release,Camera_ErrorCode,Camera_MetadataOutput * metadataOutput,Camera_ErrorCode OH_MetadataOutput_Release(Camera_MetadataOutput *)
ohcamera/metadata_output.h,136,OH_MetadataOutput_Start,Camera_ErrorCode,Camera_MetadataOutput * metadataOutput,Camera_ErrorCode OH_MetadataOutput_Start(Camera_MetadataOutput *)
ohcamera/metadata_output.h,147,OH_MetadataOutput_Stop,Camera_ErrorCode,Camera_MetadataOutput * metadataOutput,Camera_ErrorCode OH_MetadataOutput_Stop(Camera_MetadataOutput *)
ohcamera/metadata_output.h,123,OH_MetadataOutput_UnregisterCallback,Camera_ErrorCode,"Camera_MetadataOutput * metadataOutput,MetadataOutput_Callbacks * callback","Camera_ErrorCode OH_MetadataOutput_UnregisterCallback(Camera_MetadataOutput *,MetadataOutput_Callbacks *)"
ohcamera/photo_native.h,72,OH_PhotoNative_GetMainImage,Camera_ErrorCode,"OH_PhotoNative * photo,OH_ImageNative ** mainImage","Camera_ErrorCode OH_PhotoNative_GetMainImage(OH_PhotoNative *,OH_ImageNative **)"
ohcamera/photo_native.h,83,OH_PhotoNative_Release,Camera_ErrorCode,OH_PhotoNative * photo,Camera_ErrorCode OH_PhotoNative_Release(OH_PhotoNative *)
ohcamera/photo_output.h,405,OH_PhotoOutput_Capture,Camera_ErrorCode,Camera_PhotoOutput * photoOutput,Camera_ErrorCode OH_PhotoOutput_Capture(Camera_PhotoOutput *)
ohcamera/photo_output.h,418,OH_PhotoOutput_Capture_WithCaptureSetting,Camera_ErrorCode,"Camera_PhotoOutput * photoOutput,Camera_PhotoCaptureSetting setting","Camera_ErrorCode OH_PhotoOutput_Capture_WithCaptureSetting(Camera_PhotoOutput *,Camera_PhotoCaptureSetting)"
ohcamera/photo_output.h,476,OH_PhotoOutput_DeleteProfile,Camera_ErrorCode,Camera_Profile * profile,Camera_ErrorCode OH_PhotoOutput_DeleteProfile(Camera_Profile *)
ohcamera/photo_output.h,454,OH_PhotoOutput_EnableMirror,Camera_ErrorCode,"Camera_PhotoOutput * photoOutput,bool enabled","Camera_ErrorCode OH_PhotoOutput_EnableMirror(Camera_PhotoOutput *,bool)"
ohcamera/photo_output.h,500,OH_PhotoOutput_EnableMovingPhoto,Camera_ErrorCode,"Camera_PhotoOutput * photoOutput,bool enabled","Camera_ErrorCode OH_PhotoOutput_EnableMovingPhoto(Camera_PhotoOutput *,bool)"
ohcamera/photo_output.h,466,OH_PhotoOutput_GetActiveProfile,Camera_ErrorCode,"Camera_PhotoOutput * photoOutput,Camera_Profile ** profile","Camera_ErrorCode OH_PhotoOutput_GetActiveProfile(Camera_PhotoOutput *,Camera_Profile **)"
ohcamera/photo_output.h,236,OH_PhotoOutput_GetPhotoRotation,Camera_ErrorCode,"Camera_PhotoOutput * photoOutput,int deviceDegree,Camera_ImageRotation * imageRotation","Camera_ErrorCode OH_PhotoOutput_GetPhotoRotation(Camera_PhotoOutput *,int,Camera_ImageRotation *)"
ohcamera/photo_output.h,442,OH_PhotoOutput_IsMirrorSupported,Camera_ErrorCode,"Camera_PhotoOutput * photoOutput,bool * isSupported","Camera_ErrorCode OH_PhotoOutput_IsMirrorSupported(Camera_PhotoOutput *,bool *)"
ohcamera/photo_output.h,488,OH_PhotoOutput_IsMovingPhotoSupported,Camera_ErrorCode,"Camera_PhotoOutput * photoOutput,bool * isSupported","Camera_ErrorCode OH_PhotoOutput_IsMovingPhotoSupported(Camera_PhotoOutput *,bool *)"
ohcamera/photo_output.h,200,OH_PhotoOutput_RegisterCallback,Camera_ErrorCode,"Camera_PhotoOutput * photoOutput,PhotoOutput_Callbacks * callback","Camera_ErrorCode OH_PhotoOutput_RegisterCallback(Camera_PhotoOutput *,PhotoOutput_Callbacks *)"
ohcamera/photo_output.h,260,OH_PhotoOutput_RegisterCaptureEndCallback,Camera_ErrorCode,"Camera_PhotoOutput * photoOutput,OH_PhotoOutput_CaptureEnd callback","Camera_ErrorCode OH_PhotoOutput_RegisterCaptureEndCallback(Camera_PhotoOutput *,OH_PhotoOutput_CaptureEnd)"
ohcamera/photo_output.h,308,OH_PhotoOutput_RegisterCaptureReadyCallback,Camera_ErrorCode,"Camera_PhotoOutput * photoOutput,OH_PhotoOutput_CaptureReady callback","Camera_ErrorCode OH_PhotoOutput_RegisterCaptureReadyCallback(Camera_PhotoOutput *,OH_PhotoOutput_CaptureReady)"
ohcamera/photo_output.h,222,OH_PhotoOutput_RegisterCaptureStartWithInfoCallback,Camera_ErrorCode,"Camera_PhotoOutput * photoOutput,OH_PhotoOutput_CaptureStartWithInfo callback","Camera_ErrorCode OH_PhotoOutput_RegisterCaptureStartWithInfoCallback(Camera_PhotoOutput *,OH_PhotoOutput_CaptureStartWithInfo)"
ohcamera/photo_output.h,332,OH_PhotoOutput_RegisterEstimatedCaptureDurationCallback,Camera_ErrorCode,"Camera_PhotoOutput * photoOutput,OH_PhotoOutput_EstimatedCaptureDuration callback","Camera_ErrorCode OH_PhotoOutput_RegisterEstimatedCaptureDurationCallback(Camera_PhotoOutput *,OH_PhotoOutput_EstimatedCaptureDuration)"
ohcamera/photo_output.h,284,OH_PhotoOutput_RegisterFrameShutterEndCallback,Camera_ErrorCode,"Camera_PhotoOutput * photoOutput,OH_PhotoOutput_OnFrameShutterEnd callback","Camera_ErrorCode OH_PhotoOutput_RegisterFrameShutterEndCallback(Camera_PhotoOutput *,OH_PhotoOutput_OnFrameShutterEnd)"
ohcamera/photo_output.h,380,OH_PhotoOutput_RegisterPhotoAssetAvailableCallback,Camera_ErrorCode,"Camera_PhotoOutput * photoOutput,OH_PhotoOutput_PhotoAssetAvailable callback","Camera_ErrorCode OH_PhotoOutput_RegisterPhotoAssetAvailableCallback(Camera_PhotoOutput *,OH_PhotoOutput_PhotoAssetAvailable)"
ohcamera/photo_output.h,356,OH_PhotoOutput_RegisterPhotoAvailableCallback,Camera_ErrorCode,"Camera_PhotoOutput * photoOutput,OH_PhotoOutput_PhotoAvailable callback","Camera_ErrorCode OH_PhotoOutput_RegisterPhotoAvailableCallback(Camera_PhotoOutput *,OH_PhotoOutput_PhotoAvailable)"
ohcamera/photo_output.h,430,OH_PhotoOutput_Release,Camera_ErrorCode,Camera_PhotoOutput * photoOutput,Camera_ErrorCode OH_PhotoOutput_Release(Camera_PhotoOutput *)
ohcamera/photo_output.h,211,OH_PhotoOutput_UnregisterCallback,Camera_ErrorCode,"Camera_PhotoOutput * photoOutput,PhotoOutput_Callbacks * callback","Camera_ErrorCode OH_PhotoOutput_UnregisterCallback(Camera_PhotoOutput *,PhotoOutput_Callbacks *)"
ohcamera/photo_output.h,272,OH_PhotoOutput_UnregisterCaptureEndCallback,Camera_ErrorCode,"Camera_PhotoOutput * photoOutput,OH_PhotoOutput_CaptureEnd callback","Camera_ErrorCode OH_PhotoOutput_UnregisterCaptureEndCallback(Camera_PhotoOutput *,OH_PhotoOutput_CaptureEnd)"
ohcamera/photo_output.h,320,OH_PhotoOutput_UnregisterCaptureReadyCallback,Camera_ErrorCode,"Camera_PhotoOutput * photoOutput,OH_PhotoOutput_CaptureReady callback","Camera_ErrorCode OH_PhotoOutput_UnregisterCaptureReadyCallback(Camera_PhotoOutput *,OH_PhotoOutput_CaptureReady)"
ohcamera/photo_output.h,248,OH_PhotoOutput_UnregisterCaptureStartWithInfoCallback,Camera_ErrorCode,"Camera_PhotoOutput * photoOutput,OH_PhotoOutput_CaptureStartWithInfo callback","Camera_ErrorCode OH_PhotoOutput_UnregisterCaptureStartWithInfoCallback(Camera_PhotoOutput *,OH_PhotoOutput_CaptureStartWithInfo)"
ohcamera/photo_output.h,344,OH_PhotoOutput_UnregisterEstimatedCaptureDurationCallback,Camera_ErrorCode,"Camera_PhotoOutput * photoOutput,OH_PhotoOutput_EstimatedCaptureDuration callback","Camera_ErrorCode OH_PhotoOutput_UnregisterEstimatedCaptureDurationCallback(Camera_PhotoOutput *,OH_PhotoOutput_EstimatedCaptureDuration)"
ohcamera/photo_output.h,296,OH_PhotoOutput_UnregisterFrameShutterEndCallback,Camera_ErrorCode,"Camera_PhotoOutput * photoOutput,OH_PhotoOutput_OnFrameShutterEnd callback","Camera_ErrorCode OH_PhotoOutput_UnregisterFrameShutterEndCallback(Camera_PhotoOutput *,OH_PhotoOutput_OnFrameShutterEnd)"
ohcamera/photo_output.h,392,OH_PhotoOutput_UnregisterPhotoAssetAvailableCallback,Camera_ErrorCode,"Camera_PhotoOutput * photoOutput,OH_PhotoOutput_PhotoAssetAvailable callback","Camera_ErrorCode OH_PhotoOutput_UnregisterPhotoAssetAvailableCallback(Camera_PhotoOutput *,OH_PhotoOutput_PhotoAssetAvailable)"
ohcamera/photo_output.h,368,OH_PhotoOutput_UnregisterPhotoAvailableCallback,Camera_ErrorCode,"Camera_PhotoOutput * photoOutput,OH_PhotoOutput_PhotoAvailable callback","Camera_ErrorCode OH_PhotoOutput_UnregisterPhotoAvailableCallback(Camera_PhotoOutput *,OH_PhotoOutput_PhotoAvailable)"
ohcamera/preview_output.h,244,OH_PreviewOutput_DeleteFrameRates,Camera_ErrorCode,"Camera_PreviewOutput * previewOutput,Camera_FrameRateRange * frameRateRange","Camera_ErrorCode OH_PreviewOutput_DeleteFrameRates(Camera_PreviewOutput *,Camera_FrameRateRange *)"
ohcamera/preview_output.h,191,OH_PreviewOutput_DeleteProfile,Camera_ErrorCode,Camera_Profile * profile,Camera_ErrorCode OH_PreviewOutput_DeleteProfile(Camera_Profile *)
ohcamera/preview_output.h,270,OH_PreviewOutput_GetActiveFrameRate,Camera_ErrorCode,"Camera_PreviewOutput * previewOutput,Camera_FrameRateRange * frameRateRange","Camera_ErrorCode OH_PreviewOutput_GetActiveFrameRate(Camera_PreviewOutput *,Camera_FrameRateRange *)"
ohcamera/preview_output.h,181,OH_PreviewOutput_GetActiveProfile,Camera_ErrorCode,"Camera_PreviewOutput * previewOutput,Camera_Profile ** profile","Camera_ErrorCode OH_PreviewOutput_GetActiveProfile(Camera_PreviewOutput *,Camera_Profile **)"
ohcamera/preview_output.h,204,OH_PreviewOutput_GetPreviewRotation,Camera_ErrorCode,"Camera_PreviewOutput * previewOutput,int displayRotation,Camera_ImageRotation * imageRotation","Camera_ErrorCode OH_PreviewOutput_GetPreviewRotation(Camera_PreviewOutput *,int,Camera_ImageRotation *)"
ohcamera/preview_output.h,232,OH_PreviewOutput_GetSupportedFrameRates,Camera_ErrorCode,"Camera_PreviewOutput * previewOutput,Camera_FrameRateRange ** frameRateRange,uint32_t * size","Camera_ErrorCode OH_PreviewOutput_GetSupportedFrameRates(Camera_PreviewOutput *,Camera_FrameRateRange **,uint32_t *)"
ohcamera/preview_output.h,122,OH_PreviewOutput_RegisterCallback,Camera_ErrorCode,"Camera_PreviewOutput * previewOutput,PreviewOutput_Callbacks * callback","Camera_ErrorCode OH_PreviewOutput_RegisterCallback(Camera_PreviewOutput *,PreviewOutput_Callbacks *)"
ohcamera/preview_output.h,169,OH_PreviewOutput_Release,Camera_ErrorCode,Camera_PreviewOutput * previewOutput,Camera_ErrorCode OH_PreviewOutput_Release(Camera_PreviewOutput *)
ohcamera/preview_output.h,257,OH_PreviewOutput_SetFrameRate,Camera_ErrorCode,"Camera_PreviewOutput * previewOutput,int32_t minFps,int32_t maxFps","Camera_ErrorCode OH_PreviewOutput_SetFrameRate(Camera_PreviewOutput *,int32_t,int32_t)"
ohcamera/preview_output.h,218,OH_PreviewOutput_SetPreviewRotation,Camera_ErrorCode,"Camera_PreviewOutput * previewOutput,Camera_ImageRotation previewRotation,bool isDisplayLocked","Camera_ErrorCode OH_PreviewOutput_SetPreviewRotation(Camera_PreviewOutput *,Camera_ImageRotation,bool)"
ohcamera/preview_output.h,147,OH_PreviewOutput_Start,Camera_ErrorCode,Camera_PreviewOutput * previewOutput,Camera_ErrorCode OH_PreviewOutput_Start(Camera_PreviewOutput *)
ohcamera/preview_output.h,158,OH_PreviewOutput_Stop,Camera_ErrorCode,Camera_PreviewOutput * previewOutput,Camera_ErrorCode OH_PreviewOutput_Stop(Camera_PreviewOutput *)
ohcamera/preview_output.h,134,OH_PreviewOutput_UnregisterCallback,Camera_ErrorCode,"Camera_PreviewOutput * previewOutput,PreviewOutput_Callbacks * callback","Camera_ErrorCode OH_PreviewOutput_UnregisterCallback(Camera_PreviewOutput *,PreviewOutput_Callbacks *)"
ohcamera/video_output.h,252,OH_VideoOutput_DeleteFrameRates,Camera_ErrorCode,"Camera_VideoOutput * videoOutput,Camera_FrameRateRange * frameRateRange","Camera_ErrorCode OH_VideoOutput_DeleteFrameRates(Camera_VideoOutput *,Camera_FrameRateRange *)"
ohcamera/video_output.h,189,OH_VideoOutput_DeleteProfile,Camera_ErrorCode,Camera_VideoProfile * profile,Camera_ErrorCode OH_VideoOutput_DeleteProfile(Camera_VideoProfile *)
ohcamera/video_output.h,213,OH_VideoOutput_EnableMirror,Camera_ErrorCode,"Camera_VideoOutput * videoOutput,bool mirrorMode","Camera_ErrorCode OH_VideoOutput_EnableMirror(Camera_VideoOutput *,bool)"
ohcamera/video_output.h,278,OH_VideoOutput_GetActiveFrameRate,Camera_ErrorCode,"Camera_VideoOutput * videoOutput,Camera_FrameRateRange * frameRateRange","Camera_ErrorCode OH_VideoOutput_GetActiveFrameRate(Camera_VideoOutput *,Camera_FrameRateRange *)"
ohcamera/video_output.h,179,OH_VideoOutput_GetActiveProfile,Camera_ErrorCode,"Camera_VideoOutput * videoOutput,Camera_VideoProfile ** profile","Camera_ErrorCode OH_VideoOutput_GetActiveProfile(Camera_VideoOutput *,Camera_VideoProfile **)"
ohcamera/video_output.h,240,OH_VideoOutput_GetSupportedFrameRates,Camera_ErrorCode,"Camera_VideoOutput * videoOutput,Camera_FrameRateRange ** frameRateRange,uint32_t * size","Camera_ErrorCode OH_VideoOutput_GetSupportedFrameRates(Camera_VideoOutput *,Camera_FrameRateRange **,uint32_t *)"
ohcamera/video_output.h,226,OH_VideoOutput_GetVideoRotation,Camera_ErrorCode,"Camera_VideoOutput * videoOutput,int deviceDegree,Camera_ImageRotation * imageRotation","Camera_ErrorCode OH_VideoOutput_GetVideoRotation(Camera_VideoOutput *,int,Camera_ImageRotation *)"
ohcamera/video_output.h,201,OH_VideoOutput_IsMirrorSupported,Camera_ErrorCode,"Camera_VideoOutput * videoOutput,bool * isSupported","Camera_ErrorCode OH_VideoOutput_IsMirrorSupported(Camera_VideoOutput *,bool *)"
ohcamera/video_output.h,122,OH_VideoOutput_RegisterCallback,Camera_ErrorCode,"Camera_VideoOutput * videoOutput,VideoOutput_Callbacks * callback","Camera_ErrorCode OH_VideoOutput_RegisterCallback(Camera_VideoOutput *,VideoOutput_Callbacks *)"
ohcamera/video_output.h,167,OH_VideoOutput_Release,Camera_ErrorCode,Camera_VideoOutput * videoOutput,Camera_ErrorCode OH_VideoOutput_Release(Camera_VideoOutput *)
ohcamera/video_output.h,265,OH_VideoOutput_SetFrameRate,Camera_ErrorCode,"Camera_VideoOutput * videoOutput,int32_t minFps,int32_t maxFps","Camera_ErrorCode OH_VideoOutput_SetFrameRate(Camera_VideoOutput *,int32_t,int32_t)"
ohcamera/video_output.h,145,OH_VideoOutput_Start,Camera_ErrorCode,Camera_VideoOutput * videoOutput,Camera_ErrorCode OH_VideoOutput_Start(Camera_VideoOutput *)
ohcamera/video_output.h,156,OH_VideoOutput_Stop,Camera_ErrorCode,Camera_VideoOutput * videoOutput,Camera_ErrorCode OH_VideoOutput_Stop(Camera_VideoOutput *)
ohcamera/video_output.h,133,OH_VideoOutput_UnregisterCallback,Camera_ErrorCode,"Camera_VideoOutput * videoOutput,VideoOutput_Callbacks * callback","Camera_ErrorCode OH_VideoOutput_UnregisterCallback(Camera_VideoOutput *,VideoOutput_Callbacks *)"
purgeable_memory/purgeable_memory.h,204,OH_PurgeableMemory_AppendModify,bool,"OH_PurgeableMemory * purgObj,OH_PurgeableMemory_ModifyFunc func,void * funcPara","bool OH_PurgeableMemory_AppendModify(OH_PurgeableMemory *,OH_PurgeableMemory_ModifyFunc,void *)"
purgeable_memory/purgeable_memory.h,118,OH_PurgeableMemory_BeginRead,bool,OH_PurgeableMemory * purgObj,bool OH_PurgeableMemory_BeginRead(OH_PurgeableMemory *)
purgeable_memory/purgeable_memory.h,148,OH_PurgeableMemory_BeginWrite,bool,OH_PurgeableMemory * purgObj,bool OH_PurgeableMemory_BeginWrite(OH_PurgeableMemory *)
purgeable_memory/purgeable_memory.h,189,OH_PurgeableMemory_ContentSize,size_t,OH_PurgeableMemory * purgObj,size_t OH_PurgeableMemory_ContentSize(OH_PurgeableMemory *)
purgeable_memory/purgeable_memory.h,87,OH_PurgeableMemory_Create,OH_PurgeableMemory *,"size_t size,OH_PurgeableMemory_ModifyFunc func,void * funcPara","OH_PurgeableMemory * OH_PurgeableMemory_Create(size_t,OH_PurgeableMemory_ModifyFunc,void *)"
purgeable_memory/purgeable_memory.h,101,OH_PurgeableMemory_Destroy,bool,OH_PurgeableMemory * purgObj,bool OH_PurgeableMemory_Destroy(OH_PurgeableMemory *)
purgeable_memory/purgeable_memory.h,131,OH_PurgeableMemory_EndRead,void,OH_PurgeableMemory * purgObj,void OH_PurgeableMemory_EndRead(OH_PurgeableMemory *)
purgeable_memory/purgeable_memory.h,161,OH_PurgeableMemory_EndWrite,void,OH_PurgeableMemory * purgObj,void OH_PurgeableMemory_EndWrite(OH_PurgeableMemory *)
purgeable_memory/purgeable_memory.h,176,OH_PurgeableMemory_GetContent,void *,OH_PurgeableMemory * purgObj,void * OH_PurgeableMemory_GetContent(OH_PurgeableMemory *)
qos/qos.h,116,OH_QoS_GetThreadQoS,int,QoS_Level * level,int OH_QoS_GetThreadQoS(QoS_Level *)
qos/qos.h,104,OH_QoS_ResetThreadQoS,int,void,int OH_QoS_ResetThreadQoS(void)
qos/qos.h,94,OH_QoS_SetThreadQoS,int,QoS_Level level,int OH_QoS_SetThreadQoS(QoS_Level)
rawfile/raw_dir.h,98,OH_ResourceManager_CloseRawDir,void,RawDir * rawDir,void OH_ResourceManager_CloseRawDir(RawDir *)
rawfile/raw_dir.h,86,OH_ResourceManager_GetRawFileCount,int,RawDir * rawDir,int OH_ResourceManager_GetRawFileCount(RawDir *)
rawfile/raw_dir.h,74,OH_ResourceManager_GetRawFileName,const char *,"RawDir * rawDir,int index","const char * OH_ResourceManager_GetRawFileName(RawDir *,int)"
rawfile/raw_file.h,181,OH_ResourceManager_CloseRawFile,void,RawFile * rawFile,void OH_ResourceManager_CloseRawFile(RawFile *)
rawfile/raw_file.h,310,OH_ResourceManager_CloseRawFile64,void,RawFile64 * rawFile,void OH_ResourceManager_CloseRawFile64(RawFile64 *)
rawfile/raw_file.h,208,OH_ResourceManager_GetRawFileDescriptor,bool,"const RawFile * rawFile,RawFileDescriptor & descriptor","bool OH_ResourceManager_GetRawFileDescriptor(const RawFile *,RawFileDescriptor &)"
rawfile/raw_file.h,335,OH_ResourceManager_GetRawFileDescriptor64,bool,"const RawFile64 * rawFile,RawFileDescriptor64 * descriptor","bool OH_ResourceManager_GetRawFileDescriptor64(const RawFile64 *,RawFileDescriptor64 *)"
rawfile/raw_file.h,221,OH_ResourceManager_GetRawFileDescriptorData,bool,"const RawFile * rawFile,RawFileDescriptor * descriptor","bool OH_ResourceManager_GetRawFileDescriptorData(const RawFile *,RawFileDescriptor *)"
rawfile/raw_file.h,193,OH_ResourceManager_GetRawFileOffset,long,const RawFile * rawFile,long OH_ResourceManager_GetRawFileOffset(const RawFile *)
rawfile/raw_file.h,322,OH_ResourceManager_GetRawFileOffset64,int64_t,const RawFile64 * rawFile,int64_t OH_ResourceManager_GetRawFileOffset64(const RawFile64 *)
rawfile/raw_file.h,169,OH_ResourceManager_GetRawFileRemainingLength,long,const RawFile * rawFile,long OH_ResourceManager_GetRawFileRemainingLength(const RawFile *)
rawfile/raw_file.h,298,OH_ResourceManager_GetRawFileRemainingLength64,int64_t,const RawFile64 * rawFile,int64_t OH_ResourceManager_GetRawFileRemainingLength64(const RawFile64 *)
rawfile/raw_file.h,159,OH_ResourceManager_GetRawFileSize,long,RawFile * rawFile,long OH_ResourceManager_GetRawFileSize(RawFile *)
rawfile/raw_file.h,288,OH_ResourceManager_GetRawFileSize64,int64_t,RawFile64 * rawFile,int64_t OH_ResourceManager_GetRawFileSize64(RawFile64 *)
rawfile/raw_file.h,133,OH_ResourceManager_ReadRawFile,int,"const RawFile * rawFile,void * buf,size_t length","int OH_ResourceManager_ReadRawFile(const RawFile *,void *,size_t)"
rawfile/raw_file.h,262,OH_ResourceManager_ReadRawFile64,int64_t,"const RawFile64 * rawFile,void * buf,int64_t length","int64_t OH_ResourceManager_ReadRawFile64(const RawFile64 *,void *,int64_t)"
rawfile/raw_file.h,235,OH_ResourceManager_ReleaseRawFileDescriptor,bool,const RawFileDescriptor & descriptor,bool OH_ResourceManager_ReleaseRawFileDescriptor(const RawFileDescriptor &)
rawfile/raw_file.h,347,OH_ResourceManager_ReleaseRawFileDescriptor64,bool,const RawFileDescriptor64 * descriptor,bool OH_ResourceManager_ReleaseRawFileDescriptor64(const RawFileDescriptor64 *)
rawfile/raw_file.h,247,OH_ResourceManager_ReleaseRawFileDescriptorData,bool,const RawFileDescriptor * descriptor,bool OH_ResourceManager_ReleaseRawFileDescriptorData(const RawFileDescriptor *)
rawfile/raw_file.h,149,OH_ResourceManager_SeekRawFile,int,"const RawFile * rawFile,long offset,int whence","int OH_ResourceManager_SeekRawFile(const RawFile *,long,int)"
rawfile/raw_file.h,278,OH_ResourceManager_SeekRawFile64,int,"const RawFile64 * rawFile,int64_t offset,int whence","int OH_ResourceManager_SeekRawFile64(const RawFile64 *,int64_t,int)"
rawfile/raw_file_manager.h,76,OH_ResourceManager_InitNativeResourceManager,NativeResourceManager *,"napi_env env,napi_value jsResMgr","NativeResourceManager * OH_ResourceManager_InitNativeResourceManager(napi_env,napi_value)"
rawfile/raw_file_manager.h,151,OH_ResourceManager_IsRawDir,bool,"const NativeResourceManager * mgr,const char * path","bool OH_ResourceManager_IsRawDir(const NativeResourceManager *,const char *)"
rawfile/raw_file_manager.h,105,OH_ResourceManager_OpenRawDir,RawDir *,"const NativeResourceManager * mgr,const char * dirName","RawDir * OH_ResourceManager_OpenRawDir(const NativeResourceManager *,const char *)"
rawfile/raw_file_manager.h,122,OH_ResourceManager_OpenRawFile,RawFile *,"const NativeResourceManager * mgr,const char * fileName","RawFile * OH_ResourceManager_OpenRawFile(const NativeResourceManager *,const char *)"
rawfile/raw_file_manager.h,139,OH_ResourceManager_OpenRawFile64,RawFile64 *,"const NativeResourceManager * mgr,const char * fileName","RawFile64 * OH_ResourceManager_OpenRawFile64(const NativeResourceManager *,const char *)"
rawfile/raw_file_manager.h,87,OH_ResourceManager_ReleaseNativeResourceManager,void,NativeResourceManager * resMgr,void OH_ResourceManager_ReleaseNativeResourceManager(NativeResourceManager *)
resourcemanager/ohresmgr.h,753,OH_ResourceManager_AddResource,ResourceManager_ErrorCode,"const NativeResourceManager * mgr,const char * path","ResourceManager_ErrorCode OH_ResourceManager_AddResource(const NativeResourceManager *,const char *)"
resourcemanager/ohresmgr.h,719,OH_ResourceManager_GetBool,ResourceManager_ErrorCode,"const NativeResourceManager * mgr,uint32_t resId,bool * resultValue","ResourceManager_ErrorCode OH_ResourceManager_GetBool(const NativeResourceManager *,uint32_t,bool *)"
resourcemanager/ohresmgr.h,739,OH_ResourceManager_GetBoolByName,ResourceManager_ErrorCode,"const NativeResourceManager * mgr,const char * resName,bool * resultValue","ResourceManager_ErrorCode OH_ResourceManager_GetBoolByName(const NativeResourceManager *,const char *,bool *)"
resourcemanager/ohresmgr.h,599,OH_ResourceManager_GetColor,ResourceManager_ErrorCode,"const NativeResourceManager * mgr,uint32_t resId,uint32_t * resultValue","ResourceManager_ErrorCode OH_ResourceManager_GetColor(const NativeResourceManager *,uint32_t,uint32_t *)"
resourcemanager/ohresmgr.h,619,OH_ResourceManager_GetColorByName,ResourceManager_ErrorCode,"const NativeResourceManager * mgr,const char * resName,uint32_t * resultValue","ResourceManager_ErrorCode OH_ResourceManager_GetColorByName(const NativeResourceManager *,const char *,uint32_t *)"
resourcemanager/ohresmgr.h,414,OH_ResourceManager_GetConfiguration,ResourceManager_ErrorCode,"const NativeResourceManager * mgr,ResourceManager_Configuration * configuration","ResourceManager_ErrorCode OH_ResourceManager_GetConfiguration(const NativeResourceManager *,ResourceManager_Configuration *)"
resourcemanager/ohresmgr.h,248,OH_ResourceManager_GetDrawableDescriptor,ResourceManager_ErrorCode,"const NativeResourceManager * mgr,uint32_t resId,ArkUI_DrawableDescriptor ** drawableDescriptor,uint32_t density=0,uint32_t type=0","ResourceManager_ErrorCode OH_ResourceManager_GetDrawableDescriptor(const NativeResourceManager *,uint32_t,ArkUI_DrawableDescriptor **,uint32_t density=0,uint32_t type=0)"
resourcemanager/ohresmgr.h,293,OH_ResourceManager_GetDrawableDescriptorByName,ResourceManager_ErrorCode,"const NativeResourceManager * mgr,const char * resName,ArkUI_DrawableDescriptor ** drawableDescriptor,uint32_t density=0,uint32_t type=0","ResourceManager_ErrorCode OH_ResourceManager_GetDrawableDescriptorByName(const NativeResourceManager *,const char *,ArkUI_DrawableDescriptor **,uint32_t density=0,uint32_t type=0)"
resourcemanager/ohresmgr.h,271,OH_ResourceManager_GetDrawableDescriptorData,ResourceManager_ErrorCode,"const NativeResourceManager * mgr,uint32_t resId,ArkUI_DrawableDescriptor ** drawableDescriptor,uint32_t density,uint32_t type","ResourceManager_ErrorCode OH_ResourceManager_GetDrawableDescriptorData(const NativeResourceManager *,uint32_t,ArkUI_DrawableDescriptor **,uint32_t,uint32_t)"
resourcemanager/ohresmgr.h,315,OH_ResourceManager_GetDrawableDescriptorDataByName,ResourceManager_ErrorCode,"const NativeResourceManager * mgr,const char * resName,ArkUI_DrawableDescriptor ** drawableDescriptor,uint32_t density,uint32_t type","ResourceManager_ErrorCode OH_ResourceManager_GetDrawableDescriptorDataByName(const NativeResourceManager *,const char *,ArkUI_DrawableDescriptor **,uint32_t,uint32_t)"
resourcemanager/ohresmgr.h,679,OH_ResourceManager_GetFloat,ResourceManager_ErrorCode,"const NativeResourceManager * mgr,uint32_t resId,float * resultValue","ResourceManager_ErrorCode OH_ResourceManager_GetFloat(const NativeResourceManager *,uint32_t,float *)"
resourcemanager/ohresmgr.h,699,OH_ResourceManager_GetFloatByName,ResourceManager_ErrorCode,"const NativeResourceManager * mgr,const char * resName,float * resultValue","ResourceManager_ErrorCode OH_ResourceManager_GetFloatByName(const NativeResourceManager *,const char *,float *)"
resourcemanager/ohresmgr.h,639,OH_ResourceManager_GetInt,ResourceManager_ErrorCode,"const NativeResourceManager * mgr,uint32_t resId,int * resultValue","ResourceManager_ErrorCode OH_ResourceManager_GetInt(const NativeResourceManager *,uint32_t,int *)"
resourcemanager/ohresmgr.h,659,OH_ResourceManager_GetIntByName,ResourceManager_ErrorCode,"const NativeResourceManager * mgr,const char * resName,int * resultValue","ResourceManager_ErrorCode OH_ResourceManager_GetIntByName(const NativeResourceManager *,const char *,int *)"
resourcemanager/ohresmgr.h,375,OH_ResourceManager_GetLocales,ResourceManager_ErrorCode,"const NativeResourceManager * mgr,char *** resultValue,uint32_t * resultLen,bool includeSystem=false","ResourceManager_ErrorCode OH_ResourceManager_GetLocales(const NativeResourceManager *,char ***,uint32_t *,bool includeSystem=false)"
resourcemanager/ohresmgr.h,395,OH_ResourceManager_GetLocalesData,ResourceManager_ErrorCode,"const NativeResourceManager * mgr,char *** resultValue,uint32_t * resultLen,bool includeSystem","ResourceManager_ErrorCode OH_ResourceManager_GetLocalesData(const NativeResourceManager *,char ***,uint32_t *,bool)"
resourcemanager/ohresmgr.h,157,OH_ResourceManager_GetMedia,ResourceManager_ErrorCode,"const NativeResourceManager * mgr,uint32_t resId,uint8_t ** resultValue,uint64_t * resultLen,uint32_t density=0","ResourceManager_ErrorCode OH_ResourceManager_GetMedia(const NativeResourceManager *,uint32_t,uint8_t **,uint64_t *,uint32_t density=0)"
resourcemanager/ohresmgr.h,65,OH_ResourceManager_GetMediaBase64,ResourceManager_ErrorCode,"const NativeResourceManager * mgr,uint32_t resId,char ** resultValue,uint64_t * resultLen,uint32_t density=0","ResourceManager_ErrorCode OH_ResourceManager_GetMediaBase64(const NativeResourceManager *,uint32_t,char **,uint64_t *,uint32_t density=0)"
resourcemanager/ohresmgr.h,111,OH_ResourceManager_GetMediaBase64ByName,ResourceManager_ErrorCode,"const NativeResourceManager * mgr,const char * resName,char ** resultValue,uint64_t * resultLen,uint32_t density=0","ResourceManager_ErrorCode OH_ResourceManager_GetMediaBase64ByName(const NativeResourceManager *,const char *,char **,uint64_t *,uint32_t density=0)"
resourcemanager/ohresmgr.h,88,OH_ResourceManager_GetMediaBase64Data,ResourceManager_ErrorCode,"const NativeResourceManager * mgr,uint32_t resId,char ** resultValue,uint64_t * resultLen,uint32_t density","ResourceManager_ErrorCode OH_ResourceManager_GetMediaBase64Data(const NativeResourceManager *,uint32_t,char **,uint64_t *,uint32_t)"
resourcemanager/ohresmgr.h,134,OH_ResourceManager_GetMediaBase64DataByName,ResourceManager_ErrorCode,"const NativeResourceManager * mgr,const char * resName,char ** resultValue,uint64_t * resultLen,uint32_t density","ResourceManager_ErrorCode OH_ResourceManager_GetMediaBase64DataByName(const NativeResourceManager *,const char *,char **,uint64_t *,uint32_t)"
resourcemanager/ohresmgr.h,203,OH_ResourceManager_GetMediaByName,ResourceManager_ErrorCode,"const NativeResourceManager * mgr,const char * resName,uint8_t ** resultValue,uint64_t * resultLen,uint32_t density=0","ResourceManager_ErrorCode OH_ResourceManager_GetMediaByName(const NativeResourceManager *,const char *,uint8_t **,uint64_t *,uint32_t density=0)"
resourcemanager/ohresmgr.h,180,OH_ResourceManager_GetMediaData,ResourceManager_ErrorCode,"const NativeResourceManager * mgr,uint32_t resId,uint8_t ** resultValue,uint64_t * resultLen,uint32_t density","ResourceManager_ErrorCode OH_ResourceManager_GetMediaData(const NativeResourceManager *,uint32_t,uint8_t **,uint64_t *,uint32_t)"
resourcemanager/ohresmgr.h,226,OH_ResourceManager_GetMediaDataByName,ResourceManager_ErrorCode,"const NativeResourceManager * mgr,const char * resName,uint8_t ** resultValue,uint64_t * resultLen,uint32_t density","ResourceManager_ErrorCode OH_ResourceManager_GetMediaDataByName(const NativeResourceManager *,const char *,uint8_t **,uint64_t *,uint32_t)"
resourcemanager/ohresmgr.h,556,OH_ResourceManager_GetPluralString,ResourceManager_ErrorCode,"const NativeResourceManager * mgr,uint32_t resId,uint32_t num,char ** resultValue","ResourceManager_ErrorCode OH_ResourceManager_GetPluralString(const NativeResourceManager *,uint32_t,uint32_t,char **)"
resourcemanager/ohresmgr.h,579,OH_ResourceManager_GetPluralStringByName,ResourceManager_ErrorCode,"const NativeResourceManager * mgr,const char * resName,uint32_t num,char ** resultValue","ResourceManager_ErrorCode OH_ResourceManager_GetPluralStringByName(const NativeResourceManager *,const char *,uint32_t,char **)"
resourcemanager/ohresmgr.h,450,OH_ResourceManager_GetString,ResourceManager_ErrorCode,"const NativeResourceManager * mgr,uint32_t resId,char ** resultValue,...","ResourceManager_ErrorCode OH_ResourceManager_GetString(const NativeResourceManager *,uint32_t,char **,...)"
resourcemanager/ohresmgr.h,499,OH_ResourceManager_GetStringArray,ResourceManager_ErrorCode,"const NativeResourceManager * mgr,uint32_t resId,char *** resultValue,uint32_t * resultLen","ResourceManager_ErrorCode OH_ResourceManager_GetStringArray(const NativeResourceManager *,uint32_t,char ***,uint32_t *)"
resourcemanager/ohresmgr.h,522,OH_ResourceManager_GetStringArrayByName,ResourceManager_ErrorCode,"const NativeResourceManager * mgr,const char * resName,char *** resultValue,uint32_t * resultLen","ResourceManager_ErrorCode OH_ResourceManager_GetStringArrayByName(const NativeResourceManager *,const char *,char ***,uint32_t *)"
resourcemanager/ohresmgr.h,476,OH_ResourceManager_GetStringByName,ResourceManager_ErrorCode,"const NativeResourceManager * mgr,const char * resName,char ** resultValue,...","ResourceManager_ErrorCode OH_ResourceManager_GetStringByName(const NativeResourceManager *,const char *,char **,...)"
resourcemanager/ohresmgr.h,335,OH_ResourceManager_GetSymbol,ResourceManager_ErrorCode,"const NativeResourceManager * mgr,uint32_t resId,uint32_t * resultValue","ResourceManager_ErrorCode OH_ResourceManager_GetSymbol(const NativeResourceManager *,uint32_t,uint32_t *)"
resourcemanager/ohresmgr.h,355,OH_ResourceManager_GetSymbolByName,ResourceManager_ErrorCode,"const NativeResourceManager * mgr,const char * resName,uint32_t * resultValue","ResourceManager_ErrorCode OH_ResourceManager_GetSymbolByName(const NativeResourceManager *,const char *,uint32_t *)"
resourcemanager/ohresmgr.h,425,OH_ResourceManager_ReleaseConfiguration,ResourceManager_ErrorCode,ResourceManager_Configuration * configuration,ResourceManager_ErrorCode OH_ResourceManager_ReleaseConfiguration(ResourceManager_Configuration *)
resourcemanager/ohresmgr.h,534,OH_ResourceManager_ReleaseStringArray,ResourceManager_ErrorCode,"char *** resValue,uint32_t len","ResourceManager_ErrorCode OH_ResourceManager_ReleaseStringArray(char ***,uint32_t)"
resourcemanager/ohresmgr.h,766,OH_ResourceManager_RemoveResource,ResourceManager_ErrorCode,"const NativeResourceManager * mgr,const char * path","ResourceManager_ErrorCode OH_ResourceManager_RemoveResource(const NativeResourceManager *,const char *)"
sensors/oh_sensor.h,55,OH_Sensor_GetInfos,Sensor_Result,"Sensor_Info ** infos,uint32_t * count","Sensor_Result OH_Sensor_GetInfos(Sensor_Info **,uint32_t *)"
sensors/oh_sensor.h,79,OH_Sensor_Subscribe,Sensor_Result,"const Sensor_SubscriptionId * id,const Sensor_SubscriptionAttribute * attribute,const Sensor_Subscriber * subscriber","Sensor_Result OH_Sensor_Subscribe(const Sensor_SubscriptionId *,const Sensor_SubscriptionAttribute *,const Sensor_Subscriber *)"
sensors/oh_sensor.h,103,OH_Sensor_Unsubscribe,Sensor_Result,"const Sensor_SubscriptionId * id,const Sensor_Subscriber * subscriber","Sensor_Result OH_Sensor_Unsubscribe(const Sensor_SubscriptionId *,const Sensor_Subscriber *)"
sensors/oh_sensor_type.h,322,OH_SensorEvent_GetAccuracy,int32_t,"Sensor_Event * sensorEvent,Sensor_Accuracy * accuracy","int32_t OH_SensorEvent_GetAccuracy(Sensor_Event *,Sensor_Accuracy *)"
sensors/oh_sensor_type.h,364,OH_SensorEvent_GetData,int32_t,"Sensor_Event * sensorEvent,float ** data,uint32_t * length","int32_t OH_SensorEvent_GetData(Sensor_Event *,float **,uint32_t *)"
sensors/oh_sensor_type.h,311,OH_SensorEvent_GetTimestamp,int32_t,"Sensor_Event * sensorEvent,int64_t * timestamp","int32_t OH_SensorEvent_GetTimestamp(Sensor_Event *,int64_t *)"
sensors/oh_sensor_type.h,300,OH_SensorEvent_GetType,int32_t,"Sensor_Event * sensorEvent,Sensor_Type * sensorType","int32_t OH_SensorEvent_GetType(Sensor_Event *,Sensor_Type *)"
sensors/oh_sensor_type.h,283,OH_SensorInfo_GetMaxSamplingInterval,int32_t,"Sensor_Info * sensor,int64_t * maxSamplingInterval","int32_t OH_SensorInfo_GetMaxSamplingInterval(Sensor_Info *,int64_t *)"
sensors/oh_sensor_type.h,272,OH_SensorInfo_GetMinSamplingInterval,int32_t,"Sensor_Info * sensor,int64_t * minSamplingInterval","int32_t OH_SensorInfo_GetMinSamplingInterval(Sensor_Info *,int64_t *)"
sensors/oh_sensor_type.h,227,OH_SensorInfo_GetName,int32_t,"Sensor_Info * sensor,char * sensorName,uint32_t * length","int32_t OH_SensorInfo_GetName(Sensor_Info *,char *,uint32_t *)"
sensors/oh_sensor_type.h,261,OH_SensorInfo_GetResolution,int32_t,"Sensor_Info * sensor,float * resolution","int32_t OH_SensorInfo_GetResolution(Sensor_Info *,float *)"
sensors/oh_sensor_type.h,250,OH_SensorInfo_GetType,int32_t,"Sensor_Info * sensor,Sensor_Type * sensorType","int32_t OH_SensorInfo_GetType(Sensor_Info *,Sensor_Type *)"
sensors/oh_sensor_type.h,239,OH_SensorInfo_GetVendorName,int32_t,"Sensor_Info * sensor,char * vendorName,uint32_t * length","int32_t OH_SensorInfo_GetVendorName(Sensor_Info *,char *,uint32_t *)"
sensors/oh_sensor_type.h,513,OH_SensorSubscriber_GetCallback,int32_t,"Sensor_Subscriber * subscriber,Sensor_EventCallback * callback","int32_t OH_SensorSubscriber_GetCallback(Sensor_Subscriber *,Sensor_EventCallback *)"
sensors/oh_sensor_type.h,502,OH_SensorSubscriber_SetCallback,int32_t,"Sensor_Subscriber * subscriber,const Sensor_EventCallback callback","int32_t OH_SensorSubscriber_SetCallback(Sensor_Subscriber *,const Sensor_EventCallback)"
sensors/oh_sensor_type.h,459,OH_SensorSubscriptionAttribute_GetSamplingInterval,int32_t,"Sensor_SubscriptionAttribute * attribute,int64_t * samplingInterval","int32_t OH_SensorSubscriptionAttribute_GetSamplingInterval(Sensor_SubscriptionAttribute *,int64_t *)"
sensors/oh_sensor_type.h,447,OH_SensorSubscriptionAttribute_SetSamplingInterval,int32_t,"Sensor_SubscriptionAttribute * attribute,const int64_t samplingInterval","int32_t OH_SensorSubscriptionAttribute_SetSamplingInterval(Sensor_SubscriptionAttribute *,const int64_t)"
sensors/oh_sensor_type.h,400,OH_SensorSubscriptionId_GetType,int32_t,"Sensor_SubscriptionId * id,Sensor_Type * sensorType","int32_t OH_SensorSubscriptionId_GetType(Sensor_SubscriptionId *,Sensor_Type *)"
sensors/oh_sensor_type.h,411,OH_SensorSubscriptionId_SetType,int32_t,"Sensor_SubscriptionId * id,const Sensor_Type sensorType","int32_t OH_SensorSubscriptionId_SetType(Sensor_SubscriptionId *,const Sensor_Type)"
sensors/oh_sensor_type.h,204,OH_Sensor_CreateInfos,Sensor_Info **,uint32_t count,Sensor_Info ** OH_Sensor_CreateInfos(uint32_t)
sensors/oh_sensor_type.h,481,OH_Sensor_CreateSubscriber,Sensor_Subscriber *,void,Sensor_Subscriber * OH_Sensor_CreateSubscriber(void)
sensors/oh_sensor_type.h,426,OH_Sensor_CreateSubscriptionAttribute,Sensor_SubscriptionAttribute *,void,Sensor_SubscriptionAttribute * OH_Sensor_CreateSubscriptionAttribute(void)
sensors/oh_sensor_type.h,379,OH_Sensor_CreateSubscriptionId,Sensor_SubscriptionId *,void,Sensor_SubscriptionId * OH_Sensor_CreateSubscriptionId(void)
sensors/oh_sensor_type.h,215,OH_Sensor_DestroyInfos,int32_t,"Sensor_Info ** sensors,uint32_t count","int32_t OH_Sensor_DestroyInfos(Sensor_Info **,uint32_t)"
sensors/oh_sensor_type.h,491,OH_Sensor_DestroySubscriber,int32_t,Sensor_Subscriber * subscriber,int32_t OH_Sensor_DestroySubscriber(Sensor_Subscriber *)
sensors/oh_sensor_type.h,436,OH_Sensor_DestroySubscriptionAttribute,int32_t,Sensor_SubscriptionAttribute * attribute,int32_t OH_Sensor_DestroySubscriptionAttribute(Sensor_SubscriptionAttribute *)
sensors/oh_sensor_type.h,389,OH_Sensor_DestroySubscriptionId,int32_t,Sensor_SubscriptionId * id,int32_t OH_Sensor_DestroySubscriptionId(Sensor_SubscriptionId *)
sensors/vibrator.h,93,OH_Vibrator_Cancel,int32_t,void,int32_t OH_Vibrator_Cancel(void)
sensors/vibrator.h,58,OH_Vibrator_PlayVibration,int32_t,"int32_t duration,Vibrator_Attribute attribute","int32_t OH_Vibrator_PlayVibration(int32_t,Vibrator_Attribute)"
sensors/vibrator.h,77,OH_Vibrator_PlayVibrationCustom,int32_t,"Vibrator_FileDescription fileDescription,Vibrator_Attribute vibrateAttribute","int32_t OH_Vibrator_PlayVibrationCustom(Vibrator_FileDescription,Vibrator_Attribute)"
transient_task/transient_task_api.h,101,OH_BackgroundTaskManager_CancelSuspendDelay,int32_t,int32_t requestId,int32_t OH_BackgroundTaskManager_CancelSuspendDelay(int32_t)
transient_task/transient_task_api.h,84,OH_BackgroundTaskManager_GetRemainingDelayTime,int32_t,"int32_t requestId,int32_t * delayTime","int32_t OH_BackgroundTaskManager_GetRemainingDelayTime(int32_t,int32_t *)"
transient_task/transient_task_api.h,65,OH_BackgroundTaskManager_RequestSuspendDelay,int32_t,"const char * reason,TransientTask_Callback callback,TransientTask_DelaySuspendInfo * info","int32_t OH_BackgroundTaskManager_RequestSuspendDelay(const char *,TransientTask_Callback,TransientTask_DelaySuspendInfo *)"
usb/usb_ddk_api.h,133,OH_Usb_ClaimInterface,int32_t,"uint64_t deviceId,uint8_t interfaceIndex,uint64_t * interfaceHandle","int32_t OH_Usb_ClaimInterface(uint64_t,uint8_t,uint64_t *)"
usb/usb_ddk_api.h,265,OH_Usb_CreateDeviceMemMap,int32_t,"uint64_t deviceId,size_t size,UsbDeviceMemMap ** devMmap","int32_t OH_Usb_CreateDeviceMemMap(uint64_t,size_t,UsbDeviceMemMap **)"
usb/usb_ddk_api.h,275,OH_Usb_DestroyDeviceMemMap,void,UsbDeviceMemMap * devMmap,void OH_Usb_DestroyDeviceMemMap(UsbDeviceMemMap *)
usb/usb_ddk_api.h,116,OH_Usb_FreeConfigDescriptor,void,struct UsbDdkConfigDescriptor * const config,void OH_Usb_FreeConfigDescriptor(struct UsbDdkConfigDescriptor * const)
usb/usb_ddk_api.h,104,OH_Usb_GetConfigDescriptor,int32_t,"uint64_t deviceId,uint8_t configIndex,struct UsbDdkConfigDescriptor ** const config","int32_t OH_Usb_GetConfigDescriptor(uint64_t,uint8_t,struct UsbDdkConfigDescriptor ** const)"
usb/usb_ddk_api.h,177,OH_Usb_GetCurrentInterfaceSetting,int32_t,"uint64_t interfaceHandle,uint8_t * settingIndex","int32_t OH_Usb_GetCurrentInterfaceSetting(uint64_t,uint8_t *)"
usb/usb_ddk_api.h,86,OH_Usb_GetDeviceDescriptor,int32_t,"uint64_t deviceId,struct UsbDeviceDescriptor * desc","int32_t OH_Usb_GetDeviceDescriptor(uint64_t,struct UsbDeviceDescriptor *)"
usb/usb_ddk_api.h,62,OH_Usb_Init,int32_t,void,int32_t OH_Usb_Init(void)
usb/usb_ddk_api.h,71,OH_Usb_Release,void,void,void OH_Usb_Release(void)
usb/usb_ddk_api.h,146,OH_Usb_ReleaseInterface,int32_t,uint64_t interfaceHandle,int32_t OH_Usb_ReleaseInterface(uint64_t)
usb/usb_ddk_api.h,161,OH_Usb_SelectInterfaceSetting,int32_t,"uint64_t interfaceHandle,uint8_t settingIndex","int32_t OH_Usb_SelectInterfaceSetting(uint64_t,uint8_t)"
usb/usb_ddk_api.h,197,OH_Usb_SendControlReadRequest,int32_t,"uint64_t interfaceHandle,const struct UsbControlRequestSetup * setup,uint32_t timeout,uint8_t * data,uint32_t * dataLen","int32_t OH_Usb_SendControlReadRequest(uint64_t,const struct UsbControlRequestSetup *,uint32_t,uint8_t *,uint32_t *)"
usb/usb_ddk_api.h,216,OH_Usb_SendControlWriteRequest,int32_t,"uint64_t interfaceHandle,const struct UsbControlRequestSetup * setup,uint32_t timeout,const uint8_t * data,uint32_t dataLen","int32_t OH_Usb_SendControlWriteRequest(uint64_t,const struct UsbControlRequestSetup *,uint32_t,const uint8_t *,uint32_t)"
usb/usb_ddk_api.h,233,OH_Usb_SendPipeRequest,int32_t,"const struct UsbRequestPipe * pipe,UsbDeviceMemMap * devMmap","int32_t OH_Usb_SendPipeRequest(const struct UsbRequestPipe *,UsbDeviceMemMap *)"
usb/usb_ddk_api.h,248,OH_Usb_SendPipeRequestWithAshmem,int32_t,"const struct UsbRequestPipe * pipe,DDK_Ashmem * ashmem","int32_t OH_Usb_SendPipeRequestWithAshmem(const struct UsbRequestPipe *,DDK_Ashmem *)"
web/arkweb_interface.h,79,OH_ArkWeb_GetNativeAPI,ArkWeb_AnyNativeAPI *,ArkWeb_NativeAPIVariantKind type,ArkWeb_AnyNativeAPI * OH_ArkWeb_GetNativeAPI(ArkWeb_NativeAPIVariantKind)
web/arkweb_scheme_handler.h,488,OH_ArkWebHttpBodyStream_GetPosition,uint64_t,const ArkWeb_HttpBodyStream * httpBodyStream,uint64_t OH_ArkWebHttpBodyStream_GetPosition(const ArkWeb_HttpBodyStream *)
web/arkweb_scheme_handler.h,478,OH_ArkWebHttpBodyStream_GetSize,uint64_t,const ArkWeb_HttpBodyStream * httpBodyStream,uint64_t OH_ArkWebHttpBodyStream_GetSize(const ArkWeb_HttpBodyStream *)
web/arkweb_scheme_handler.h,417,OH_ArkWebHttpBodyStream_GetUserData,void *,const ArkWeb_HttpBodyStream * httpBodyStream,void * OH_ArkWebHttpBodyStream_GetUserData(const ArkWeb_HttpBodyStream *)
web/arkweb_scheme_handler.h,449,OH_ArkWebHttpBodyStream_Init,int32_t,"ArkWeb_HttpBodyStream * httpBodyStream,ArkWeb_HttpBodyStreamInitCallback initCallback","int32_t OH_ArkWebHttpBodyStream_Init(ArkWeb_HttpBodyStream *,ArkWeb_HttpBodyStreamInitCallback)"
web/arkweb_scheme_handler.h,498,OH_ArkWebHttpBodyStream_IsChunked,bool,const ArkWeb_HttpBodyStream * httpBodyStream,bool OH_ArkWebHttpBodyStream_IsChunked(const ArkWeb_HttpBodyStream *)
web/arkweb_scheme_handler.h,512,OH_ArkWebHttpBodyStream_IsEof,bool,const ArkWeb_HttpBodyStream * httpBodyStream,bool OH_ArkWebHttpBodyStream_IsEof(const ArkWeb_HttpBodyStream *)
web/arkweb_scheme_handler.h,526,OH_ArkWebHttpBodyStream_IsInMemory,bool,const ArkWeb_HttpBodyStream * httpBodyStream,bool OH_ArkWebHttpBodyStream_IsInMemory(const ArkWeb_HttpBodyStream *)
web/arkweb_scheme_handler.h,465,OH_ArkWebHttpBodyStream_Read,void,"const ArkWeb_HttpBodyStream * httpBodyStream,uint8_t * buffer,int bufLen","void OH_ArkWebHttpBodyStream_Read(const ArkWeb_HttpBodyStream *,uint8_t *,int)"
web/arkweb_scheme_handler.h,433,OH_ArkWebHttpBodyStream_SetReadCallback,int32_t,"ArkWeb_HttpBodyStream * httpBodyStream,ArkWeb_HttpBodyStreamReadCallback readCallback","int32_t OH_ArkWebHttpBodyStream_SetReadCallback(ArkWeb_HttpBodyStream *,ArkWeb_HttpBodyStreamReadCallback)"
web/arkweb_scheme_handler.h,407,OH_ArkWebHttpBodyStream_SetUserData,int32_t,"ArkWeb_HttpBodyStream * httpBodyStream,void * userData","int32_t OH_ArkWebHttpBodyStream_SetUserData(ArkWeb_HttpBodyStream *,void *)"
web/arkweb_scheme_handler.h,284,OH_ArkWebRequestHeaderList_Destroy,void,ArkWeb_RequestHeaderList * requestHeaderList,void OH_ArkWebRequestHeaderList_Destroy(ArkWeb_RequestHeaderList *)
web/arkweb_scheme_handler.h,306,OH_ArkWebRequestHeaderList_GetHeader,void,"const ArkWeb_RequestHeaderList * requestHeaderList,int32_t index,char ** key,char ** value","void OH_ArkWebRequestHeaderList_GetHeader(const ArkWeb_RequestHeaderList *,int32_t,char **,char **)"
web/arkweb_scheme_handler.h,294,OH_ArkWebRequestHeaderList_GetSize,int32_t,const ArkWeb_RequestHeaderList * requestHeaderList,int32_t OH_ArkWebRequestHeaderList_GetSize(const ArkWeb_RequestHeaderList *)
web/arkweb_scheme_handler.h,921,OH_ArkWebResourceHandler_Destroy,int32_t,const ArkWeb_ResourceHandler * resourceHandler,int32_t OH_ArkWebResourceHandler_Destroy(const ArkWeb_ResourceHandler *)
web/arkweb_scheme_handler.h,972,OH_ArkWebResourceHandler_DidFailWithError,int32_t,"const ArkWeb_ResourceHandler * resourceHandler,ArkWeb_NetError errorCode","int32_t OH_ArkWebResourceHandler_DidFailWithError(const ArkWeb_ResourceHandler *,ArkWeb_NetError)"
web/arkweb_scheme_handler.h,960,OH_ArkWebResourceHandler_DidFinish,int32_t,const ArkWeb_ResourceHandler * resourceHandler,int32_t OH_ArkWebResourceHandler_DidFinish(const ArkWeb_ResourceHandler *)
web/arkweb_scheme_handler.h,947,OH_ArkWebResourceHandler_DidReceiveData,int32_t,"const ArkWeb_ResourceHandler * resourceHandler,const uint8_t * buffer,int64_t bufLen","int32_t OH_ArkWebResourceHandler_DidReceiveData(const ArkWeb_ResourceHandler *,const uint8_t *,int64_t)"
web/arkweb_scheme_handler.h,933,OH_ArkWebResourceHandler_DidReceiveResponse,int32_t,"const ArkWeb_ResourceHandler * resourceHandler,const ArkWeb_Response * response","int32_t OH_ArkWebResourceHandler_DidReceiveResponse(const ArkWeb_ResourceHandler *,const ArkWeb_Response *)"
web/arkweb_scheme_handler.h,537,OH_ArkWebResourceRequest_Destroy,int32_t,const ArkWeb_ResourceRequest * resourceRequest,int32_t OH_ArkWebResourceRequest_Destroy(const ArkWeb_ResourceRequest *)
web/arkweb_scheme_handler.h,374,OH_ArkWebResourceRequest_DestroyHttpBodyStream,void,ArkWeb_HttpBodyStream * httpBodyStream,void OH_ArkWebResourceRequest_DestroyHttpBodyStream(ArkWeb_HttpBodyStream *)
web/arkweb_scheme_handler.h,395,OH_ArkWebResourceRequest_GetFrameUrl,void,"const ArkWeb_ResourceRequest * resourceRequest,char ** frameUrl","void OH_ArkWebResourceRequest_GetFrameUrl(const ArkWeb_ResourceRequest *,char **)"
web/arkweb_scheme_handler.h,364,OH_ArkWebResourceRequest_GetHttpBodyStream,void,"const ArkWeb_ResourceRequest * resourceRequest,ArkWeb_HttpBodyStream ** httpBodyStream","void OH_ArkWebResourceRequest_GetHttpBodyStream(const ArkWeb_ResourceRequest *,ArkWeb_HttpBodyStream **)"
web/arkweb_scheme_handler.h,342,OH_ArkWebResourceRequest_GetMethod,void,"const ArkWeb_ResourceRequest * resourceRequest,char ** method","void OH_ArkWebResourceRequest_GetMethod(const ArkWeb_ResourceRequest *,char **)"
web/arkweb_scheme_handler.h,548,OH_ArkWebResourceRequest_GetReferrer,void,"const ArkWeb_ResourceRequest * resourceRequest,char ** referrer","void OH_ArkWebResourceRequest_GetReferrer(const ArkWeb_ResourceRequest *,char **)"
web/arkweb_scheme_handler.h,558,OH_ArkWebResourceRequest_GetRequestHeaders,void,"const ArkWeb_ResourceRequest * resourceRequest,ArkWeb_RequestHeaderList ** requestHeaderList","void OH_ArkWebResourceRequest_GetRequestHeaders(const ArkWeb_ResourceRequest *,ArkWeb_RequestHeaderList **)"
web/arkweb_scheme_handler.h,384,OH_ArkWebResourceRequest_GetResourceType,int32_t,const ArkWeb_ResourceRequest * resourceRequest,int32_t OH_ArkWebResourceRequest_GetResourceType(const ArkWeb_ResourceRequest *)
web/arkweb_scheme_handler.h,353,OH_ArkWebResourceRequest_GetUrl,void,"const ArkWeb_ResourceRequest * resourceRequest,char ** url","void OH_ArkWebResourceRequest_GetUrl(const ArkWeb_ResourceRequest *,char **)"
web/arkweb_scheme_handler.h,331,OH_ArkWebResourceRequest_GetUserData,void *,const ArkWeb_ResourceRequest * resourceRequest,void * OH_ArkWebResourceRequest_GetUserData(const ArkWeb_ResourceRequest *)
web/arkweb_scheme_handler.h,589,OH_ArkWebResourceRequest_HasGesture,bool,const ArkWeb_ResourceRequest * resourceRequest,bool OH_ArkWebResourceRequest_HasGesture(const ArkWeb_ResourceRequest *)
web/arkweb_scheme_handler.h,579,OH_ArkWebResourceRequest_IsMainFrame,bool,const ArkWeb_ResourceRequest * resourceRequest,bool OH_ArkWebResourceRequest_IsMainFrame(const ArkWeb_ResourceRequest *)
web/arkweb_scheme_handler.h,569,OH_ArkWebResourceRequest_IsRedirect,bool,const ArkWeb_ResourceRequest * resourceRequest,bool OH_ArkWebResourceRequest_IsRedirect(const ArkWeb_ResourceRequest *)
web/arkweb_scheme_handler.h,321,OH_ArkWebResourceRequest_SetUserData,int32_t,"ArkWeb_ResourceRequest * resourceRequest,void * userData","int32_t OH_ArkWebResourceRequest_SetUserData(ArkWeb_ResourceRequest *,void *)"
web/arkweb_scheme_handler.h,881,OH_ArkWebResponse_GetCharset,void,"const ArkWeb_Response * response,char ** charset","void OH_ArkWebResponse_GetCharset(const ArkWeb_Response *,char **)"
web/arkweb_scheme_handler.h,790,OH_ArkWebResponse_GetError,ArkWeb_NetError,const ArkWeb_Response * response,ArkWeb_NetError OH_ArkWebResponse_GetError(const ArkWeb_Response *)
web/arkweb_scheme_handler.h,910,OH_ArkWebResponse_GetHeaderByName,void,"const ArkWeb_Response * response,const char * name,char ** value","void OH_ArkWebResponse_GetHeaderByName(const ArkWeb_Response *,const char *,char **)"
web/arkweb_scheme_handler.h,858,OH_ArkWebResponse_GetMimeType,void,"const ArkWeb_Response * response,char ** mimeType","void OH_ArkWebResponse_GetMimeType(const ArkWeb_Response *,char **)"
web/arkweb_scheme_handler.h,812,OH_ArkWebResponse_GetStatus,int,const ArkWeb_Response * response,int OH_ArkWebResponse_GetStatus(const ArkWeb_Response *)
web/arkweb_scheme_handler.h,835,OH_ArkWebResponse_GetStatusText,void,"const ArkWeb_Response * response,char ** statusText","void OH_ArkWebResponse_GetStatusText(const ArkWeb_Response *,char **)"
web/arkweb_scheme_handler.h,768,OH_ArkWebResponse_GetUrl,void,"const ArkWeb_Response * response,char ** url","void OH_ArkWebResponse_GetUrl(const ArkWeb_Response *,char **)"
web/arkweb_scheme_handler.h,870,OH_ArkWebResponse_SetCharset,int32_t,"ArkWeb_Response * response,const char * charset","int32_t OH_ArkWebResponse_SetCharset(ArkWeb_Response *,const char *)"
web/arkweb_scheme_handler.h,780,OH_ArkWebResponse_SetError,int32_t,"ArkWeb_Response * response,ArkWeb_NetError errorCode","int32_t OH_ArkWebResponse_SetError(ArkWeb_Response *,ArkWeb_NetError)"
web/arkweb_scheme_handler.h,895,OH_ArkWebResponse_SetHeaderByName,int32_t,"ArkWeb_Response * response,const char * name,const char * value,bool overwrite","int32_t OH_ArkWebResponse_SetHeaderByName(ArkWeb_Response *,const char *,const char *,bool)"
web/arkweb_scheme_handler.h,847,OH_ArkWebResponse_SetMimeType,int32_t,"ArkWeb_Response * response,const char * mimeType","int32_t OH_ArkWebResponse_SetMimeType(ArkWeb_Response *,const char *)"
web/arkweb_scheme_handler.h,802,OH_ArkWebResponse_SetStatus,int32_t,"ArkWeb_Response * response,int status","int32_t OH_ArkWebResponse_SetStatus(ArkWeb_Response *,int)"
web/arkweb_scheme_handler.h,824,OH_ArkWebResponse_SetStatusText,int32_t,"ArkWeb_Response * response,const char * statusText","int32_t OH_ArkWebResponse_SetStatusText(ArkWeb_Response *,const char *)"
web/arkweb_scheme_handler.h,758,OH_ArkWebResponse_SetUrl,int32_t,"ArkWeb_Response * response,const char * url","int32_t OH_ArkWebResponse_SetUrl(ArkWeb_Response *,const char *)"
web/arkweb_scheme_handler.h,702,OH_ArkWebSchemeHandler_GetUserData,void *,const ArkWeb_SchemeHandler * schemeHandler,void * OH_ArkWebSchemeHandler_GetUserData(const ArkWeb_SchemeHandler *)
web/arkweb_scheme_handler.h,714,OH_ArkWebSchemeHandler_SetOnRequestStart,int32_t,"ArkWeb_SchemeHandler * schemeHandler,ArkWeb_OnRequestStart onRequestStart","int32_t OH_ArkWebSchemeHandler_SetOnRequestStart(ArkWeb_SchemeHandler *,ArkWeb_OnRequestStart)"
web/arkweb_scheme_handler.h,727,OH_ArkWebSchemeHandler_SetOnRequestStop,int32_t,"ArkWeb_SchemeHandler * schemeHandler,ArkWeb_OnRequestStop onRequestStop","int32_t OH_ArkWebSchemeHandler_SetOnRequestStop(ArkWeb_SchemeHandler *,ArkWeb_OnRequestStop)"
web/arkweb_scheme_handler.h,692,OH_ArkWebSchemeHandler_SetUserData,int32_t,"ArkWeb_SchemeHandler * schemeHandler,void * userData","int32_t OH_ArkWebSchemeHandler_SetUserData(ArkWeb_SchemeHandler *,void *)"
web/arkweb_scheme_handler.h,650,OH_ArkWebServiceWorker_ClearSchemeHandlers,int32_t,void,int32_t OH_ArkWebServiceWorker_ClearSchemeHandlers(void)
web/arkweb_scheme_handler.h,624,OH_ArkWebServiceWorker_SetSchemeHandler,bool,"const char * scheme,ArkWeb_SchemeHandler * schemeHandler","bool OH_ArkWebServiceWorker_SetSchemeHandler(const char *,ArkWeb_SchemeHandler *)"
web/arkweb_scheme_handler.h,661,OH_ArkWeb_ClearSchemeHandlers,int32_t,const char * webTag,int32_t OH_ArkWeb_ClearSchemeHandlers(const char *)
web/arkweb_scheme_handler.h,737,OH_ArkWeb_CreateResponse,void,ArkWeb_Response ** response,void OH_ArkWeb_CreateResponse(ArkWeb_Response **)
web/arkweb_scheme_handler.h,671,OH_ArkWeb_CreateSchemeHandler,void,ArkWeb_SchemeHandler ** schemeHandler,void OH_ArkWeb_CreateSchemeHandler(ArkWeb_SchemeHandler **)
web/arkweb_scheme_handler.h,746,OH_ArkWeb_DestroyResponse,void,ArkWeb_Response * response,void OH_ArkWeb_DestroyResponse(ArkWeb_Response *)
web/arkweb_scheme_handler.h,680,OH_ArkWeb_DestroySchemeHandler,void,ArkWeb_SchemeHandler * schemeHandler,void OH_ArkWeb_DestroySchemeHandler(ArkWeb_SchemeHandler *)
web/arkweb_scheme_handler.h,608,OH_ArkWeb_RegisterCustomSchemes,int32_t,"const char * scheme,int32_t option","int32_t OH_ArkWeb_RegisterCustomSchemes(const char *,int32_t)"
web/arkweb_scheme_handler.h,991,OH_ArkWeb_ReleaseByteArray,void,uint8_t * byteArray,void OH_ArkWeb_ReleaseByteArray(uint8_t *)
web/arkweb_scheme_handler.h,982,OH_ArkWeb_ReleaseString,void,char * string,void OH_ArkWeb_ReleaseString(char *)
web/arkweb_scheme_handler.h,641,OH_ArkWeb_SetSchemeHandler,bool,"const char * scheme,const char * webTag,ArkWeb_SchemeHandler * schemeHandler","bool OH_ArkWeb_SetSchemeHandler(const char *,const char *,ArkWeb_SchemeHandler *)"
web/native_interface_arkweb.h,156,OH_NativeArkWeb_GetDestroyCallback,NativeArkWeb_OnDestroyCallback,const char * webTag,NativeArkWeb_OnDestroyCallback OH_NativeArkWeb_GetDestroyCallback(const char *)
web/native_interface_arkweb.h,132,OH_NativeArkWeb_GetJavaScriptProxyValidCallback,NativeArkWeb_OnValidCallback,const char * webTag,NativeArkWeb_OnValidCallback OH_NativeArkWeb_GetJavaScriptProxyValidCallback(const char *)
web/native_interface_arkweb.h,181,OH_NativeArkWeb_LoadData,ArkWeb_ErrorCode,"const char * webTag,const char * data,const char * mimeType,const char * encoding,const char * baseUrl,const char * historyUrl","ArkWeb_ErrorCode OH_NativeArkWeb_LoadData(const char *,const char *,const char *,const char *,const char *,const char *)"
web/native_interface_arkweb.h,97,OH_NativeArkWeb_RegisterJavaScriptProxy,void,"const char * webTag,const char * objName,const char ** methodList,NativeArkWeb_OnJavaScriptProxyCallback * callback,int32_t size,bool needRefresh","void OH_NativeArkWeb_RegisterJavaScriptProxy(const char *,const char *,const char **,NativeArkWeb_OnJavaScriptProxyCallback *,int32_t,bool)"
web/native_interface_arkweb.h,82,OH_NativeArkWeb_RunJavaScript,void,"const char * webTag,const char * jsCode,NativeArkWeb_OnJavaScriptCallback callback","void OH_NativeArkWeb_RunJavaScript(const char *,const char *,NativeArkWeb_OnJavaScriptCallback)"
web/native_interface_arkweb.h,143,OH_NativeArkWeb_SetDestroyCallback,void,"const char * webTag,NativeArkWeb_OnDestroyCallback callback","void OH_NativeArkWeb_SetDestroyCallback(const char *,NativeArkWeb_OnDestroyCallback)"
web/native_interface_arkweb.h,120,OH_NativeArkWeb_SetJavaScriptProxyValidCallback,void,"const char * webTag,NativeArkWeb_OnValidCallback callback","void OH_NativeArkWeb_SetJavaScriptProxyValidCallback(const char *,NativeArkWeb_OnValidCallback)"
web/native_interface_arkweb.h,109,OH_NativeArkWeb_UnregisterJavaScriptProxy,void,"const char * webTag,const char * objName","void OH_NativeArkWeb_UnregisterJavaScriptProxy(const char *,const char *)"
window_manager/oh_display_capture.h,63,OH_NativeDisplayManager_CaptureScreenPixelmap,NativeDisplayManager_ErrorCode,"uint32_t displayId,OH_PixelmapNative ** pixelMap","NativeDisplayManager_ErrorCode OH_NativeDisplayManager_CaptureScreenPixelmap(uint32_t,OH_PixelmapNative **)"
window_manager/oh_display_manager.h,325,OH_NativeDisplayManager_CreateAllDisplays,NativeDisplayManager_ErrorCode,NativeDisplayManager_DisplaysInfo ** allDisplays,NativeDisplayManager_ErrorCode OH_NativeDisplayManager_CreateAllDisplays(NativeDisplayManager_DisplaysInfo **)
window_manager/oh_display_manager.h,205,OH_NativeDisplayManager_CreateDefaultDisplayCutoutInfo,NativeDisplayManager_ErrorCode,NativeDisplayManager_CutoutInfo ** cutoutInfo,NativeDisplayManager_ErrorCode OH_NativeDisplayManager_CreateDefaultDisplayCutoutInfo(NativeDisplayManager_CutoutInfo **)
window_manager/oh_display_manager.h,348,OH_NativeDisplayManager_CreateDisplayById,NativeDisplayManager_ErrorCode,"uint32_t displayId,NativeDisplayManager_DisplayInfo ** displayInfo","NativeDisplayManager_ErrorCode OH_NativeDisplayManager_CreateDisplayById(uint32_t,NativeDisplayManager_DisplayInfo **)"
window_manager/oh_display_manager.h,370,OH_NativeDisplayManager_CreatePrimaryDisplay,NativeDisplayManager_ErrorCode,NativeDisplayManager_DisplayInfo ** displayInfo,NativeDisplayManager_ErrorCode OH_NativeDisplayManager_CreatePrimaryDisplay(NativeDisplayManager_DisplayInfo **)
window_manager/oh_display_manager.h,335,OH_NativeDisplayManager_DestroyAllDisplays,void,NativeDisplayManager_DisplaysInfo * allDisplays,void OH_NativeDisplayManager_DestroyAllDisplays(NativeDisplayManager_DisplaysInfo *)
window_manager/oh_display_manager.h,217,OH_NativeDisplayManager_DestroyDefaultDisplayCutoutInfo,NativeDisplayManager_ErrorCode,NativeDisplayManager_CutoutInfo * cutoutInfo,NativeDisplayManager_ErrorCode OH_NativeDisplayManager_DestroyDefaultDisplayCutoutInfo(NativeDisplayManager_CutoutInfo *)
window_manager/oh_display_manager.h,358,OH_NativeDisplayManager_DestroyDisplay,void,NativeDisplayManager_DisplayInfo * displayInfo,void OH_NativeDisplayManager_DestroyDisplay(NativeDisplayManager_DisplayInfo *)
window_manager/oh_display_manager.h,145,OH_NativeDisplayManager_GetDefaultDisplayDensityDpi,NativeDisplayManager_ErrorCode,int32_t * densityDpi,NativeDisplayManager_ErrorCode OH_NativeDisplayManager_GetDefaultDisplayDensityDpi(int32_t *)
window_manager/oh_display_manager.h,157,OH_NativeDisplayManager_GetDefaultDisplayDensityPixels,NativeDisplayManager_ErrorCode,float * densityPixels,NativeDisplayManager_ErrorCode OH_NativeDisplayManager_GetDefaultDisplayDensityPixels(float *)
window_manager/oh_display_manager.h,181,OH_NativeDisplayManager_GetDefaultDisplayDensityXdpi,NativeDisplayManager_ErrorCode,float * xDpi,NativeDisplayManager_ErrorCode OH_NativeDisplayManager_GetDefaultDisplayDensityXdpi(float *)
window_manager/oh_display_manager.h,193,OH_NativeDisplayManager_GetDefaultDisplayDensityYdpi,NativeDisplayManager_ErrorCode,float * yDpi,NativeDisplayManager_ErrorCode OH_NativeDisplayManager_GetDefaultDisplayDensityYdpi(float *)
window_manager/oh_display_manager.h,83,OH_NativeDisplayManager_GetDefaultDisplayHeight,NativeDisplayManager_ErrorCode,int32_t * displayHeight,NativeDisplayManager_ErrorCode OH_NativeDisplayManager_GetDefaultDisplayHeight(int32_t *)
window_manager/oh_display_manager.h,59,OH_NativeDisplayManager_GetDefaultDisplayId,NativeDisplayManager_ErrorCode,uint64_t * displayId,NativeDisplayManager_ErrorCode OH_NativeDisplayManager_GetDefaultDisplayId(uint64_t *)
window_manager/oh_display_manager.h,108,OH_NativeDisplayManager_GetDefaultDisplayOrientation,NativeDisplayManager_ErrorCode,NativeDisplayManager_Orientation * displayOrientation,NativeDisplayManager_ErrorCode OH_NativeDisplayManager_GetDefaultDisplayOrientation(NativeDisplayManager_Orientation *)
window_manager/oh_display_manager.h,133,OH_NativeDisplayManager_GetDefaultDisplayRefreshRate,NativeDisplayManager_ErrorCode,uint32_t * refreshRate,NativeDisplayManager_ErrorCode OH_NativeDisplayManager_GetDefaultDisplayRefreshRate(uint32_t *)
window_manager/oh_display_manager.h,95,OH_NativeDisplayManager_GetDefaultDisplayRotation,NativeDisplayManager_ErrorCode,NativeDisplayManager_Rotation * displayRotation,NativeDisplayManager_ErrorCode OH_NativeDisplayManager_GetDefaultDisplayRotation(NativeDisplayManager_Rotation *)
window_manager/oh_display_manager.h,169,OH_NativeDisplayManager_GetDefaultDisplayScaledDensity,NativeDisplayManager_ErrorCode,float * scaledDensity,NativeDisplayManager_ErrorCode OH_NativeDisplayManager_GetDefaultDisplayScaledDensity(float *)
window_manager/oh_display_manager.h,121,OH_NativeDisplayManager_GetDefaultDisplayVirtualPixelRatio,NativeDisplayManager_ErrorCode,float * virtualPixels,NativeDisplayManager_ErrorCode OH_NativeDisplayManager_GetDefaultDisplayVirtualPixelRatio(float *)
window_manager/oh_display_manager.h,71,OH_NativeDisplayManager_GetDefaultDisplayWidth,NativeDisplayManager_ErrorCode,int32_t * displayWidth,NativeDisplayManager_ErrorCode OH_NativeDisplayManager_GetDefaultDisplayWidth(int32_t *)
window_manager/oh_display_manager.h,239,OH_NativeDisplayManager_GetFoldDisplayMode,NativeDisplayManager_ErrorCode,NativeDisplayManager_FoldDisplayMode * displayMode,NativeDisplayManager_ErrorCode OH_NativeDisplayManager_GetFoldDisplayMode(NativeDisplayManager_FoldDisplayMode *)
window_manager/oh_display_manager.h,227,OH_NativeDisplayManager_IsFoldable,bool,void,bool OH_NativeDisplayManager_IsFoldable(void)
window_manager/oh_display_manager.h,262,OH_NativeDisplayManager_RegisterDisplayChangeListener,NativeDisplayManager_ErrorCode,"OH_NativeDisplayManager_DisplayChangeCallback displayChangeCallback,uint32_t * listenerIndex","NativeDisplayManager_ErrorCode OH_NativeDisplayManager_RegisterDisplayChangeListener(OH_NativeDisplayManager_DisplayChangeCallback,uint32_t *)"
window_manager/oh_display_manager.h,299,OH_NativeDisplayManager_RegisterFoldDisplayModeChangeListener,NativeDisplayManager_ErrorCode,"OH_NativeDisplayManager_FoldDisplayModeChangeCallback displayModeChangeCallback,uint32_t * listenerIndex","NativeDisplayManager_ErrorCode OH_NativeDisplayManager_RegisterFoldDisplayModeChangeListener(OH_NativeDisplayManager_FoldDisplayModeChangeCallback,uint32_t *)"
window_manager/oh_display_manager.h,275,OH_NativeDisplayManager_UnregisterDisplayChangeListener,NativeDisplayManager_ErrorCode,uint32_t listenerIndex,NativeDisplayManager_ErrorCode OH_NativeDisplayManager_UnregisterDisplayChangeListener(uint32_t)
window_manager/oh_display_manager.h,313,OH_NativeDisplayManager_UnregisterFoldDisplayModeChangeListener,NativeDisplayManager_ErrorCode,uint32_t listenerIndex,NativeDisplayManager_ErrorCode OH_NativeDisplayManager_UnregisterFoldDisplayModeChangeListener(uint32_t)
window_manager/oh_window.h,108,OH_WindowManager_GetWindowAvoidArea,int32_t,"int32_t windowId,WindowManager_AvoidAreaType type,WindowManager_AvoidArea * avoidArea","int32_t OH_WindowManager_GetWindowAvoidArea(int32_t,WindowManager_AvoidAreaType,WindowManager_AvoidArea *)"
window_manager/oh_window.h,233,OH_WindowManager_GetWindowProperties,int32_t,"int32_t windowId,WindowManager_WindowProperties * windowProperties","int32_t OH_WindowManager_GetWindowProperties(int32_t,WindowManager_WindowProperties *)"
window_manager/oh_window.h,122,OH_WindowManager_IsWindowShown,int32_t,"int32_t windowId,bool * isShow","int32_t OH_WindowManager_IsWindowShown(int32_t,bool *)"
window_manager/oh_window.h,176,OH_WindowManager_SetWindowBackgroundColor,int32_t,"int32_t windowId,const char * color","int32_t OH_WindowManager_SetWindowBackgroundColor(int32_t,const char *)"
window_manager/oh_window.h,190,OH_WindowManager_SetWindowBrightness,int32_t,"int32_t windowId,float brightness","int32_t OH_WindowManager_SetWindowBrightness(int32_t,float)"
window_manager/oh_window.h,163,OH_WindowManager_SetWindowFocusable,int32_t,"int32_t windowId,bool isFocusable","int32_t OH_WindowManager_SetWindowFocusable(int32_t,bool)"
window_manager/oh_window.h,204,OH_WindowManager_SetWindowKeepScreenOn,int32_t,"int32_t windowId,bool isKeepScreenOn","int32_t OH_WindowManager_SetWindowKeepScreenOn(int32_t,bool)"
window_manager/oh_window.h,93,OH_WindowManager_SetWindowNavigationBarEnabled,int32_t,"int32_t windowId,bool enabled,bool enableAnimation","int32_t OH_WindowManager_SetWindowNavigationBarEnabled(int32_t,bool,bool)"
window_manager/oh_window.h,220,OH_WindowManager_SetWindowPrivacyMode,int32_t,"int32_t windowId,bool isPrivacy","int32_t OH_WindowManager_SetWindowPrivacyMode(int32_t,bool)"
window_manager/oh_window.h,76,OH_WindowManager_SetWindowStatusBarColor,int32_t,"int32_t windowId,int32_t color","int32_t OH_WindowManager_SetWindowStatusBarColor(int32_t,int32_t)"
window_manager/oh_window.h,61,OH_WindowManager_SetWindowStatusBarEnabled,int32_t,"int32_t windowId,bool enabled,bool enableAnimation","int32_t OH_WindowManager_SetWindowStatusBarEnabled(int32_t,bool,bool)"
window_manager/oh_window.h,149,OH_WindowManager_SetWindowTouchable,int32_t,"int32_t windowId,bool isTouchable","int32_t OH_WindowManager_SetWindowTouchable(int32_t,bool)"
window_manager/oh_window.h,135,OH_WindowManager_ShowWindow,int32_t,int32_t windowId,int32_t OH_WindowManager_ShowWindow(int32_t)
window_manager/oh_window.h,248,OH_WindowManager_Snapshot,int32_t,"int32_t windowId,OH_PixelmapNative * pixelMap","int32_t OH_WindowManager_Snapshot(int32_t,OH_PixelmapNative *)"
window_manager/oh_window_event_filter.h,66,OH_NativeWindowManager_RegisterKeyEventFilter,WindowManager_ErrorCode,"int32_t windowId,OH_NativeWindowManager_KeyEventFilter keyEventFilter","WindowManager_ErrorCode OH_NativeWindowManager_RegisterKeyEventFilter(int32_t,OH_NativeWindowManager_KeyEventFilter)"
window_manager/oh_window_event_filter.h,98,OH_NativeWindowManager_RegisterMouseEventFilter,WindowManager_ErrorCode,"int32_t windowId,OH_NativeWindowManager_MouseEventFilter mouseEventFilter","WindowManager_ErrorCode OH_NativeWindowManager_RegisterMouseEventFilter(int32_t,OH_NativeWindowManager_MouseEventFilter)"
window_manager/oh_window_event_filter.h,133,OH_NativeWindowManager_RegisterTouchEventFilter,WindowManager_ErrorCode,"int32_t windowId,OH_NativeWindowManager_TouchEventFilter touchEventFilter","WindowManager_ErrorCode OH_NativeWindowManager_RegisterTouchEventFilter(int32_t,OH_NativeWindowManager_TouchEventFilter)"
window_manager/oh_window_event_filter.h,76,OH_NativeWindowManager_UnregisterKeyEventFilter,WindowManager_ErrorCode,int32_t windowId,WindowManager_ErrorCode OH_NativeWindowManager_UnregisterKeyEventFilter(int32_t)
window_manager/oh_window_event_filter.h,111,OH_NativeWindowManager_UnregisterMouseEventFilter,WindowManager_ErrorCode,int32_t windowId,WindowManager_ErrorCode OH_NativeWindowManager_UnregisterMouseEventFilter(int32_t)
window_manager/oh_window_event_filter.h,146,OH_NativeWindowManager_UnregisterTouchEventFilter,WindowManager_ErrorCode,int32_t windowId,WindowManager_ErrorCode OH_NativeWindowManager_UnregisterTouchEventFilter(int32_t)
